{
"lengthUnit": "mil",
"components": {
	"fields": ["COMPONENT_NO", "COMPONENT_NAME", "LAYER", "X_COORDINATE", "Y_COORDINATE", "ANGLE"],
	"rows": [
		[1, "C1", "T", 2280, -340, 0],
		[2, "LED1", "T", 2280, -655, 270],
		[3, "NFC", "T", 2280, -205, 0],
		[4, "R1", "T", 2280, -460, 0]
	]
},
"pins": {
	"fields": ["PIN_NO", "PIN_NAME", "PIN_X", "PIN_Y", "LAYER", "PIN_TYPE", "NET_NAME", "NET_TYPE", "PAD_SHAPE", "PAD_SIZEX", "PAD_SIZEY", "HOLE_SIZE", "PAD_ANGLE"],
	"rows": [
		[1, "C1_1", 2252.44, -340, "T", "SMD", "$1N1261", "", "R", 31.5, 35.43, 0, 0],
		[2, "C1_2", 2307.56, -340, "T", "SMD", "$1N863", "", "R", 31.5, 35.43, 0, 0],
		[3, "LED1_1", 2280, -696.35, "T", "SMD", "$1N1255", "", "R", 39.37, 55.1, 0, 90],
		[4, "LED1_2", 2280, -613.65, "T", "SMD", "$1N1261", "", "R", 39.37, 55.1, 0, 90],
		[5, "NFC_1", 2256.38, -185.32, "T", "SMD", "$1N880", "", "R", 15.75, 11.02, 0, 0],
		[6, "NFC_2", 2256.38, -205, "T", "SMD", "$1N1261", "", "R", 15.75, 8.66, 0, 0],
		[7, "NFC_3", 2256.38, -224.68, "T", "SMD", "NFC_3", "", "R", 15.75, 8.66, 0, 0],
		[8, "NFC_4", 2280, -228.62, "T", "SMD", "NFC_4", "", "R", 15.75, 8.66, 0, 90],
		[9, "NFC_5", 2303.62, -224.69, "T", "SMD", "NFC_5", "", "R", 15.75, 8.66, 0, 0],
		[10, "NFC_6", 2303.62, -205, "T", "SMD", "$1N863", "", "R", 15.75, 8.66, 0, 0],
		[11, "NFC_7", 2303.62, -185.32, "T", "SMD", "$1N863", "", "R", 15.75, 8.66, 0, 0],
		[12, "NFC_8", 2280, -181.38, "T", "SMD", "$1N1158", "", "R", 15.75, 8.66, 0, 90],
		[13, "R1_1", 2250.34, -460, "T", "SMD", "$1N1255", "", "R", 31.75, 34.02, 0, 0],
		[14, "R1_2", 2309.66, -460, "T", "SMD", "$1N863", "", "R", 31.75, 34.02, 0, 180]
	]
}
}