{
"lengthUnit": "mil",
"components": {
	"fields": ["COMPONENT_NO", "COMPONENT_NAME", "LAYER", "X_COORDINATE", "Y_COORDINATE", "ANGLE"],
	"rows": [
		[1, "BT1", "T", 1650, -2030, 90],
		[2, "BT2", "T", -455, -2035, 270],
		[3, "C1", "T", 945, -640, 0],
		[4, "C2", "T", 65, -1875, 90],
		[5, "C3", "T", 370, -1920, 180],
		[6, "C4", "T", 935, -1185, 0],
		[7, "C5", "T", 380, -810, 0],
		[8, "C6", "T", 500, -1235, 270],
		[9, "C7", "T", 635, -1725, 180],
		[10, "C8", "T", 725, -1235, 270],
		[11, "C9", "T", 550, -1235, 270],
		[12, "C10", "T", 775, -1235, 90],
		[13, "C11", "T", 275, -1370, 0],
		[14, "C12", "T", 835, -1535, 180],
		[15, "C13", "T", 290.81, -1534.81, 0],
		[16, "C14", "T", 561.43, -1745.05, 90],
		[17, "C15", "T", 865, -1340, 180],
		[18, "C16", "T", 860, -1280, 180],
		[19, "C17", "T", 1149.62, -1174.81, 0],
		[20, "D1", "T", 735, -855, 90],
		[21, "OLED1", "T", 580, -2435, 0],
		[22, "R1", "T", 225, -800, 90],
		[23, "R2", "T", 120, -760, 90],
		[24, "R3", "T", 603.87, -1226.94, 90],
		[25, "R4", "T", 665, -1225, 90],
		[26, "R5", "T", 515, -1780, 270],
		[27, "R6", "T", 1155, -1345, 0],
		[28, "R7", "T", 1156.56, -1257.51, 180],
		[29, "SW1", "T", 2100, -3825, 0],
		[30, "SW2", "T", 805, -3825, 0],
		[31, "U1", "T", 945, -860, 270],
		[32, "U2", "T", 260, -980, 270],
		[33, "U3", "T", 563.45, -1497.21, 0],
		[34, "U4", "T", 210, -1955, 0],
		[35, "USB1", "T", 600, -600, 180],
		[36, "PAD1", "T", 230, -635, 0],
		[37, "PAD1", "B", 230, -635, 0],
		[38, "PAD2", "T", 230, -535, 0],
		[39, "PAD2", "B", 230, -535, 0],
		[40, "PAD3", "T", -1225, -610, 0],
		[41, "PAD3", "B", -1225, -610, 0],
		[42, "PAD4", "T", -1225, -710, 0],
		[43, "PAD4", "B", -1225, -710, 0],
		[44, "PAD5", "T", -1225, -910, 0],
		[45, "PAD5", "B", -1225, -910, 0],
		[46, "PAD6", "T", -1225, -810, 0],
		[47, "PAD6", "B", -1225, -810, 0],
		[48, "PAD7", "T", -1225, -1010, 0],
		[49, "PAD7", "B", -1225, -1010, 0],
		[50, "PAD8", "T", -1225, -1110, 0],
		[51, "PAD8", "B", -1225, -1110, 0],
		[52, "PAD9", "T", -1225, -1210, 0],
		[53, "PAD9", "B", -1225, -1210, 0],
		[54, "PAD10", "T", -1225, -1310, 0],
		[55, "PAD10", "B", -1225, -1310, 0],
		[56, "PAD11", "T", -1225, -1410, 0],
		[57, "PAD11", "B", -1225, -1410, 0],
		[58, "PAD12", "T", -1225, -1510, 0],
		[59, "PAD12", "B", -1225, -1510, 0],
		[60, "PAD13", "T", -1225, -1610, 0],
		[61, "PAD13", "B", -1225, -1610, 0],
		[62, "PAD14", "T", -1225, -1710, 0],
		[63, "PAD14", "B", -1225, -1710, 0],
		[64, "PAD15", "T", -1225, -2310, 0],
		[65, "PAD15", "B", -1225, -2310, 0],
		[66, "PAD16", "T", -1225, -2210, 0],
		[67, "PAD16", "B", -1225, -2210, 0],
		[68, "PAD17", "T", -1225, -2110, 0],
		[69, "PAD17", "B", -1225, -2110, 0],
		[70, "PAD18", "T", -1225, -2010, 0],
		[71, "PAD18", "B", -1225, -2010, 0],
		[72, "PAD19", "T", -1225, -1910, 0],
		[73, "PAD19", "B", -1225, -1910, 0],
		[74, "PAD20", "T", -1225, -1810, 0],
		[75, "PAD20", "B", -1225, -1810, 0],
		[76, "PAD21", "T", 2415, -610, 0],
		[77, "PAD21", "B", 2415, -610, 0],
		[78, "PAD22", "T", 2415, -710, 0],
		[79, "PAD22", "B", 2415, -710, 0],
		[80, "PAD23", "T", 2415, -810, 0],
		[81, "PAD23", "B", 2415, -810, 0],
		[82, "PAD24", "T", 2415, -910, 0],
		[83, "PAD24", "B", 2415, -910, 0],
		[84, "PAD25", "T", 2415, -1010, 0],
		[85, "PAD25", "B", 2415, -1010, 0],
		[86, "PAD26", "T", 2415, -1110, 0],
		[87, "PAD26", "B", 2415, -1110, 0],
		[88, "PAD27", "T", 2415, -1210, 0],
		[89, "PAD27", "B", 2415, -1210, 0],
		[90, "PAD28", "T", 2415, -1310, 0],
		[91, "PAD28", "B", 2415, -1310, 0],
		[92, "PAD29", "T", 2415, -1410, 0],
		[93, "PAD29", "B", 2415, -1410, 0],
		[94, "PAD30", "T", 2415, -1510, 0],
		[95, "PAD30", "B", 2415, -1510, 0],
		[96, "PAD31", "T", 2415, -1610, 0],
		[97, "PAD31", "B", 2415, -1610, 0],
		[98, "PAD32", "T", 2415, -1710, 0],
		[99, "PAD32", "B", 2415, -1710, 0],
		[100, "PAD33", "T", 2415, -1810, 0],
		[101, "PAD33", "B", 2415, -1810, 0],
		[102, "PAD34", "T", 2415, -1910, 0],
		[103, "PAD34", "B", 2415, -1910, 0],
		[104, "PAD35", "T", 2415, -2010, 0],
		[105, "PAD35", "B", 2415, -2010, 0],
		[106, "PAD36", "T", 2415, -2110, 0],
		[107, "PAD36", "B", 2415, -2110, 0],
		[108, "PAD37", "T", 2415, -2210, 0],
		[109, "PAD37", "B", 2415, -2210, 0],
		[110, "PAD38", "T", 2415, -2310, 0],
		[111, "PAD38", "B", 2415, -2310, 0],
		[112, "PAD39", "T", 2415, -2408.48, 0],
		[113, "PAD39", "B", 2415, -2408.48, 0],
		[114, "PAD40", "T", 2415, -2510, 0],
		[115, "PAD40", "B", 2415, -2510, 0],
		[116, "PAD41", "T", -1180, -3840, 0],
		[117, "PAD41", "B", -1180, -3840, 0],
		[118, "PAD42", "T", -1180, -3940, 0],
		[119, "PAD42", "B", -1180, -3940, 0],
		[120, "PAD43", "T", -1180, -4040, 0],
		[121, "PAD43", "B", -1180, -4040, 0],
		[122, "PAD44", "T", -1180, -4140, 0],
		[123, "PAD44", "B", -1180, -4140, 0],
		[124, "PAD45", "T", -1190, -3420, 0],
		[125, "PAD45", "B", -1190, -3420, 0],
		[126, "PAD46", "T", -1190, -3520, 0],
		[127, "PAD46", "B", -1190, -3520, 0],
		[128, "PAD47", "T", -1180, -3165, 0],
		[129, "PAD47", "B", -1180, -3165, 0],
		[130, "PAD48", "T", -1180, -3065, 0],
		[131, "PAD48", "B", -1180, -3065, 0]
	]
},
"pins": {
	"fields": ["PIN_NO", "PIN_NAME", "PIN_X", "PIN_Y", "LAYER", "PIN_TYPE", "NET_NAME", "NET_TYPE", "PAD_SHAPE", "PAD_SIZEX", "PAD_SIZEY", "HOLE_SIZE", "PAD_ANGLE"],
	"rows": [
		[1, "BT1_1", 1650, -3407.95, "T", "DIP", "$9N165", "", "O", 70.87, 259.84, 220.47, 90],
		[2, "BT1_1", 1650, -3407.95, "B", "DIP", "$9N165", "", "O", 70.87, 259.84, 220.47, 90],
		[3, "BT1_2", 1650, -652.05, "T", "DIP", "$9N908", "", "O", 70.87, 259.84, 220.47, 90],
		[4, "BT1_2", 1650, -652.05, "B", "DIP", "$9N908", "", "O", 70.87, 259.84, 220.47, 90],
		[5, "BT2_1", -455, -657.05, "T", "DIP", "GND", "GND", "O", 70.87, 259.84, 220.47, 270],
		[6, "BT2_1", -455, -657.05, "B", "DIP", "GND", "GND", "O", 70.87, 259.84, 220.47, 270],
		[7, "BT2_2", -455, -3412.95, "T", "DIP", "$9N165", "", "O", 70.87, 259.84, 220.47, 270],
		[8, "BT2_2", -455, -3412.95, "B", "DIP", "$9N165", "", "O", 70.87, 259.84, 220.47, 270],
		[9, "C1_1", 917.44, -640, "T", "SMD", "+7.4V", "", "R", 31.5, 35.43, 0, 0],
		[10, "C1_2", 972.56, -640, "T", "SMD", "GND", "GND", "R", 31.5, 35.43, 0, 0],
		[11, "C2_1", 65, -1902.56, "T", "SMD", "XIN", "", "R", 31.5, 35.43, 0, 90],
		[12, "C2_2", 65, -1847.44, "T", "SMD", "GND", "GND", "R", 31.5, 35.43, 0, 90],
		[13, "C3_1", 397.56, -1920, "T", "SMD", "GND", "GND", "R", 31.5, 35.43, 0, 180],
		[14, "C3_2", 342.44, -1920, "T", "SMD", "$1N6417", "", "R", 31.5, 35.43, 0, 180],
		[15, "C4_1", 907.44, -1185, "T", "SMD", "VCC", "", "R", 31.5, 35.43, 0, 0],
		[16, "C4_2", 962.56, -1185, "T", "SMD", "GND", "GND", "R", 31.5, 35.43, 0, 0],
		[17, "C5_1", 358.54, -810, "T", "SMD", "GND", "GND", "R", 31.11, 21.26, 0, 0],
		[18, "C5_2", 401.46, -810, "T", "SMD", "VCC", "", "R", 31.11, 21.26, 0, 0],
		[19, "C6_1", 500, -1213.54, "T", "SMD", "GND", "GND", "R", 31.11, 21.26, 0, 270],
		[20, "C6_2", 500, -1256.46, "T", "SMD", "1.1V", "", "R", 31.11, 21.26, 0, 270],
		[21, "C7_1", 656.46, -1725, "T", "SMD", "GND", "GND", "R", 31.11, 21.26, 0, 180],
		[22, "C7_2", 613.54, -1725, "T", "SMD", "1.1V", "", "R", 31.11, 21.26, 0, 180],
		[23, "C8_1", 725, -1213.54, "T", "SMD", "GND", "GND", "R", 31.11, 21.26, 0, 270],
		[24, "C8_2", 725, -1256.46, "T", "SMD", "1.1V", "", "R", 31.11, 21.26, 0, 270],
		[25, "C9_1", 550, -1213.54, "T", "SMD", "GND", "GND", "R", 31.11, 21.26, 0, 270],
		[26, "C9_2", 550, -1256.46, "T", "SMD", "VCC", "", "R", 31.11, 21.26, 0, 270],
		[27, "C10_1", 775, -1256.46, "T", "SMD", "VCC", "", "R", 31.11, 21.26, 0, 90],
		[28, "C10_2", 775, -1213.54, "T", "SMD", "GND", "GND", "R", 31.11, 21.26, 0, 90],
		[29, "C11_1", 253.54, -1370, "T", "SMD", "GND", "GND", "R", 31.11, 21.26, 0, 0],
		[30, "C11_2", 296.46, -1370, "T", "SMD", "VCC", "", "R", 31.11, 21.26, 0, 0],
		[31, "C12_1", 856.46, -1535, "T", "SMD", "GND", "GND", "R", 31.11, 21.26, 0, 180],
		[32, "C12_2", 813.54, -1535, "T", "SMD", "VCC", "", "R", 31.11, 21.26, 0, 180],
		[33, "C13_1", 269.35, -1534.81, "T", "SMD", "GND", "GND", "R", 31.11, 21.26, 0, 0],
		[34, "C13_2", 312.26, -1534.81, "T", "SMD", "VCC", "", "R", 31.11, 21.26, 0, 0],
		[35, "C14_1", 561.43, -1766.51, "T", "SMD", "GND", "GND", "R", 31.11, 21.26, 0, 90],
		[36, "C14_2", 561.43, -1723.59, "T", "SMD", "VCC", "", "R", 31.11, 21.26, 0, 90],
		[37, "C15_1", 886.46, -1340, "T", "SMD", "GND", "GND", "R", 31.11, 21.26, 0, 180],
		[38, "C15_2", 843.54, -1340, "T", "SMD", "VCC", "", "R", 31.11, 21.26, 0, 180],
		[39, "C16_1", 881.46, -1280, "T", "SMD", "GND", "GND", "R", 31.11, 21.26, 0, 180],
		[40, "C16_2", 838.54, -1280, "T", "SMD", "VCC", "", "R", 31.11, 21.26, 0, 180],
		[41, "C17_1", 1122.06, -1174.81, "T", "SMD", "GPIO26_ADC0", "", "R", 31.5, 35.43, 0, 0],
		[42, "C17_2", 1177.18, -1174.81, "T", "SMD", "GND", "GND", "R", 31.5, 35.43, 0, 0],
		[43, "D1_1", 735, -941.61, "T", "SMD", "+7.4V", "", "R", 78.74, 78.74, 0, 270],
		[44, "D1_2", 735, -768.39, "T", "SMD", "+5V", "", "R", 78.74, 78.74, 0, 270],
		[45, "OLED1_1", 430, -2435, "T", "DIP", "GND", "GND", "C", 70.87, 70.87, 41.34, 0],
		[46, "OLED1_1", 430, -2435, "B", "DIP", "GND", "GND", "C", 70.87, 70.87, 41.34, 0],
		[47, "OLED1_2", 530, -2435, "T", "DIP", "$1N12318", "", "C", 70.87, 70.87, 41.34, 0],
		[48, "OLED1_2", 530, -2435, "B", "DIP", "$1N12318", "", "C", 70.87, 70.87, 41.34, 0],
		[49, "OLED1_3", 630, -2435, "T", "DIP", "GPIO1", "", "C", 70.87, 70.87, 41.34, 0],
		[50, "OLED1_3", 630, -2435, "B", "DIP", "GPIO1", "", "C", 70.87, 70.87, 41.34, 0],
		[51, "OLED1_4", 730, -2435, "T", "DIP", "GPIO0", "", "C", 70.87, 70.87, 41.34, 0],
		[52, "OLED1_4", 730, -2435, "B", "DIP", "GPIO0", "", "C", 70.87, 70.87, 41.34, 0],
		[53, "R1_1", 225, -829.66, "T", "SMD", "QSPI_SS", "", "R", 31.75, 34.02, 0, 90],
		[54, "R1_2", 225, -770.34, "T", "SMD", "$1N11298", "", "R", 31.75, 34.02, 0, 90],
		[55, "R2_1", 120, -789.66, "T", "SMD", "QSPI_SS", "", "R", 31.75, 34.02, 0, 90],
		[56, "R2_2", 120, -730.34, "T", "SMD", "VCC", "", "R", 31.75, 34.02, 0, 90],
		[57, "R3_1", 603.87, -1256.6, "T", "SMD", "$1N6196", "", "R", 31.75, 34.02, 0, 90],
		[58, "R3_2", 603.87, -1197.28, "T", "SMD", "USB_D+", "", "R", 31.75, 34.02, 0, 90],
		[59, "R4_1", 665, -1254.66, "T", "SMD", "$1N6225", "", "R", 31.75, 34.02, 0, 90],
		[60, "R4_2", 665, -1195.34, "T", "SMD", "USB_D-", "", "R", 31.75, 34.02, 0, 90],
		[61, "R5_1", 515, -1750.34, "T", "SMD", "XOUT", "", "R", 31.75, 34.02, 0, 270],
		[62, "R5_2", 515, -1809.66, "T", "SMD", "$1N6417", "", "R", 31.75, 34.02, 0, 270],
		[63, "R6_1", 1125.34, -1345, "T", "SMD", "GPIO26_ADC0", "", "R", 31.75, 34.02, 0, 0],
		[64, "R6_2", 1184.66, -1345, "T", "SMD", "+7.4V", "", "R", 31.75, 34.02, 0, 0],
		[65, "R7_1", 1186.22, -1257.51, "T", "SMD", "GND", "GND", "R", 31.75, 34.02, 0, 180],
		[66, "R7_2", 1126.9, -1257.51, "T", "SMD", "GPIO26_ADC0", "", "R", 31.75, 34.02, 0, 180],
		[67, "SW1_1", 2288.97, -3643.89, "T", "DIP", "$9N908", "", "R", 102.36, 102.36, 70.87, 180],
		[68, "SW1_1", 2288.97, -3643.89, "B", "DIP", "$9N908", "", "R", 102.36, 102.36, 70.87, 180],
		[69, "SW1_2", 2099.99, -3643.89, "T", "DIP", "+7.4V", "", "C", 102.36, 102.36, 70.87, 180],
		[70, "SW1_2", 2099.99, -3643.89, "B", "DIP", "+7.4V", "", "C", 102.36, 102.36, 70.87, 180],
		[71, "SW1_3", 1911.02, -3643.89, "T", "DIP", "SW1_3", "", "C", 102.36, 102.36, 70.87, 180],
		[72, "SW1_3", 1911.02, -3643.89, "B", "DIP", "SW1_3", "", "C", 102.36, 102.36, 70.87, 180],
		[73, "SW1_4", 1838.18, -4006.11, "T", "DIP", "SW1_4", "", "C", 82.68, 82.68, 59.06, 180],
		[74, "SW1_4", 1838.18, -4006.11, "B", "DIP", "SW1_4", "", "C", 82.68, 82.68, 59.06, 180],
		[75, "SW1_4", 2361.82, -4006.11, "T", "DIP", "SW1_A_4", "", "C", 82.68, 82.68, 59.06, 180],
		[76, "SW1_4", 2361.82, -4006.11, "B", "DIP", "SW1_A_4", "", "C", 82.68, 82.68, 59.06, 180],
		[77, "SW2_1", 993.98, -3643.89, "T", "DIP", "VCC", "", "R", 102.36, 102.36, 70.87, 180],
		[78, "SW2_1", 993.98, -3643.89, "B", "DIP", "VCC", "", "R", 102.36, 102.36, 70.87, 180],
		[79, "SW2_2", 805, -3643.89, "T", "DIP", "$1N12318", "", "C", 102.36, 102.36, 70.87, 180],
		[80, "SW2_2", 805, -3643.89, "B", "DIP", "$1N12318", "", "C", 102.36, 102.36, 70.87, 180],
		[81, "SW2_3", 616.02, -3643.89, "T", "DIP", "SW2_3", "", "C", 102.36, 102.36, 70.87, 180],
		[82, "SW2_3", 616.02, -3643.89, "B", "DIP", "SW2_3", "", "C", 102.36, 102.36, 70.87, 180],
		[83, "SW2_4", 543.18, -4006.11, "T", "DIP", "SW2_4", "", "C", 82.68, 82.68, 59.06, 180],
		[84, "SW2_4", 543.18, -4006.11, "B", "DIP", "SW2_4", "", "C", 82.68, 82.68, 59.06, 180],
		[85, "SW2_4", 1066.82, -4006.11, "T", "DIP", "SW2_A_4", "", "C", 82.68, 82.68, 59.06, 180],
		[86, "SW2_4", 1066.82, -4006.11, "B", "DIP", "SW2_A_4", "", "C", 82.68, 82.68, 59.06, 180],
		[87, "U1_1", 1034.48, -730.39, "T", "SMD", "GND", "GND", "R", 110.24, 51.18, 0, 270],
		[88, "U1_2", 945, -989.61, "T", "SMD", "VCC", "", "R", 255.91, 236.22, 0, 270],
		[89, "U1_3", 855.52, -730.39, "T", "SMD", "+7.4V", "", "R", 110.24, 51.18, 0, 270],
		[90, "U2_1", 121.02, -905, "T", "SMD", "QSPI_SS", "", "O", 24.8, 88.58, 0, 270],
		[91, "U2_2", 121.02, -955, "T", "SMD", "QSPI_SD1", "", "O", 24.8, 88.58, 0, 270],
		[92, "U2_3", 121.02, -1005, "T", "SMD", "QSPI_SD2", "", "O", 24.8, 88.58, 0, 270],
		[93, "U2_4", 121.02, -1055, "T", "SMD", "GND", "GND", "O", 24.8, 88.58, 0, 270],
		[94, "U2_5", 398.98, -1055, "T", "SMD", "QSPI_SD0", "", "O", 24.8, 88.58, 0, 270],
		[95, "U2_6", 398.98, -1005, "T", "SMD", "QSPI_SCLK", "", "O", 24.8, 88.58, 0, 270],
		[96, "U2_7", 398.98, -955, "T", "SMD", "QSPI_SD3", "", "O", 24.8, 88.58, 0, 270],
		[97, "U2_8", 398.98, -905, "T", "SMD", "VCC", "", "O", 24.8, 88.58, 0, 270],
		[98, "U3_1", 423.68, -1394.84, "T", "SMD", "VCC", "", "R", 43.31, 7.87, 0, 0],
		[99, "U3_2", 423.68, -1410.59, "T", "SMD", "GPIO0", "", "R", 43.31, 7.87, 0, 0],
		[100, "U3_3", 423.68, -1426.34, "T", "SMD", "GPIO1", "", "R", 43.31, 7.87, 0, 0],
		[101, "U3_4", 423.68, -1442.09, "T", "SMD", "GPIO2", "", "R", 43.31, 7.87, 0, 0],
		[102, "U3_5", 423.68, -1457.83, "T", "SMD", "GPIO3", "", "R", 43.31, 7.87, 0, 0],
		[103, "U3_6", 423.68, -1473.58, "T", "SMD", "GPIO4", "", "R", 43.31, 7.87, 0, 0],
		[104, "U3_7", 423.68, -1489.33, "T", "SMD", "GPIO5", "", "R", 43.31, 7.87, 0, 0],
		[105, "U3_8", 423.68, -1505.08, "T", "SMD", "GPIO6", "", "R", 43.31, 7.87, 0, 0],
		[106, "U3_9", 423.68, -1520.83, "T", "SMD", "GPIO7", "", "R", 43.31, 7.87, 0, 0],
		[107, "U3_10", 423.68, -1536.57, "T", "SMD", "VCC", "", "R", 43.31, 7.87, 0, 0],
		[108, "U3_11", 423.68, -1552.32, "T", "SMD", "GPIO8", "", "R", 43.31, 7.87, 0, 0],
		[109, "U3_12", 423.68, -1568.07, "T", "SMD", "GPIO9", "", "R", 43.31, 7.87, 0, 0],
		[110, "U3_13", 423.68, -1583.82, "T", "SMD", "GPIO10", "", "R", 43.31, 7.87, 0, 0],
		[111, "U3_14", 423.68, -1599.57, "T", "SMD", "GPIO11", "", "R", 43.31, 7.87, 0, 0],
		[112, "U3_15", 461.09, -1636.97, "T", "SMD", "GPIO12", "", "R", 43.31, 7.87, 0, 90],
		[113, "U3_16", 476.83, -1636.97, "T", "SMD", "GPIO13", "", "R", 43.31, 7.87, 0, 90],
		[114, "U3_17", 492.58, -1636.97, "T", "SMD", "GPIO14", "", "R", 43.31, 7.87, 0, 90],
		[115, "U3_18", 508.33, -1636.97, "T", "SMD", "GPIO15", "", "R", 43.31, 7.87, 0, 90],
		[116, "U3_19", 524.08, -1636.97, "T", "SMD", "GND", "GND", "R", 43.31, 7.87, 0, 90],
		[117, "U3_20", 539.83, -1636.97, "T", "SMD", "XIN", "", "R", 43.31, 7.87, 0, 90],
		[118, "U3_21", 555.57, -1636.97, "T", "SMD", "XOUT", "", "R", 43.31, 7.87, 0, 90],
		[119, "U3_22", 571.32, -1636.97, "T", "SMD", "VCC", "", "R", 43.31, 7.87, 0, 90],
		[120, "U3_23", 587.07, -1636.97, "T", "SMD", "1.1V", "", "R", 43.31, 7.87, 0, 90],
		[121, "U3_24", 602.82, -1636.97, "T", "SMD", "SWCLK", "", "R", 43.31, 7.87, 0, 90],
		[122, "U3_25", 618.57, -1636.97, "T", "SMD", "SWD", "", "R", 43.31, 7.87, 0, 90],
		[123, "U3_26", 634.31, -1636.97, "T", "SMD", "RUN", "", "R", 43.31, 7.87, 0, 90],
		[124, "U3_27", 650.06, -1636.97, "T", "SMD", "GPIO16", "", "R", 43.31, 7.87, 0, 90],
		[125, "U3_28", 665.81, -1636.97, "T", "SMD", "GPIO17", "", "R", 43.31, 7.87, 0, 90],
		[126, "U3_29", 703.22, -1599.57, "T", "SMD", "GPIO18", "", "R", 43.31, 7.87, 0, 180],
		[127, "U3_30", 703.22, -1583.82, "T", "SMD", "GPIO19", "", "R", 43.31, 7.87, 0, 180],
		[128, "U3_31", 703.22, -1568.07, "T", "SMD", "GPIO20", "", "R", 43.31, 7.87, 0, 180],
		[129, "U3_32", 703.22, -1552.32, "T", "SMD", "GPIO21", "", "R", 43.31, 7.87, 0, 180],
		[130, "U3_33", 703.22, -1536.57, "T", "SMD", "VCC", "", "R", 43.31, 7.87, 0, 180],
		[131, "U3_34", 703.22, -1520.83, "T", "SMD", "GPIO22", "", "R", 43.31, 7.87, 0, 180],
		[132, "U3_35", 703.22, -1505.08, "T", "SMD", "GPIO23", "", "R", 43.31, 7.87, 0, 180],
		[133, "U3_36", 703.22, -1489.33, "T", "SMD", "GPIO24", "", "R", 43.31, 7.87, 0, 180],
		[134, "U3_37", 703.22, -1473.58, "T", "SMD", "GPIO25", "", "R", 43.31, 7.87, 0, 180],
		[135, "U3_38", 703.22, -1457.83, "T", "SMD", "GPIO26_ADC0", "", "R", 43.31, 7.87, 0, 180],
		[136, "U3_39", 703.22, -1442.09, "T", "SMD", "GPIO27_ADC1", "", "R", 43.31, 7.87, 0, 180],
		[137, "U3_40", 703.22, -1426.34, "T", "SMD", "GPIO28_ADC2", "", "R", 43.31, 7.87, 0, 180],
		[138, "U3_41", 703.22, -1410.59, "T", "SMD", "GPIO29_ADC3", "", "R", 43.31, 7.87, 0, 180],
		[139, "U3_42", 703.22, -1394.84, "T", "SMD", "VCC", "", "R", 43.31, 7.87, 0, 180],
		[140, "U3_43", 665.81, -1357.44, "T", "SMD", "VCC", "", "R", 43.31, 7.87, 0, 270],
		[141, "U3_44", 650.06, -1357.44, "T", "SMD", "VCC", "", "R", 43.31, 7.87, 0, 270],
		[142, "U3_45", 634.31, -1357.44, "T", "SMD", "1.1V", "", "R", 43.31, 7.87, 0, 270],
		[143, "U3_46", 618.57, -1357.44, "T", "SMD", "$1N6225", "", "R", 43.31, 7.87, 0, 270],
		[144, "U3_47", 602.82, -1357.44, "T", "SMD", "$1N6196", "", "R", 43.31, 7.87, 0, 270],
		[145, "U3_48", 587.07, -1357.44, "T", "SMD", "VCC", "", "R", 43.31, 7.87, 0, 270],
		[146, "U3_49", 571.32, -1357.44, "T", "SMD", "VCC", "", "R", 43.31, 7.87, 0, 270],
		[147, "U3_50", 555.57, -1357.44, "T", "SMD", "1.1V", "", "R", 43.31, 7.87, 0, 270],
		[148, "U3_51", 539.83, -1357.44, "T", "SMD", "QSPI_SD3", "", "R", 43.31, 7.87, 0, 270],
		[149, "U3_52", 524.08, -1357.44, "T", "SMD", "QSPI_SCLK", "", "R", 43.31, 7.87, 0, 270],
		[150, "U3_53", 508.33, -1357.44, "T", "SMD", "QSPI_SD0", "", "R", 43.31, 7.87, 0, 270],
		[151, "U3_54", 492.58, -1357.44, "T", "SMD", "QSPI_SD2", "", "R", 43.31, 7.87, 0, 270],
		[152, "U3_55", 476.83, -1357.44, "T", "SMD", "QSPI_SD1", "", "R", 43.31, 7.87, 0, 270],
		[153, "U3_56", 461.09, -1357.44, "T", "SMD", "QSPI_SS", "", "R", 43.31, 7.87, 0, 270],
		[154, "U3_57", 563.45, -1497.2, "T", "SMD", "GND", "GND", "R", 122.05, 122.05, 0, 0],
		[155, "U4_1", 166.69, -1988.46, "T", "SMD", "XIN", "", "R", 55.12, 47.24, 0, 0],
		[156, "U4_2", 253.31, -1988.46, "T", "SMD", "GND", "GND", "R", 55.12, 47.24, 0, 0],
		[157, "U4_3", 253.31, -1921.54, "T", "SMD", "$1N6417", "", "R", 55.12, 47.24, 0, 0],
		[158, "U4_4", 166.69, -1921.54, "T", "SMD", "GND", "GND", "R", 55.12, 47.24, 0, 0],
		[159, "USB1_1", 651.18, -656.6, "T", "SMD", "+5V", "", "R", 15.75, 53.15, 0, 180],
		[160, "USB1_2", 625.59, -656.6, "T", "SMD", "USB_D-", "", "R", 15.75, 53.15, 0, 180],
		[161, "USB1_3", 600, -656.6, "T", "SMD", "USB_D+", "", "R", 15.75, 53.15, 0, 180],
		[162, "USB1_4", 574.41, -656.6, "T", "SMD", "USB1_4", "", "R", 15.75, 53.15, 0, 180],
		[163, "USB1_5", 548.82, -656.6, "T", "SMD", "GND", "GND", "R", 15.75, 53.15, 0, 180],
		[164, "USB1_6", 462.2, -643.8, "T", "SMD", "GND", "GND", "R", 82.68, 62.99, 0, 180],
		[165, "USB1_6", 737.8, -643.8, "T", "SMD", "GND", "GND", "R", 82.68, 62.99, 0, 180],
		[166, "USB1_6", 473.03, -543.4, "T", "DIP", "GND", "GND", "O", 82.68, 55.12, 55.12, 270],
		[167, "USB1_6", 473.03, -543.4, "B", "DIP", "GND", "GND", "O", 82.68, 55.12, 55.12, 270],
		[168, "USB1_6", 726.97, -543.4, "T", "DIP", "GND", "GND", "O", 82.68, 55.12, 55.12, 270],
		[169, "USB1_6", 726.97, -543.4, "B", "DIP", "GND", "GND", "O", 82.68, 55.12, 55.12, 270],
		[170, "PAD1_2", 230, -635, "T", "DIP", "$1N11298", "", "C", 60, 60, 36, 0],
		[171, "PAD1_2", 230, -635, "B", "DIP", "$1N11298", "", "C", 60, 60, 36, 0],
		[172, "PAD2_1", 230, -535, "T", "DIP", "GND", "GND", "C", 60, 60, 36, 0],
		[173, "PAD2_1", 230, -535, "B", "DIP", "GND", "GND", "C", 60, 60, 36, 0],
		[174, "PAD3_1", -1225, -610, "T", "DIP", "VCC", "", "C", 60, 60, 36, 0],
		[175, "PAD3_1", -1225, -610, "B", "DIP", "VCC", "", "C", 60, 60, 36, 0],
		[176, "PAD4_2", -1225, -710, "T", "DIP", "GPIO0", "", "C", 60, 60, 36, 0],
		[177, "PAD4_2", -1225, -710, "B", "DIP", "GPIO0", "", "C", 60, 60, 36, 0],
		[178, "PAD5_3", -1225, -910, "T", "DIP", "GPIO2", "", "C", 60, 60, 36, 0],
		[179, "PAD5_3", -1225, -910, "B", "DIP", "GPIO2", "", "C", 60, 60, 36, 0],
		[180, "PAD6_1", -1225, -810, "T", "DIP", "GPIO1", "", "C", 60, 60, 36, 0],
		[181, "PAD6_1", -1225, -810, "B", "DIP", "GPIO1", "", "C", 60, 60, 36, 0],
		[182, "PAD7_1", -1225, -1010, "T", "DIP", "GPIO3", "", "C", 60, 60, 36, 0],
		[183, "PAD7_1", -1225, -1010, "B", "DIP", "GPIO3", "", "C", 60, 60, 36, 0],
		[184, "PAD8_1", -1225, -1110, "T", "DIP", "GPIO4", "", "C", 60, 60, 36, 0],
		[185, "PAD8_1", -1225, -1110, "B", "DIP", "GPIO4", "", "C", 60, 60, 36, 0],
		[186, "PAD9_2", -1225, -1210, "T", "DIP", "GPIO5", "", "C", 60, 60, 36, 0],
		[187, "PAD9_2", -1225, -1210, "B", "DIP", "GPIO5", "", "C", 60, 60, 36, 0],
		[188, "PAD10_1", -1225, -1310, "T", "DIP", "GPIO6", "", "C", 60, 60, 36, 0],
		[189, "PAD10_1", -1225, -1310, "B", "DIP", "GPIO6", "", "C", 60, 60, 36, 0],
		[190, "PAD11_3", -1225, -1410, "T", "DIP", "GPIO7", "", "C", 60, 60, 36, 0],
		[191, "PAD11_3", -1225, -1410, "B", "DIP", "GPIO7", "", "C", 60, 60, 36, 0],
		[192, "PAD12_1", -1225, -1510, "T", "DIP", "GPIO8", "", "C", 60, 60, 36, 0],
		[193, "PAD12_1", -1225, -1510, "B", "DIP", "GPIO8", "", "C", 60, 60, 36, 0],
		[194, "PAD13_2", -1225, -1610, "T", "DIP", "GPIO9", "", "C", 60, 60, 36, 0],
		[195, "PAD13_2", -1225, -1610, "B", "DIP", "GPIO9", "", "C", 60, 60, 36, 0],
		[196, "PAD14_1", -1225, -1710, "T", "DIP", "GPIO10", "", "C", 60, 60, 36, 0],
		[197, "PAD14_1", -1225, -1710, "B", "DIP", "GPIO10", "", "C", 60, 60, 36, 0],
		[198, "PAD15_1", -1225, -2310, "T", "DIP", "GND", "GND", "C", 60, 60, 36, 0],
		[199, "PAD15_1", -1225, -2310, "B", "DIP", "GND", "GND", "C", 60, 60, 36, 0],
		[200, "PAD16_2", -1225, -2210, "T", "DIP", "GPIO15", "", "C", 60, 60, 36, 0],
		[201, "PAD16_2", -1225, -2210, "B", "DIP", "GPIO15", "", "C", 60, 60, 36, 0],
		[202, "PAD17_1", -1225, -2110, "T", "DIP", "GPIO14", "", "C", 60, 60, 36, 0],
		[203, "PAD17_1", -1225, -2110, "B", "DIP", "GPIO14", "", "C", 60, 60, 36, 0],
		[204, "PAD18_3", -1225, -2010, "T", "DIP", "GPIO13", "", "C", 60, 60, 36, 0],
		[205, "PAD18_3", -1225, -2010, "B", "DIP", "GPIO13", "", "C", 60, 60, 36, 0],
		[206, "PAD19_1", -1225, -1910, "T", "DIP", "GPIO12", "", "C", 60, 60, 36, 0],
		[207, "PAD19_1", -1225, -1910, "B", "DIP", "GPIO12", "", "C", 60, 60, 36, 0],
		[208, "PAD20_2", -1225, -1810, "T", "DIP", "GPIO11", "", "C", 60, 60, 36, 0],
		[209, "PAD20_2", -1225, -1810, "B", "DIP", "GPIO11", "", "C", 60, 60, 36, 0],
		[210, "PAD21_1", 2415, -610, "T", "DIP", "$9N908", "", "C", 60, 60, 36, 0],
		[211, "PAD21_1", 2415, -610, "B", "DIP", "$9N908", "", "C", 60, 60, 36, 0],
		[212, "PAD22_2", 2415, -710, "T", "DIP", "GND", "GND", "C", 60, 60, 36, 0],
		[213, "PAD22_2", 2415, -710, "B", "DIP", "GND", "GND", "C", 60, 60, 36, 0],
		[214, "PAD23_1", 2415, -810, "T", "DIP", "RUN", "", "C", 60, 60, 36, 0],
		[215, "PAD23_1", 2415, -810, "B", "DIP", "RUN", "", "C", 60, 60, 36, 0],
		[216, "PAD24_3", 2415, -910, "T", "DIP", "GPIO29_ADC3", "", "C", 60, 60, 36, 0],
		[217, "PAD24_3", 2415, -910, "B", "DIP", "GPIO29_ADC3", "", "C", 60, 60, 36, 0],
		[218, "PAD25_1", 2415, -1010, "T", "DIP", "GPIO28_ADC2", "", "C", 60, 60, 36, 0],
		[219, "PAD25_1", 2415, -1010, "B", "DIP", "GPIO28_ADC2", "", "C", 60, 60, 36, 0],
		[220, "PAD26_1", 2415, -1110, "T", "DIP", "GPIO27_ADC1", "", "C", 60, 60, 36, 0],
		[221, "PAD26_1", 2415, -1110, "B", "DIP", "GPIO27_ADC1", "", "C", 60, 60, 36, 0],
		[222, "PAD27_2", 2415, -1210, "T", "DIP", "GPIO26_ADC0", "", "C", 60, 60, 36, 0],
		[223, "PAD27_2", 2415, -1210, "B", "DIP", "GPIO26_ADC0", "", "C", 60, 60, 36, 0],
		[224, "PAD28_1", 2415, -1310, "T", "DIP", "GPIO25", "", "C", 60, 60, 36, 0],
		[225, "PAD28_1", 2415, -1310, "B", "DIP", "GPIO25", "", "C", 60, 60, 36, 0],
		[226, "PAD29_3", 2415, -1410, "T", "DIP", "GPIO24", "", "C", 60, 60, 36, 0],
		[227, "PAD29_3", 2415, -1410, "B", "DIP", "GPIO24", "", "C", 60, 60, 36, 0],
		[228, "PAD30_1", 2415, -1510, "T", "DIP", "GPIO23", "", "C", 60, 60, 36, 0],
		[229, "PAD30_1", 2415, -1510, "B", "DIP", "GPIO23", "", "C", 60, 60, 36, 0],
		[230, "PAD31_2", 2415, -1610, "T", "DIP", "GPIO22", "", "C", 60, 60, 36, 0],
		[231, "PAD31_2", 2415, -1610, "B", "DIP", "GPIO22", "", "C", 60, 60, 36, 0],
		[232, "PAD32_1", 2415, -1710, "T", "DIP", "GPIO21", "", "C", 60, 60, 36, 0],
		[233, "PAD32_1", 2415, -1710, "B", "DIP", "GPIO21", "", "C", 60, 60, 36, 0],
		[234, "PAD33_2", 2415, -1810, "T", "DIP", "GPIO20", "", "C", 60, 60, 36, 0],
		[235, "PAD33_2", 2415, -1810, "B", "DIP", "GPIO20", "", "C", 60, 60, 36, 0],
		[236, "PAD34_1", 2415, -1910, "T", "DIP", "GPIO19", "", "C", 60, 60, 36, 0],
		[237, "PAD34_1", 2415, -1910, "B", "DIP", "GPIO19", "", "C", 60, 60, 36, 0],
		[238, "PAD35_3", 2415, -2010, "T", "DIP", "GPIO18", "", "C", 60, 60, 36, 0],
		[239, "PAD35_3", 2415, -2010, "B", "DIP", "GPIO18", "", "C", 60, 60, 36, 0],
		[240, "PAD36_1", 2415, -2110, "T", "DIP", "GPIO17", "", "C", 60, 60, 36, 0],
		[241, "PAD36_1", 2415, -2110, "B", "DIP", "GPIO17", "", "C", 60, 60, 36, 0],
		[242, "PAD37_2", 2415, -2210, "T", "DIP", "GPIO16", "", "C", 60, 60, 36, 0],
		[243, "PAD37_2", 2415, -2210, "B", "DIP", "GPIO16", "", "C", 60, 60, 36, 0],
		[244, "PAD38_1", 2415, -2310, "T", "DIP", "SWD", "", "C", 60, 60, 36, 0],
		[245, "PAD38_1", 2415, -2310, "B", "DIP", "SWD", "", "C", 60, 60, 36, 0],
		[246, "PAD39_1", 2415, -2408.48, "T", "DIP", "SWCLK", "", "C", 60, 60, 36, 0],
		[247, "PAD39_1", 2415, -2408.48, "B", "DIP", "SWCLK", "", "C", 60, 60, 36, 0],
		[248, "PAD40_3", 2415, -2510, "T", "DIP", "GND", "GND", "C", 60, 60, 36, 0],
		[249, "PAD40_3", 2415, -2510, "B", "DIP", "GND", "GND", "C", 60, 60, 36, 0],
		[250, "PAD41_3", -1180, -3840, "T", "DIP", "GPIO1", "", "C", 60, 60, 36, 0],
		[251, "PAD41_3", -1180, -3840, "B", "DIP", "GPIO1", "", "C", 60, 60, 36, 0],
		[252, "PAD42_1", -1180, -3940, "T", "DIP", "GPIO0", "", "C", 60, 60, 36, 0],
		[253, "PAD42_1", -1180, -3940, "B", "DIP", "GPIO0", "", "C", 60, 60, 36, 0],
		[254, "PAD43_2", -1180, -4040, "T", "DIP", "VCC", "", "C", 60, 60, 36, 0],
		[255, "PAD43_2", -1180, -4040, "B", "DIP", "VCC", "", "C", 60, 60, 36, 0],
		[256, "PAD44_1", -1180, -4140, "T", "DIP", "GND", "GND", "C", 60, 60, 36, 0],
		[257, "PAD44_1", -1180, -4140, "B", "DIP", "GND", "GND", "C", 60, 60, 36, 0],
		[258, "PAD45_2", -1190, -3420, "T", "DIP", "GPIO15", "", "C", 60, 60, 36, 0],
		[259, "PAD45_2", -1190, -3420, "B", "DIP", "GPIO15", "", "C", 60, 60, 36, 0],
		[260, "PAD46_1", -1190, -3520, "T", "DIP", "GND", "GND", "C", 60, 60, 36, 0],
		[261, "PAD46_1", -1190, -3520, "B", "DIP", "GND", "GND", "C", 60, 60, 36, 0],
		[262, "PAD47_1", -1180, -3165, "T", "DIP", "GND", "GND", "C", 60, 60, 36, 0],
		[263, "PAD47_1", -1180, -3165, "B", "DIP", "GND", "GND", "C", 60, 60, 36, 0],
		[264, "PAD48_2", -1180, -3065, "T", "DIP", "GPIO14", "", "C", 60, 60, 36, 0],
		[265, "PAD48_2", -1180, -3065, "B", "DIP", "GPIO14", "", "C", 60, 60, 36, 0]
	]
}
}