{
"lengthUnit": "mil",
"components": {
	"fields": ["COMPONENT_NO", "COMPONENT_NAME", "LAYER", "X_COORDINATE", "Y_COORDINATE", "ANGLE"],
	"rows": [
		[1, "C1", "T", 3110, -1210, 0],
		[2, "IR1", "T", 3210, -1465, 0],
		[3, "IR2", "T", 1420.57, -1466.54, 0],
		[4, "IR3", "T", 1421.66, -130.21, 0],
		[5, "IR4", "T", 2335, -1470, 0],
		[6, "IR5", "T", 3250.64, -950.88, 0],
		[7, "J1", "T", 2990, -350, 180],
		[8, "Q1", "T", 2045, -1190, 0],
		[9, "R1", "T", 3035.41, -1338.02, 270],
		[10, "R2", "T", 1592.81, -1466.54, 0],
		[11, "R3", "T", 1499.37, -510.63, 90],
		[12, "R4", "T", 1420, -345, 180],
		[13, "R5", "T", 2560, -1120, 0],
		[14, "R6", "T", 2560, -1025, 0],
		[15, "R7", "T", 2560, -930, 0],
		[16, "R8", "T", 2405, -1150, 0],
		[17, "R9", "T", 2682.55, -1301.9, 0],
		[18, "R10", "T", 3255, -1090, 180],
		[19, "R11", "T", 1660, -845, 0],
		[20, "R12", "T", 1735, -1395, 0],
		[21, "U1", "T", 1820, -510, 0],
		[22, "U2", "T", 2895, -1010, 0],
		[23, "U3", "T", 1500, -1090, 0],
		[24, "USBC1", "T", 2305, -170, 180],
		[25, "X1", "T", 2872.15, -1330.57, 0]
	]
},
"pins": {
	"fields": ["PIN_NO", "PIN_NAME", "PIN_X", "PIN_Y", "LAYER", "PIN_TYPE", "NET_NAME", "NET_TYPE", "PAD_SHAPE", "PAD_SIZEX", "PAD_SIZEY", "HOLE_SIZE", "PAD_ANGLE"],
	"rows": [
		[1, "C1_1", 3070.63, -1210, "T", "SMD", "GND", "GND", "R", 55.51, 53.15, 0, 0],
		[2, "C1_2", 3149.37, -1210, "T", "SMD", "$1N1656", "", "R", 55.51, 53.15, 0, 0],
		[3, "IR1_1", 3160, -1465, "T", "DIP", "$1N5126", "", "C", 65, 65, 38, 180],
		[4, "IR1_1", 3160, -1465, "B", "DIP", "$1N5126", "", "C", 65, 65, 38, 180],
		[5, "IR1_2", 3260, -1465, "T", "DIP", "VCC", "", "C", 65, 65, 38, 180],
		[6, "IR1_2", 3260, -1465, "B", "DIP", "VCC", "", "C", 65, 65, 38, 180],
		[7, "IR2_1", 1370.57, -1466.54, "T", "DIP", "$1N5129", "", "C", 65, 65, 38, 180],
		[8, "IR2_1", 1370.57, -1466.54, "B", "DIP", "$1N5129", "", "C", 65, 65, 38, 180],
		[9, "IR2_2", 1470.57, -1466.54, "T", "DIP", "VCC", "", "C", 65, 65, 38, 180],
		[10, "IR2_2", 1470.57, -1466.54, "B", "DIP", "VCC", "", "C", 65, 65, 38, 180],
		[11, "IR3_1", 1371.66, -130.21, "T", "DIP", "$1N5132", "", "C", 65, 65, 38, 180],
		[12, "IR3_1", 1371.66, -130.21, "B", "DIP", "$1N5132", "", "C", 65, 65, 38, 180],
		[13, "IR3_2", 1471.66, -130.21, "T", "DIP", "VCC", "", "C", 65, 65, 38, 180],
		[14, "IR3_2", 1471.66, -130.21, "B", "DIP", "VCC", "", "C", 65, 65, 38, 180],
		[15, "IR4_1", 2285, -1470, "T", "DIP", "$1N5135", "", "C", 65, 65, 38, 180],
		[16, "IR4_1", 2285, -1470, "B", "DIP", "$1N5135", "", "C", 65, 65, 38, 180],
		[17, "IR4_2", 2385, -1470, "T", "DIP", "VCC", "", "C", 65, 65, 38, 180],
		[18, "IR4_2", 2385, -1470, "B", "DIP", "VCC", "", "C", 65, 65, 38, 180],
		[19, "IR5_1", 3200.64, -950.88, "T", "DIP", "$1N5138", "", "C", 65, 65, 38, 180],
		[20, "IR5_1", 3200.64, -950.88, "B", "DIP", "$1N5138", "", "C", 65, 65, 38, 180],
		[21, "IR5_2", 3300.64, -950.88, "T", "DIP", "VCC", "", "C", 65, 65, 38, 180],
		[22, "IR5_2", 3300.64, -950.88, "B", "DIP", "VCC", "", "C", 65, 65, 38, 180],
		[23, "J1_1", 3165.2, -521.46, "T", "DIP", "TXP", "", "R", 62.99, 62.99, 39.37, 180],
		[24, "J1_1", 3165.2, -521.46, "B", "DIP", "TXP", "", "R", 62.99, 62.99, 39.37, 180],
		[25, "J1_2", 3115.2, -621.45, "T", "DIP", "TXN", "", "C", 62.99, 62.99, 39.37, 180],
		[26, "J1_2", 3115.2, -621.45, "B", "DIP", "TXN", "", "C", 62.99, 62.99, 39.37, 180],
		[27, "J1_3", 3065.2, -521.45, "T", "DIP", "RXP", "", "C", 62.99, 62.99, 39.37, 180],
		[28, "J1_3", 3065.2, -521.45, "B", "DIP", "RXP", "", "C", 62.99, 62.99, 39.37, 180],
		[29, "J1_4", 3015.2, -621.45, "T", "DIP", "J1_4", "", "C", 62.99, 62.99, 39.37, 180],
		[30, "J1_4", 3015.2, -621.45, "B", "DIP", "J1_4", "", "C", 62.99, 62.99, 39.37, 180],
		[31, "J1_5", 2965.2, -521.45, "T", "DIP", "J1_5", "", "C", 62.99, 62.99, 39.37, 180],
		[32, "J1_5", 2965.2, -521.45, "B", "DIP", "J1_5", "", "C", 62.99, 62.99, 39.37, 180],
		[33, "J1_6", 2915.2, -621.45, "T", "DIP", "RXN", "", "C", 62.99, 62.99, 39.37, 180],
		[34, "J1_6", 2915.2, -621.45, "B", "DIP", "RXN", "", "C", 62.99, 62.99, 39.37, 180],
		[35, "J1_7", 2865.2, -521.45, "T", "DIP", "J1_7", "", "C", 62.99, 62.99, 39.37, 180],
		[36, "J1_7", 2865.2, -521.45, "B", "DIP", "J1_7", "", "C", 62.99, 62.99, 39.37, 180],
		[37, "J1_8", 2815.2, -621.45, "T", "DIP", "GND", "GND", "C", 62.99, 62.99, 39.37, 180],
		[38, "J1_8", 2815.2, -621.45, "B", "DIP", "GND", "GND", "C", 62.99, 62.99, 39.37, 180],
		[39, "J1_9", 3250.83, -78.55, "T", "DIP", "ACTLED", "", "C", 70.87, 70.87, 43.31, 180],
		[40, "J1_9", 3250.83, -78.55, "B", "DIP", "ACTLED", "", "C", 70.87, 70.87, 43.31, 180],
		[41, "J1_10", 3150.83, -78.55, "T", "DIP", "VCC", "", "C", 70.87, 70.87, 43.31, 180],
		[42, "J1_10", 3150.83, -78.55, "B", "DIP", "VCC", "", "C", 70.87, 70.87, 43.31, 180],
		[43, "J1_11", 2829.17, -78.54, "T", "DIP", "VCC", "", "C", 70.87, 70.87, 43.31, 180],
		[44, "J1_11", 2829.17, -78.54, "B", "DIP", "VCC", "", "C", 70.87, 70.87, 43.31, 180],
		[45, "J1_12", 2729.17, -78.54, "T", "DIP", "SPDLED", "", "C", 70.87, 70.87, 43.31, 180],
		[46, "J1_12", 2729.17, -78.54, "B", "DIP", "SPDLED", "", "C", 70.87, 70.87, 43.31, 180],
		[47, "J1_SH1", 3294.92, -391.53, "T", "DIP", "AGND", "", "C", 98.42, 98.42, 70.87, 180],
		[48, "J1_SH1", 3294.92, -391.53, "B", "DIP", "AGND", "", "C", 98.42, 98.42, 70.87, 180],
		[49, "J1_SH2", 2685.08, -391.53, "T", "DIP", "AGND", "", "C", 98.42, 98.42, 70.87, 180],
		[50, "J1_SH2", 2685.08, -391.53, "B", "DIP", "AGND", "", "C", 98.42, 98.42, 70.87, 180],
		[51, "Q1_1", 1945, -1398.02, "T", "SMD", "$1N4218", "", "R", 78.74, 177.16, 0, 180],
		[52, "Q1_2", 2045, -981.98, "T", "SMD", "DRAIN", "", "R", 433.07, 354.33, 0, 180],
		[53, "Q1_3", 2145, -1398.02, "T", "SMD", "GND", "GND", "R", 78.74, 177.16, 0, 180],
		[54, "R1_1", 3035.41, -1308.36, "T", "SMD", "DRAIN", "", "R", 31.75, 34.02, 0, 270],
		[55, "R1_2", 3035.41, -1367.68, "T", "SMD", "$1N5126", "", "R", 31.75, 34.02, 0, 270],
		[56, "R2_1", 1563.15, -1466.54, "T", "SMD", "DRAIN", "", "R", 31.75, 34.02, 0, 0],
		[57, "R2_2", 1622.47, -1466.54, "T", "SMD", "$1N5129", "", "R", 31.75, 34.02, 0, 0],
		[58, "R3_1", 1499.37, -550, "T", "SMD", "$1N3133", "", "R", 44.59, 54.21, 0, 90],
		[59, "R3_2", 1499.37, -471.26, "T", "SMD", "VCC", "", "R", 44.59, 54.21, 0, 90],
		[60, "R4_1", 1449.66, -345, "T", "SMD", "DRAIN", "", "R", 31.75, 34.02, 0, 180],
		[61, "R4_2", 1390.34, -345, "T", "SMD", "$1N5132", "", "R", 31.75, 34.02, 0, 180],
		[62, "R5_1", 2520.63, -1120, "T", "SMD", "$1N2898", "", "R", 44.59, 54.21, 0, 0],
		[63, "R5_2", 2599.37, -1120, "T", "SMD", "VCC", "", "R", 44.59, 54.21, 0, 0],
		[64, "R6_1", 2520.63, -1025, "T", "SMD", "$1N2937", "", "R", 44.59, 54.21, 0, 0],
		[65, "R6_2", 2599.37, -1025, "T", "SMD", "VCC", "", "R", 44.59, 54.21, 0, 0],
		[66, "R7_1", 2520.63, -930, "T", "SMD", "$1N2976", "", "R", 44.59, 54.21, 0, 0],
		[67, "R7_2", 2599.37, -930, "T", "SMD", "VCC", "", "R", 44.59, 54.21, 0, 0],
		[68, "R8_1", 2375.34, -1150, "T", "SMD", "DRAIN", "", "R", 31.75, 34.02, 0, 0],
		[69, "R8_2", 2434.66, -1150, "T", "SMD", "$1N5135", "", "R", 31.75, 34.02, 0, 0],
		[70, "R9_1", 2652.89, -1301.9, "T", "SMD", "GND", "GND", "R", 31.75, 34.02, 0, 0],
		[71, "R9_2", 2712.21, -1301.9, "T", "SMD", "$1N1729", "", "R", 31.75, 34.02, 0, 0],
		[72, "R10_1", 3284.66, -1090, "T", "SMD", "DRAIN", "", "R", 31.75, 34.02, 0, 180],
		[73, "R10_2", 3225.34, -1090, "T", "SMD", "$1N5138", "", "R", 31.75, 34.02, 0, 180],
		[74, "R11_1", 1630.34, -845, "T", "SMD", "IO0", "", "R", 31.75, 34.02, 0, 0],
		[75, "R11_2", 1689.66, -845, "T", "SMD", "$1N4218", "", "R", 31.75, 34.02, 0, 0],
		[76, "R12_1", 1695.63, -1395, "T", "SMD", "GND", "GND", "R", 44.59, 54.21, 0, 0],
		[77, "R12_2", 1774.37, -1395, "T", "SMD", "$1N4218", "", "R", 44.59, 54.21, 0, 0],
		[78, "U1_1", 1587.71, -353.5, "T", "SMD", "GND", "GND", "R", 31.5, 15.75, 0, 0],
		[79, "U1_2", 1587.71, -385, "T", "SMD", "GND", "GND", "R", 31.5, 15.75, 0, 0],
		[80, "U1_3", 1587.71, -416.5, "T", "SMD", "VCC", "", "R", 31.5, 15.75, 0, 0],
		[81, "U1_4", 1587.71, -447.99, "T", "SMD", "U1_4", "", "R", 31.5, 15.75, 0, 0],
		[82, "U1_5", 1587.71, -479.49, "T", "SMD", "U1_5", "", "R", 31.5, 15.75, 0, 0],
		[83, "U1_6", 1587.71, -510.98, "T", "SMD", "U1_6", "", "R", 31.5, 15.75, 0, 0],
		[84, "U1_7", 1587.71, -542.48, "T", "SMD", "U1_7", "", "R", 31.5, 15.75, 0, 0],
		[85, "U1_8", 1587.71, -573.98, "T", "SMD", "$1N3133", "", "R", 31.5, 15.75, 0, 0],
		[86, "U1_9", 1587.71, -605.47, "T", "SMD", "INT", "", "R", 31.5, 15.75, 0, 0],
		[87, "U1_10", 1587.71, -636.97, "T", "SMD", "U1_10", "", "R", 31.5, 15.75, 0, 0],
		[88, "U1_11", 1587.71, -668.47, "T", "SMD", "GND", "GND", "R", 31.5, 15.75, 0, 0],
		[89, "U1_12", 1631.02, -702.91, "T", "SMD", "IO0", "", "R", 31.5, 15.75, 0, 270],
		[90, "U1_13", 1662.51, -702.91, "T", "SMD", "U1_13", "", "R", 31.5, 15.75, 0, 270],
		[91, "U1_14", 1694.01, -702.91, "T", "SMD", "GND", "GND", "R", 31.5, 15.75, 0, 270],
		[92, "U1_15", 1725.51, -702.91, "T", "SMD", "U1_15", "", "R", 31.5, 15.75, 0, 270],
		[93, "U1_16", 1757, -702.91, "T", "SMD", "U1_16", "", "R", 31.5, 15.75, 0, 270],
		[94, "U1_17", 1788.5, -702.91, "T", "SMD", "USBDM", "", "R", 31.5, 15.75, 0, 270],
		[95, "U1_18", 1819.99, -702.91, "T", "SMD", "USBDP", "", "R", 31.5, 15.75, 0, 270],
		[96, "U1_19", 1851.49, -702.91, "T", "SMD", "U1_19", "", "R", 31.5, 15.75, 0, 270],
		[97, "U1_20", 1882.99, -702.91, "T", "SMD", "U1_20", "", "R", 31.5, 15.75, 0, 270],
		[98, "U1_21", 1914.48, -702.91, "T", "SMD", "U1_21", "", "R", 31.5, 15.75, 0, 270],
		[99, "U1_22", 1945.98, -702.91, "T", "SMD", "U1_22", "", "R", 31.5, 15.75, 0, 270],
		[100, "U1_23", 1977.48, -702.91, "T", "SMD", "U1_23", "", "R", 31.5, 15.75, 0, 270],
		[101, "U1_24", 2008.97, -702.91, "T", "SMD", "MISO", "", "R", 31.5, 15.75, 0, 270],
		[102, "U1_25", 2052.28, -668.47, "T", "SMD", "MOSI", "", "R", 31.5, 15.75, 0, 0],
		[103, "U1_26", 2052.28, -636.97, "T", "SMD", "CLK", "", "R", 31.5, 15.75, 0, 0],
		[104, "U1_27", 2052.28, -605.47, "T", "SMD", "CS", "", "R", 31.5, 15.75, 0, 0],
		[105, "U1_28", 2052.28, -573.98, "T", "SMD", "U1_28", "", "R", 31.5, 15.75, 0, 0],
		[106, "U1_29", 2052.28, -542.48, "T", "SMD", "U1_29", "", "R", 31.5, 15.75, 0, 0],
		[107, "U1_30", 2052.28, -510.99, "T", "SMD", "U1_30", "", "R", 31.5, 15.75, 0, 0],
		[108, "U1_31", 2052.28, -479.49, "T", "SMD", "U1_31", "", "R", 31.5, 15.75, 0, 0],
		[109, "U1_32", 2052.28, -447.99, "T", "SMD", "U1_32", "", "R", 31.5, 15.75, 0, 0],
		[110, "U1_33", 2052.28, -416.5, "T", "SMD", "U1_33", "", "R", 31.5, 15.75, 0, 0],
		[111, "U1_34", 2052.28, -385, "T", "SMD", "U1_34", "", "R", 31.5, 15.75, 0, 0],
		[112, "U1_35", 2052.28, -353.5, "T", "SMD", "U1_35", "", "R", 31.5, 15.75, 0, 0],
		[113, "U1_36", 2008.97, -317.09, "T", "SMD", "GND", "GND", "R", 31.5, 15.75, 0, 270],
		[114, "U1_37", 1977.48, -317.09, "T", "SMD", "GND", "GND", "R", 31.5, 15.75, 0, 270],
		[115, "U1_38", 1945.98, -317.09, "T", "SMD", "GND", "GND", "R", 31.5, 15.75, 0, 270],
		[116, "U1_39", 1914.48, -317.09, "T", "SMD", "GND", "GND", "R", 31.5, 15.75, 0, 270],
		[117, "U1_40", 1882.99, -317.09, "T", "SMD", "GND", "GND", "R", 31.5, 15.75, 0, 270],
		[118, "U1_41", 1851.49, -317.09, "T", "SMD", "GND", "GND", "R", 31.5, 15.75, 0, 270],
		[119, "U1_42", 1820, -317.09, "T", "SMD", "GND", "GND", "R", 31.5, 15.75, 0, 270],
		[120, "U1_43", 1788.5, -317.09, "T", "SMD", "GND", "GND", "R", 31.5, 15.75, 0, 270],
		[121, "U1_44", 1757, -317.09, "T", "SMD", "GND", "GND", "R", 31.5, 15.75, 0, 270],
		[122, "U1_45", 1725.51, -317.09, "T", "SMD", "GND", "GND", "R", 31.5, 15.75, 0, 270],
		[123, "U1_46", 1694.01, -317.09, "T", "SMD", "GND", "GND", "R", 31.5, 15.75, 0, 270],
		[124, "U1_47", 1662.52, -317.09, "T", "SMD", "GND", "GND", "R", 31.5, 15.75, 0, 270],
		[125, "U1_48", 1631.02, -317.09, "T", "SMD", "GND", "GND", "R", 31.5, 15.75, 0, 270],
		[126, "U1_49", 1820.98, -508.03, "T", "SMD", "GND", "GND", "R", 57.09, 57.09, 0, 0],
		[127, "U1_49", 1750.11, -508.03, "T", "SMD", "GND", "GND", "R", 57.09, 57.09, 0, 0],
		[128, "U1_49", 1750.11, -437.16, "T", "SMD", "GND", "GND", "R", 57.09, 57.09, 0, 0],
		[129, "U1_49", 1820.98, -437.16, "T", "SMD", "GND", "GND", "R", 57.09, 57.09, 0, 0],
		[130, "U1_49", 1891.84, -437.16, "T", "SMD", "GND", "GND", "R", 57.09, 57.09, 0, 0],
		[131, "U1_49", 1891.84, -508.03, "T", "SMD", "GND", "GND", "R", 57.09, 57.09, 0, 0],
		[132, "U1_49", 1750.11, -578.89, "T", "SMD", "GND", "GND", "R", 57.09, 57.09, 0, 0],
		[133, "U1_49", 1820.98, -578.89, "T", "SMD", "GND", "GND", "R", 57.09, 57.09, 0, 0],
		[134, "U1_49", 1891.84, -578.89, "T", "SMD", "GND", "GND", "R", 57.09, 57.09, 0, 0],
		[135, "U1_50", 2054.25, -315.12, "T", "SMD", "GND", "GND", "R", 27.56, 27.56, 0, 0],
		[136, "U1_51", 2054.25, -704.88, "T", "SMD", "GND", "GND", "R", 27.56, 27.56, 0, 0],
		[137, "U1_52", 1585.74, -704.88, "T", "SMD", "GND", "GND", "R", 27.56, 27.56, 0, 0],
		[138, "U1_53", 1585.74, -315.12, "T", "SMD", "GND", "GND", "R", 27.56, 27.56, 0, 0],
		[139, "U2_1", 2786.73, -1177.32, "T", "SMD", "TXN", "", "O", 10.63, 59.05, 0, 0],
		[140, "U2_2", 2806.42, -1177.32, "T", "SMD", "TXP", "", "O", 10.63, 59.05, 0, 0],
		[141, "U2_3", 2826.1, -1177.32, "T", "SMD", "AGND", "", "O", 10.63, 59.05, 0, 0],
		[142, "U2_4", 2845.79, -1177.32, "T", "SMD", "VCC", "", "O", 10.63, 59.05, 0, 0],
		[143, "U2_5", 2865.47, -1177.32, "T", "SMD", "RXN", "", "O", 10.63, 59.05, 0, 0],
		[144, "U2_6", 2885.16, -1177.32, "T", "SMD", "RXP", "", "O", 10.63, 59.05, 0, 0],
		[145, "U2_7", 2904.84, -1177.32, "T", "SMD", "U2_7", "", "O", 10.63, 59.05, 0, 0],
		[146, "U2_8", 2924.53, -1177.32, "T", "SMD", "VCC", "", "O", 10.63, 59.05, 0, 0],
		[147, "U2_9", 2944.21, -1177.32, "T", "SMD", "AGND", "", "O", 10.63, 59.05, 0, 0],
		[148, "U2_10", 2963.9, -1177.32, "T", "SMD", "$1N1729", "", "O", 10.63, 59.05, 0, 0],
		[149, "U2_11", 2983.58, -1177.32, "T", "SMD", "VCC", "", "O", 10.63, 59.05, 0, 0],
		[150, "U2_12", 3003.27, -1177.32, "T", "SMD", "U2_12", "", "O", 10.63, 59.05, 0, 0],
		[151, "U2_13", 3062.32, -1118.27, "T", "SMD", "U2_13", "", "O", 59.05, 10.63, 0, 0],
		[152, "U2_14", 3062.32, -1098.58, "T", "SMD", "AGND", "", "O", 59.05, 10.63, 0, 0],
		[153, "U2_15", 3062.32, -1078.9, "T", "SMD", "VCC", "", "O", 59.05, 10.63, 0, 0],
		[154, "U2_16", 3062.32, -1059.21, "T", "SMD", "AGND", "", "O", 59.05, 10.63, 0, 0],
		[155, "U2_17", 3062.32, -1039.53, "T", "SMD", "VCC", "", "O", 59.05, 10.63, 0, 0],
		[156, "U2_18", 3062.32, -1019.84, "T", "SMD", "U2_18", "", "O", 59.05, 10.63, 0, 0],
		[157, "U2_19", 3062.32, -1000.16, "T", "SMD", "AGND", "", "O", 59.05, 10.63, 0, 0],
		[158, "U2_20", 3062.32, -980.47, "T", "SMD", "$1N1656", "", "O", 59.05, 10.63, 0, 0],
		[159, "U2_21", 3062.32, -960.79, "T", "SMD", "VCC", "", "O", 59.05, 10.63, 0, 0],
		[160, "U2_22", 3062.32, -941.1, "T", "SMD", "U2_22", "", "O", 59.05, 10.63, 0, 0],
		[161, "U2_23", 3062.32, -921.42, "T", "SMD", "U2_23", "", "O", 59.05, 10.63, 0, 0],
		[162, "U2_24", 3062.32, -901.73, "T", "SMD", "SPDLED", "", "O", 59.05, 10.63, 0, 0],
		[163, "U2_25", 3003.27, -842.68, "T", "SMD", "U2_25", "", "O", 10.63, 59.05, 0, 0],
		[164, "U2_26", 2983.58, -842.68, "T", "SMD", "U2_26", "", "O", 10.63, 59.05, 0, 0],
		[165, "U2_27", 2963.9, -842.68, "T", "SMD", "ACTLED", "", "O", 10.63, 59.05, 0, 0],
		[166, "U2_28", 2944.21, -842.68, "T", "SMD", "VCC", "", "O", 10.63, 59.05, 0, 0],
		[167, "U2_29", 2924.53, -842.68, "T", "SMD", "GND", "GND", "O", 10.63, 59.05, 0, 0],
		[168, "U2_30", 2904.84, -842.68, "T", "SMD", "$1N1980", "", "O", 10.63, 59.05, 0, 0],
		[169, "U2_31", 2885.16, -842.68, "T", "SMD", "$1N1975", "", "O", 10.63, 59.05, 0, 0],
		[170, "U2_32", 2865.47, -842.68, "T", "SMD", "CS", "", "O", 10.63, 59.05, 0, 0],
		[171, "U2_33", 2845.79, -842.68, "T", "SMD", "CLK", "", "O", 10.63, 59.05, 0, 0],
		[172, "U2_34", 2826.1, -842.68, "T", "SMD", "MISO", "", "O", 10.63, 59.05, 0, 0],
		[173, "U2_35", 2806.42, -842.68, "T", "SMD", "MOSI", "", "O", 10.63, 59.05, 0, 0],
		[174, "U2_36", 2786.73, -842.68, "T", "SMD", "INT", "", "O", 10.63, 59.05, 0, 0],
		[175, "U2_37", 2727.68, -901.73, "T", "SMD", "U2_37", "", "O", 59.05, 10.63, 0, 0],
		[176, "U2_38", 2727.68, -921.42, "T", "SMD", "U2_38", "", "O", 59.05, 10.63, 0, 0],
		[177, "U2_39", 2727.68, -941.1, "T", "SMD", "U2_39", "", "O", 59.05, 10.63, 0, 0],
		[178, "U2_40", 2727.68, -960.79, "T", "SMD", "U2_40", "", "O", 59.05, 10.63, 0, 0],
		[179, "U2_41", 2727.68, -980.47, "T", "SMD", "U2_41", "", "O", 59.05, 10.63, 0, 0],
		[180, "U2_42", 2727.68, -1000.16, "T", "SMD", "U2_42", "", "O", 59.05, 10.63, 0, 0],
		[181, "U2_43", 2727.68, -1019.84, "T", "SMD", "$1N2976", "", "O", 59.05, 10.63, 0, 0],
		[182, "U2_44", 2727.68, -1039.53, "T", "SMD", "$1N2937", "", "O", 59.05, 10.63, 0, 0],
		[183, "U2_45", 2727.68, -1059.21, "T", "SMD", "$1N2898", "", "O", 59.05, 10.63, 0, 0],
		[184, "U2_46", 2727.68, -1078.9, "T", "SMD", "U2_46", "", "O", 59.05, 10.63, 0, 0],
		[185, "U2_47", 2727.68, -1098.58, "T", "SMD", "U2_47", "", "O", 59.05, 10.63, 0, 0],
		[186, "U2_48", 2727.68, -1118.27, "T", "SMD", "AGND", "", "O", 59.05, 10.63, 0, 0],
		[187, "U3_1", 1616.93, -1180.55, "T", "SMD", "GND", "GND", "R", 98.42, 43.31, 0, 0],
		[188, "U3_2", 1616.93, -1090, "T", "SMD", "VCC", "", "R", 98.42, 43.31, 0, 0],
		[189, "U3_3", 1616.93, -999.45, "T", "SMD", "+5V", "", "R", 98.42, 43.31, 0, 0],
		[190, "U3_4", 1383.07, -1090, "T", "SMD", "VCC", "", "R", 92.13, 141.73, 0, 0],
		[191, "USBC1_0", 2475.28, -237.16, "T", "DIP", "AGND", "", "O", 47.24, 78.74, 62.99, 180],
		[192, "USBC1_0", 2475.28, -237.16, "B", "DIP", "AGND", "", "O", 47.24, 78.74, 62.99, 180],
		[193, "USBC1_1", 2134.72, -237.16, "T", "DIP", "AGND", "", "O", 47.24, 78.74, 62.99, 180],
		[194, "USBC1_1", 2134.72, -237.16, "B", "DIP", "AGND", "", "O", 47.24, 78.74, 62.99, 180],
		[195, "USBC1_2", 2134.72, -72.6, "T", "DIP", "AGND", "", "O", 47.24, 70.87, 55.12, 180],
		[196, "USBC1_2", 2134.72, -72.6, "B", "DIP", "AGND", "", "O", 47.24, 70.87, 55.12, 180],
		[197, "USBC1_3", 2475.28, -72.6, "T", "DIP", "AGND", "", "O", 47.24, 70.87, 55.12, 180],
		[198, "USBC1_3", 2475.28, -72.6, "B", "DIP", "AGND", "", "O", 47.24, 70.87, 55.12, 180],
		[199, "USBC1_A1", 2436.89, -267.41, "T", "SMD", "GND", "GND", "R", 11.81, 51.18, 0, 180],
		[200, "USBC1_A12", 2173.11, -267.41, "T", "SMD", "GND", "GND", "R", 11.81, 51.18, 0, 180],
		[201, "USBC1_A4", 2405.39, -267.41, "T", "SMD", "+5V", "", "R", 11.81, 51.18, 0, 180],
		[202, "USBC1_A5", 2354.21, -267.41, "T", "SMD", "GND", "GND", "R", 11.81, 51.18, 0, 180],
		[203, "USBC1_A6", 2314.84, -267.41, "T", "SMD", "USBDP", "", "R", 11.81, 51.18, 0, 180],
		[204, "USBC1_A7", 2295.16, -267.41, "T", "SMD", "USBDM", "", "R", 11.81, 51.18, 0, 180],
		[205, "USBC1_A8", 2255.8, -267.41, "T", "SMD", "USBC1_A8", "", "R", 11.81, 51.18, 0, 180],
		[206, "USBC1_A9", 2204.6, -267.41, "T", "SMD", "+5V", "", "R", 11.81, 51.18, 0, 180],
		[207, "USBC1_B1", 2184.92, -267.41, "T", "SMD", "GND", "GND", "R", 11.81, 51.18, 0, 180],
		[208, "USBC1_B12", 2425.08, -267.41, "T", "SMD", "GND", "GND", "R", 11.81, 51.18, 0, 180],
		[209, "USBC1_B4", 2216.42, -267.41, "T", "SMD", "+5V", "", "R", 11.81, 51.18, 0, 180],
		[210, "USBC1_B5", 2236.1, -267.41, "T", "SMD", "GND", "GND", "R", 11.81, 51.18, 0, 180],
		[211, "USBC1_B6", 2275.47, -267.41, "T", "SMD", "USBDP", "", "R", 11.81, 51.18, 0, 180],
		[212, "USBC1_B7", 2334.53, -267.41, "T", "SMD", "USBDM", "", "R", 11.81, 51.18, 0, 180],
		[213, "USBC1_B8", 2373.9, -267.41, "T", "SMD", "USBC1_B8", "", "R", 11.81, 51.18, 0, 180],
		[214, "USBC1_B9", 2393.58, -267.41, "T", "SMD", "+5V", "", "R", 11.81, 51.18, 0, 180],
		[215, "X1_1", 2828.84, -1364.04, "T", "SMD", "$1N1980", "", "R", 55.12, 47.24, 0, 0],
		[216, "X1_2", 2915.46, -1364.04, "T", "SMD", "GND", "GND", "R", 55.12, 47.24, 0, 0],
		[217, "X1_3", 2915.46, -1297.11, "T", "SMD", "$1N1975", "", "R", 55.12, 47.24, 0, 0],
		[218, "X1_4", 2828.84, -1297.11, "T", "SMD", "GND", "GND", "R", 55.12, 47.24, 0, 0]
	]
}
}