{
"lengthUnit": "mil",
"components": {
	"fields": ["COMPONENT_NO", "COMPONENT_NAME", "LAYER", "X_COORDINATE", "Y_COORDINATE", "ANGLE"],
	"rows": [
		[1, "C1", "T", 10160, -4460, 0],
		[2, "SEN1", "T", 7300, -2995, 0],
		[3, "U1", "T", 8890, -4375, 0],
		[4, "U2", "T", 9535, -2930, 270],
		[5, "U3", "T", 7330, -3680, 0],
		[6, "U4", "B", 8025, -4969.43, 270],
		[7, "U5", "B", 9820, -4925, 270],
		[8, "U6", "B", 8885, -5155, 180],
		[9, "U7", "T", 10135, -5305, 0]
	]
},
"pins": {
	"fields": ["PIN_NO", "PIN_NAME", "PIN_X", "PIN_Y", "LAYER", "PIN_TYPE", "NET_NAME", "NET_TYPE", "PAD_SHAPE", "PAD_SIZEX", "PAD_SIZEY", "HOLE_SIZE", "PAD_ANGLE"],
	"rows": [
		[1, "C1_1", 10093.61, -4460, "T", "SMD", "C1_1", "", "R", 59.05, 51.02, 0, 180],
		[2, "C1_2", 10226.39, -4460, "T", "SMD", "C1_2", "", "R", 59.05, 51.02, 0, 180],
		[3, "SEN1_1", 9100, -2595, "T", "DIP", "SEN1_1", "", "C", 60.63, 60.63, 35.83, 270],
		[4, "SEN1_1", 9100, -2595, "B", "DIP", "SEN1_1", "", "C", 60.63, 60.63, 35.83, 270],
		[5, "SEN1_2", 9000, -2595, "T", "DIP", "SEN1_2", "", "C", 60.63, 60.63, 35.83, 270],
		[6, "SEN1_2", 9000, -2595, "B", "DIP", "SEN1_2", "", "C", 60.63, 60.63, 35.83, 270],
		[7, "SEN1_3", 8900, -2595, "T", "DIP", "SEN1_3", "", "C", 60.63, 60.63, 35.83, 270],
		[8, "SEN1_3", 8900, -2595, "B", "DIP", "SEN1_3", "", "C", 60.63, 60.63, 35.83, 270],
		[9, "SEN1_4", 8800, -2595, "T", "DIP", "SEN1_4", "", "C", 60.63, 60.63, 35.83, 270],
		[10, "SEN1_4", 8800, -2595, "B", "DIP", "SEN1_4", "", "C", 60.63, 60.63, 35.83, 270],
		[11, "SEN1_5", 8700, -2595, "T", "DIP", "SEN1_5", "", "C", 60.63, 60.63, 35.83, 270],
		[12, "SEN1_5", 8700, -2595, "B", "DIP", "SEN1_5", "", "C", 60.63, 60.63, 35.83, 270],
		[13, "SEN1_6", 8600, -2595, "T", "DIP", "SEN1_6", "", "C", 60.63, 60.63, 35.83, 270],
		[14, "SEN1_6", 8600, -2595, "B", "DIP", "SEN1_6", "", "C", 60.63, 60.63, 35.83, 270],
		[15, "SEN1_7", 8500, -2595, "T", "DIP", "SEN1_7", "", "C", 60.63, 60.63, 35.83, 270],
		[16, "SEN1_7", 8500, -2595, "B", "DIP", "SEN1_7", "", "C", 60.63, 60.63, 35.83, 270],
		[17, "SEN1_8", 8400, -2595, "T", "DIP", "SEN1_8", "", "C", 60.63, 60.63, 35.83, 270],
		[18, "SEN1_8", 8400, -2595, "B", "DIP", "SEN1_8", "", "C", 60.63, 60.63, 35.83, 270],
		[19, "SEN1_9", 9200, -2595, "T", "DIP", "SEN1_9", "", "C", 60.63, 60.63, 35.83, 270],
		[20, "SEN1_9", 9200, -2595, "B", "DIP", "SEN1_9", "", "C", 60.63, 60.63, 35.83, 270],
		[21, "SEN1_10", 9300, -2595, "T", "DIP", "SEN1_10", "", "C", 60.63, 60.63, 35.83, 270],
		[22, "SEN1_10", 9300, -2595, "B", "DIP", "SEN1_10", "", "C", 60.63, 60.63, 35.83, 270],
		[23, "SEN1_11", 9400, -2595, "T", "DIP", "SEN1_11", "", "R", 60.63, 60.63, 35.83, 270],
		[24, "SEN1_11", 9400, -2595, "B", "DIP", "SEN1_11", "", "R", 60.63, 60.63, 35.83, 270],
		[25, "SEN1_999", 8400, -2695, "T", "DIP", "SEN1_", "", "R", 60.63, 60.63, 35.83, 270],
		[26, "SEN1_999", 8400, -2695, "B", "DIP", "SEN1_", "", "R", 60.63, 60.63, 35.83, 270],
		[27, "SEN1_999", 8500, -2695, "T", "DIP", "SEN1_A_", "", "R", 60.63, 60.63, 35.83, 270],
		[28, "SEN1_999", 8500, -2695, "B", "DIP", "SEN1_A_", "", "R", 60.63, 60.63, 35.83, 270],
		[29, "SEN1_999", 8600, -2695, "T", "DIP", "SEN1_B_", "", "R", 60.63, 60.63, 35.83, 270],
		[30, "SEN1_999", 8600, -2695, "B", "DIP", "SEN1_B_", "", "R", 60.63, 60.63, 35.83, 270],
		[31, "SEN1_999", 8700, -2695, "T", "DIP", "SEN1_C_", "", "R", 60.63, 60.63, 35.83, 270],
		[32, "SEN1_999", 8700, -2695, "B", "DIP", "SEN1_C_", "", "R", 60.63, 60.63, 35.83, 270],
		[33, "SEN1_999", 8800, -2695, "T", "DIP", "SEN1_D_", "", "R", 60.63, 60.63, 35.83, 270],
		[34, "SEN1_999", 8800, -2695, "B", "DIP", "SEN1_D_", "", "R", 60.63, 60.63, 35.83, 270],
		[35, "SEN1_999", 8900, -2695, "T", "DIP", "SEN1_E_", "", "R", 60.63, 60.63, 35.83, 270],
		[36, "SEN1_999", 8900, -2695, "B", "DIP", "SEN1_E_", "", "R", 60.63, 60.63, 35.83, 270],
		[37, "SEN1_999", 9000, -2695, "T", "DIP", "SEN1_F_", "", "C", 60.63, 60.63, 35.83, 270],
		[38, "SEN1_999", 9000, -2695, "B", "DIP", "SEN1_F_", "", "C", 60.63, 60.63, 35.83, 270],
		[39, "SEN1_999", 9100, -2695, "T", "DIP", "SEN1_G_", "", "C", 60.63, 60.63, 35.83, 270],
		[40, "SEN1_999", 9100, -2695, "B", "DIP", "SEN1_G_", "", "C", 60.63, 60.63, 35.83, 270],
		[41, "U1_1", 9590, -4075, "T", "DIP", "U1_1", "", "R", 62.99, 62.99, 35.43, 0],
		[42, "U1_1", 9590, -4075, "B", "DIP", "U1_1", "", "R", 62.99, 62.99, 35.43, 0],
		[43, "U1_2", 9490, -4075, "T", "DIP", "U1_2", "", "C", 62.99, 62.99, 35.43, 0],
		[44, "U1_2", 9490, -4075, "B", "DIP", "U1_2", "", "C", 62.99, 62.99, 35.43, 0],
		[45, "U1_3", 9390, -4075, "T", "DIP", "U1_3", "", "C", 62.99, 62.99, 35.43, 0],
		[46, "U1_3", 9390, -4075, "B", "DIP", "U1_3", "", "C", 62.99, 62.99, 35.43, 0],
		[47, "U1_4", 9290, -4075, "T", "DIP", "U1_4", "", "C", 62.99, 62.99, 35.43, 0],
		[48, "U1_4", 9290, -4075, "B", "DIP", "U1_4", "", "C", 62.99, 62.99, 35.43, 0],
		[49, "U1_5", 9190, -4075, "T", "DIP", "U1_5", "", "C", 62.99, 62.99, 35.43, 0],
		[50, "U1_5", 9190, -4075, "B", "DIP", "U1_5", "", "C", 62.99, 62.99, 35.43, 0],
		[51, "U1_6", 9090, -4075, "T", "DIP", "U1_6", "", "C", 62.99, 62.99, 35.43, 0],
		[52, "U1_6", 9090, -4075, "B", "DIP", "U1_6", "", "C", 62.99, 62.99, 35.43, 0],
		[53, "U1_7", 8990, -4075, "T", "DIP", "U1_7", "", "C", 62.99, 62.99, 35.43, 0],
		[54, "U1_7", 8990, -4075, "B", "DIP", "U1_7", "", "C", 62.99, 62.99, 35.43, 0],
		[55, "U1_8", 8890, -4075, "T", "DIP", "U1_8", "", "C", 62.99, 62.99, 35.43, 0],
		[56, "U1_8", 8890, -4075, "B", "DIP", "U1_8", "", "C", 62.99, 62.99, 35.43, 0],
		[57, "U1_9", 8790, -4075, "T", "DIP", "U1_9", "", "C", 62.99, 62.99, 35.43, 0],
		[58, "U1_9", 8790, -4075, "B", "DIP", "U1_9", "", "C", 62.99, 62.99, 35.43, 0],
		[59, "U1_10", 8690, -4075, "T", "DIP", "U1_10", "", "C", 62.99, 62.99, 35.43, 0],
		[60, "U1_10", 8690, -4075, "B", "DIP", "U1_10", "", "C", 62.99, 62.99, 35.43, 0],
		[61, "U1_11", 8590, -4075, "T", "DIP", "U1_11", "", "C", 62.99, 62.99, 35.43, 0],
		[62, "U1_11", 8590, -4075, "B", "DIP", "U1_11", "", "C", 62.99, 62.99, 35.43, 0],
		[63, "U1_12", 8490, -4075, "T", "DIP", "U1_12", "", "C", 62.99, 62.99, 35.43, 0],
		[64, "U1_12", 8490, -4075, "B", "DIP", "U1_12", "", "C", 62.99, 62.99, 35.43, 0],
		[65, "U1_13", 8390, -4075, "T", "DIP", "U1_13", "", "C", 62.99, 62.99, 35.43, 0],
		[66, "U1_13", 8390, -4075, "B", "DIP", "U1_13", "", "C", 62.99, 62.99, 35.43, 0],
		[67, "U1_14", 8290, -4075, "T", "DIP", "U1_14", "", "C", 62.99, 62.99, 35.43, 0],
		[68, "U1_14", 8290, -4075, "B", "DIP", "U1_14", "", "C", 62.99, 62.99, 35.43, 0],
		[69, "U1_15", 8190, -4075, "T", "DIP", "U1_15", "", "C", 62.99, 62.99, 35.43, 0],
		[70, "U1_15", 8190, -4075, "B", "DIP", "U1_15", "", "C", 62.99, 62.99, 35.43, 0],
		[71, "U1_16", 8190, -4675, "T", "DIP", "U1_16", "", "C", 62.99, 62.99, 35.43, 0],
		[72, "U1_16", 8190, -4675, "B", "DIP", "U1_16", "", "C", 62.99, 62.99, 35.43, 0],
		[73, "U1_17", 8290, -4675, "T", "DIP", "U1_17", "", "C", 62.99, 62.99, 35.43, 0],
		[74, "U1_17", 8290, -4675, "B", "DIP", "U1_17", "", "C", 62.99, 62.99, 35.43, 0],
		[75, "U1_18", 8390, -4675, "T", "DIP", "U1_18", "", "C", 62.99, 62.99, 35.43, 0],
		[76, "U1_18", 8390, -4675, "B", "DIP", "U1_18", "", "C", 62.99, 62.99, 35.43, 0],
		[77, "U1_19", 8490, -4675, "T", "DIP", "U1_19", "", "C", 62.99, 62.99, 35.43, 0],
		[78, "U1_19", 8490, -4675, "B", "DIP", "U1_19", "", "C", 62.99, 62.99, 35.43, 0],
		[79, "U1_20", 8590, -4675, "T", "DIP", "U1_20", "", "C", 62.99, 62.99, 35.43, 0],
		[80, "U1_20", 8590, -4675, "B", "DIP", "U1_20", "", "C", 62.99, 62.99, 35.43, 0],
		[81, "U1_21", 8690, -4675, "T", "DIP", "U1_21", "", "C", 62.99, 62.99, 35.43, 0],
		[82, "U1_21", 8690, -4675, "B", "DIP", "U1_21", "", "C", 62.99, 62.99, 35.43, 0],
		[83, "U1_22", 8790, -4675, "T", "DIP", "U1_22", "", "C", 62.99, 62.99, 35.43, 0],
		[84, "U1_22", 8790, -4675, "B", "DIP", "U1_22", "", "C", 62.99, 62.99, 35.43, 0],
		[85, "U1_23", 8890, -4675, "T", "DIP", "U1_23", "", "C", 62.99, 62.99, 35.43, 0],
		[86, "U1_23", 8890, -4675, "B", "DIP", "U1_23", "", "C", 62.99, 62.99, 35.43, 0],
		[87, "U1_24", 8990, -4675, "T", "DIP", "U1_24", "", "C", 62.99, 62.99, 35.43, 0],
		[88, "U1_24", 8990, -4675, "B", "DIP", "U1_24", "", "C", 62.99, 62.99, 35.43, 0],
		[89, "U1_25", 9090, -4675, "T", "DIP", "U1_25", "", "C", 62.99, 62.99, 35.43, 0],
		[90, "U1_25", 9090, -4675, "B", "DIP", "U1_25", "", "C", 62.99, 62.99, 35.43, 0],
		[91, "U1_26", 9190, -4675, "T", "DIP", "U1_26", "", "C", 62.99, 62.99, 35.43, 0],
		[92, "U1_26", 9190, -4675, "B", "DIP", "U1_26", "", "C", 62.99, 62.99, 35.43, 0],
		[93, "U1_27", 9290, -4675, "T", "DIP", "U1_27", "", "C", 62.99, 62.99, 35.43, 0],
		[94, "U1_27", 9290, -4675, "B", "DIP", "U1_27", "", "C", 62.99, 62.99, 35.43, 0],
		[95, "U1_28", 9390, -4675, "T", "DIP", "U1_28", "", "C", 62.99, 62.99, 35.43, 0],
		[96, "U1_28", 9390, -4675, "B", "DIP", "U1_28", "", "C", 62.99, 62.99, 35.43, 0],
		[97, "U1_29", 9490, -4675, "T", "DIP", "U1_29", "", "C", 62.99, 62.99, 35.43, 0],
		[98, "U1_29", 9490, -4675, "B", "DIP", "U1_29", "", "C", 62.99, 62.99, 35.43, 0],
		[99, "U1_30", 9590, -4675, "T", "DIP", "U1_30", "", "R", 62.99, 62.99, 35.43, 0],
		[100, "U1_30", 9590, -4675, "B", "DIP", "U1_30", "", "R", 62.99, 62.99, 35.43, 0],
		[101, "U2_1", 10135.39, -2998.9, "T", "DIP", "U2_1", "", "C", 78.74, 78.74, 39.37, 270],
		[102, "U2_1", 10135.39, -2998.9, "B", "DIP", "U2_1", "", "C", 78.74, 78.74, 39.37, 270],
		[103, "U2_1", 10036.97, -2998.9, "T", "DIP", "U2_A_1", "", "C", 78.74, 78.74, 39.37, 270],
		[104, "U2_1", 10036.97, -2998.9, "B", "DIP", "U2_A_1", "", "C", 78.74, 78.74, 39.37, 270],
		[105, "U2_2", 9603.9, -2998.9, "T", "DIP", "U2_2", "", "R", 78.74, 78.74, 39.37, 270],
		[106, "U2_2", 9603.9, -2998.9, "B", "DIP", "U2_2", "", "R", 78.74, 78.74, 39.37, 270],
		[107, "U2_2", 9702.32, -2998.9, "T", "DIP", "U2_A_2", "", "R", 78.74, 78.74, 39.37, 270],
		[108, "U2_2", 9702.32, -2998.9, "B", "DIP", "U2_A_2", "", "R", 78.74, 78.74, 39.37, 270],
		[109, "U2_3", 10135.39, -3727.24, "T", "DIP", "U2_3", "", "C", 78.74, 78.74, 39.37, 270],
		[110, "U2_3", 10135.39, -3727.24, "B", "DIP", "U2_3", "", "C", 78.74, 78.74, 39.37, 270],
		[111, "U2_3", 10036.97, -3727.24, "T", "DIP", "U2_A_3", "", "C", 78.74, 78.74, 39.37, 270],
		[112, "U2_3", 10036.97, -3727.24, "B", "DIP", "U2_A_3", "", "C", 78.74, 78.74, 39.37, 270],
		[113, "U2_4", 9603.9, -3727.24, "T", "DIP", "U2_4", "", "R", 78.74, 78.74, 39.37, 270],
		[114, "U2_4", 9603.9, -3727.24, "B", "DIP", "U2_4", "", "R", 78.74, 78.74, 39.37, 270],
		[115, "U2_4", 9702.32, -3727.24, "T", "DIP", "U2_A_4", "", "R", 78.74, 78.74, 39.37, 270],
		[116, "U2_4", 9702.32, -3727.24, "B", "DIP", "U2_A_4", "", "R", 78.74, 78.74, 39.37, 270],
		[117, "U3_1", 7385, -2930, "T", "DIP", "U3_1", "", "C", 60, 60, 36, 0],
		[118, "U3_1", 7385, -2930, "B", "DIP", "U3_1", "", "C", 60, 60, 36, 0],
		[119, "U3_2", 7385, -3030, "T", "DIP", "U3_2", "", "C", 60, 60, 30, 0],
		[120, "U3_2", 7385, -3030, "B", "DIP", "U3_2", "", "C", 60, 60, 30, 0],
		[121, "U3_3", 7385, -3130, "T", "DIP", "U3_3", "", "C", 60, 60, 30, 0],
		[122, "U3_3", 7385, -3130, "B", "DIP", "U3_3", "", "C", 60, 60, 30, 0],
		[123, "U3_4", 7385, -3230, "T", "DIP", "U3_4", "", "C", 60, 60, 30, 0],
		[124, "U3_4", 7385, -3230, "B", "DIP", "U3_4", "", "C", 60, 60, 30, 0],
		[125, "U3_5", 7385, -3330, "T", "DIP", "U3_5", "", "C", 60, 60, 30, 0],
		[126, "U3_5", 7385, -3330, "B", "DIP", "U3_5", "", "C", 60, 60, 30, 0],
		[127, "U3_6", 7385, -3430, "T", "DIP", "U3_6", "", "C", 60, 60, 30, 0],
		[128, "U3_6", 7385, -3430, "B", "DIP", "U3_6", "", "C", 60, 60, 30, 0],
		[129, "U3_7", 7385, -3530, "T", "DIP", "U3_7", "", "C", 60, 60, 30, 0],
		[130, "U3_7", 7385, -3530, "B", "DIP", "U3_7", "", "C", 60, 60, 30, 0],
		[131, "U3_8", 7385, -3630, "T", "DIP", "U3_8", "", "C", 60, 60, 30, 0],
		[132, "U3_8", 7385, -3630, "B", "DIP", "U3_8", "", "C", 60, 60, 30, 0],
		[133, "U3_9", 7885, -3630, "T", "DIP", "U3_9", "", "C", 60, 60, 30, 0],
		[134, "U3_9", 7885, -3630, "B", "DIP", "U3_9", "", "C", 60, 60, 30, 0],
		[135, "U3_10", 7885, -3530, "T", "DIP", "U3_10", "", "C", 60, 60, 30, 0],
		[136, "U3_10", 7885, -3530, "B", "DIP", "U3_10", "", "C", 60, 60, 30, 0],
		[137, "U3_11", 7885, -3430, "T", "DIP", "U3_11", "", "C", 60, 60, 30, 0],
		[138, "U3_11", 7885, -3430, "B", "DIP", "U3_11", "", "C", 60, 60, 30, 0],
		[139, "U3_12", 7885, -3330, "T", "DIP", "U3_12", "", "C", 60, 60, 30, 0],
		[140, "U3_12", 7885, -3330, "B", "DIP", "U3_12", "", "C", 60, 60, 30, 0],
		[141, "U3_13", 7885, -3230, "T", "DIP", "U3_13", "", "C", 60, 60, 30, 0],
		[142, "U3_13", 7885, -3230, "B", "DIP", "U3_13", "", "C", 60, 60, 30, 0],
		[143, "U3_14", 7885, -3130, "T", "DIP", "U3_14", "", "C", 60, 60, 30, 0],
		[144, "U3_14", 7885, -3130, "B", "DIP", "U3_14", "", "C", 60, 60, 30, 0],
		[145, "U3_15", 7885, -3030, "T", "DIP", "U3_15", "", "C", 60, 60, 30, 0],
		[146, "U3_15", 7885, -3030, "B", "DIP", "U3_15", "", "C", 60, 60, 30, 0],
		[147, "U3_16", 7885, -2930, "T", "DIP", "U3_16", "", "C", 60, 60, 30, 0],
		[148, "U3_16", 7885, -2930, "B", "DIP", "U3_16", "", "C", 60, 60, 30, 0],
		[149, "U4_1", 8025, -4969.43, "T", "DIP", "U4_1", "", "C", 60, 60, 36, 270],
		[150, "U4_1", 8025, -4969.43, "B", "DIP", "U4_1", "", "C", 60, 60, 36, 270],
		[151, "U4_2", 8025, -5166.28, "T", "DIP", "U4_2", "", "C", 60, 60, 36, 270],
		[152, "U4_2", 8025, -5166.28, "B", "DIP", "U4_2", "", "C", 60, 60, 36, 270],
		[153, "U5_1", 9820, -4925, "T", "DIP", "U5_1", "", "C", 60, 60, 36, 270],
		[154, "U5_1", 9820, -4925, "B", "DIP", "U5_1", "", "C", 60, 60, 36, 270],
		[155, "U5_2", 9820, -5121.85, "T", "DIP", "U5_2", "", "C", 60, 60, 36, 270],
		[156, "U5_2", 9820, -5121.85, "B", "DIP", "U5_2", "", "C", 60, 60, 36, 270],
		[157, "U6_1", 8885, -5155, "T", "DIP", "U6_1", "", "C", 60, 60, 36, 180],
		[158, "U6_1", 8885, -5155, "B", "DIP", "U6_1", "", "C", 60, 60, 36, 180],
		[159, "U6_2", 8688.15, -5155, "T", "DIP", "U6_2", "", "C", 60, 60, 36, 180],
		[160, "U6_2", 8688.15, -5155, "B", "DIP", "U6_2", "", "C", 60, 60, 36, 180],
		[161, "U7_1", 9935, -5235, "T", "DIP", "U7_1", "", "C", 60, 60, 36, 0],
		[162, "U7_1", 9935, -5235, "B", "DIP", "U7_1", "", "C", 60, 60, 36, 0],
		[163, "U7_2", 9935, -5377.92, "T", "DIP", "U7_2", "", "C", 60, 60, 36, 0],
		[164, "U7_2", 9935, -5377.92, "B", "DIP", "U7_2", "", "C", 60, 60, 36, 0]
	]
}
}