{
"lengthUnit": "mil",
"components": {
	"fields": ["COMPONENT_NO", "COMPONENT_NAME", "LAYER", "X_COORDINATE", "Y_COORDINATE", "ANGLE"],
	"rows": [
		[1, "Arduino Nano", "T", 1575, 1990, 0],
		[2, "B1", "T", 835, 305, 0],
		[3, "B2", "T", 345, 780, 0],
		[4, "B3", "T", 835, 1255, 0],
		[5, "B4", "T", 1325, 780, 0],
		[6, "C1", "T", 2855.65, 2585.67, 180],
		[7, "FTDI", "T", 3321.63, 2582.43, 0],
		[8, "J1", "T", 274.69, 1696.64, 90],
		[9, "J2", "T", 3709.68, 1718.51, 90],
		[10, "MPU6050", "T", 2533.82, 1276.38, 0],
		[11, "nRF24l01", "T", 2510, 2145, 0],
		[12, "P1", "T", 350, 2716.64, 0],
		[13, "P2", "T", 350, 2550, 0],
		[14, "P3", "T", 350, 2385, 0],
		[15, "P4", "T", 355, 2225, 0],
		[16, "Power", "T", 3770, 2580, 0],
		[17, "S1", "T", 3360, 785, 270],
		[18, "S2", "T", 3815, 785, 270],
		[19, "Selectors", "T", 2461.31, 1682.49, 270],
		[20, "U2", "T", 3106.78, 2079.26, 180]
	]
},
"pins": {
	"fields": ["PIN_NO", "PIN_NAME", "PIN_X", "PIN_Y", "LAYER", "PIN_TYPE", "NET_NAME", "NET_TYPE", "PAD_SHAPE", "PAD_SIZEX", "PAD_SIZEY", "HOLE_SIZE", "PAD_ANGLE"],
	"rows": [
		[1, "Arduino Nano_1", 1275, 2690, "T", "DIP", "$1N1129", "", "R", 62.99, 62.99, 39.37, 0],
		[2, "Arduino Nano_1", 1275, 2690, "B", "DIP", "$1N1129", "", "R", 62.99, 62.99, 39.37, 0],
		[3, "Arduino Nano_2", 1275, 2590, "T", "DIP", "Arduino Nano_2", "", "C", 62.99, 62.99, 39.37, 0],
		[4, "Arduino Nano_2", 1275, 2590, "B", "DIP", "Arduino Nano_2", "", "C", 62.99, 62.99, 39.37, 0],
		[5, "Arduino Nano_3", 1275, 2490, "T", "DIP", "Arduino Nano_3", "", "C", 62.99, 62.99, 39.37, 0],
		[6, "Arduino Nano_3", 1275, 2490, "B", "DIP", "Arduino Nano_3", "", "C", 62.99, 62.99, 39.37, 0],
		[7, "Arduino Nano_4", 1275, 2390, "T", "DIP", "$1N1115", "", "C", 62.99, 62.99, 39.37, 0],
		[8, "Arduino Nano_4", 1275, 2390, "B", "DIP", "$1N1115", "", "C", 62.99, 62.99, 39.37, 0],
		[9, "Arduino Nano_5", 1275, 2290, "T", "DIP", "$1N1116", "", "C", 62.99, 62.99, 39.37, 0],
		[10, "Arduino Nano_5", 1275, 2290, "B", "DIP", "$1N1116", "", "C", 62.99, 62.99, 39.37, 0],
		[11, "Arduino Nano_6", 1275, 2190, "T", "DIP", "$1N1117", "", "C", 62.99, 62.99, 39.37, 0],
		[12, "Arduino Nano_6", 1275, 2190, "B", "DIP", "$1N1117", "", "C", 62.99, 62.99, 39.37, 0],
		[13, "Arduino Nano_7", 1275, 2090, "T", "DIP", "$1N1118", "", "C", 62.99, 62.99, 39.37, 0],
		[14, "Arduino Nano_7", 1275, 2090, "B", "DIP", "$1N1118", "", "C", 62.99, 62.99, 39.37, 0],
		[15, "Arduino Nano_8", 1275, 1990, "T", "DIP", "$1N1111", "", "C", 62.99, 62.99, 39.37, 0],
		[16, "Arduino Nano_8", 1275, 1990, "B", "DIP", "$1N1111", "", "C", 62.99, 62.99, 39.37, 0],
		[17, "Arduino Nano_9", 1275, 1890, "T", "DIP", "$1N1110", "", "C", 62.99, 62.99, 39.37, 0],
		[18, "Arduino Nano_9", 1275, 1890, "B", "DIP", "$1N1110", "", "C", 62.99, 62.99, 39.37, 0],
		[19, "Arduino Nano_10", 1275, 1790, "T", "DIP", "$1N1124", "", "C", 62.99, 62.99, 39.37, 0],
		[20, "Arduino Nano_10", 1275, 1790, "B", "DIP", "$1N1124", "", "C", 62.99, 62.99, 39.37, 0],
		[21, "Arduino Nano_11", 1275, 1690, "T", "DIP", "$1N1125", "", "C", 62.99, 62.99, 39.37, 0],
		[22, "Arduino Nano_11", 1275, 1690, "B", "DIP", "$1N1125", "", "C", 62.99, 62.99, 39.37, 0],
		[23, "Arduino Nano_12", 1275, 1590, "T", "DIP", "$1N2235", "", "C", 62.99, 62.99, 39.37, 0],
		[24, "Arduino Nano_12", 1275, 1590, "B", "DIP", "$1N2235", "", "C", 62.99, 62.99, 39.37, 0],
		[25, "Arduino Nano_13", 1275, 1490, "T", "DIP", "$1N1139", "", "C", 62.99, 62.99, 39.37, 0],
		[26, "Arduino Nano_13", 1275, 1490, "B", "DIP", "$1N1139", "", "C", 62.99, 62.99, 39.37, 0],
		[27, "Arduino Nano_14", 1275, 1390, "T", "DIP", "$1N2204", "", "C", 62.99, 62.99, 39.37, 0],
		[28, "Arduino Nano_14", 1275, 1390, "B", "DIP", "$1N2204", "", "C", 62.99, 62.99, 39.37, 0],
		[29, "Arduino Nano_15", 1275, 1290, "T", "DIP", "$1N1105", "", "C", 62.99, 62.99, 39.37, 0],
		[30, "Arduino Nano_15", 1275, 1290, "B", "DIP", "$1N1105", "", "C", 62.99, 62.99, 39.37, 0],
		[31, "Arduino Nano_16", 1875, 1290, "T", "DIP", "$1N1108", "", "C", 62.99, 62.99, 39.37, 0],
		[32, "Arduino Nano_16", 1875, 1290, "B", "DIP", "$1N1108", "", "C", 62.99, 62.99, 39.37, 0],
		[33, "Arduino Nano_17", 1875, 1390, "T", "DIP", "$1N1109", "", "C", 62.99, 62.99, 39.37, 0],
		[34, "Arduino Nano_17", 1875, 1390, "B", "DIP", "$1N1109", "", "C", 62.99, 62.99, 39.37, 0],
		[35, "Arduino Nano_18", 1875, 1490, "T", "DIP", "Arduino Nano_18", "", "C", 62.99, 62.99, 39.37, 0],
		[36, "Arduino Nano_18", 1875, 1490, "B", "DIP", "Arduino Nano_18", "", "C", 62.99, 62.99, 39.37, 0],
		[37, "Arduino Nano_19", 1875, 1590, "T", "DIP", "Arduino Nano_19", "", "C", 62.99, 62.99, 39.37, 0],
		[38, "Arduino Nano_19", 1875, 1590, "B", "DIP", "Arduino Nano_19", "", "C", 62.99, 62.99, 39.37, 0],
		[39, "Arduino Nano_20", 1875, 1690, "T", "DIP", "$1N1121", "", "C", 62.99, 62.99, 39.37, 0],
		[40, "Arduino Nano_20", 1875, 1690, "B", "DIP", "$1N1121", "", "C", 62.99, 62.99, 39.37, 0],
		[41, "Arduino Nano_21", 1875, 1790, "T", "DIP", "$1N1122", "", "C", 62.99, 62.99, 39.37, 0],
		[42, "Arduino Nano_21", 1875, 1790, "B", "DIP", "$1N1122", "", "C", 62.99, 62.99, 39.37, 0],
		[43, "Arduino Nano_22", 1875, 1890, "T", "DIP", "$1N1137", "", "C", 62.99, 62.99, 39.37, 0],
		[44, "Arduino Nano_22", 1875, 1890, "B", "DIP", "$1N1137", "", "C", 62.99, 62.99, 39.37, 0],
		[45, "Arduino Nano_23", 1875, 1990, "T", "DIP", "$1N1136", "", "C", 62.99, 62.99, 39.37, 0],
		[46, "Arduino Nano_23", 1875, 1990, "B", "DIP", "$1N1136", "", "C", 62.99, 62.99, 39.37, 0],
		[47, "Arduino Nano_24", 1875, 2090, "T", "DIP", "$1N1135", "", "C", 62.99, 62.99, 39.37, 0],
		[48, "Arduino Nano_24", 1875, 2090, "B", "DIP", "$1N1135", "", "C", 62.99, 62.99, 39.37, 0],
		[49, "Arduino Nano_25", 1875, 2190, "T", "DIP", "$1N1134", "", "C", 62.99, 62.99, 39.37, 0],
		[50, "Arduino Nano_25", 1875, 2190, "B", "DIP", "$1N1134", "", "C", 62.99, 62.99, 39.37, 0],
		[51, "Arduino Nano_26", 1875, 2290, "T", "DIP", "$1N1107", "", "C", 62.99, 62.99, 39.37, 0],
		[52, "Arduino Nano_26", 1875, 2290, "B", "DIP", "$1N1107", "", "C", 62.99, 62.99, 39.37, 0],
		[53, "Arduino Nano_27", 1875, 2390, "T", "DIP", "$1N1130", "", "C", 62.99, 62.99, 39.37, 0],
		[54, "Arduino Nano_27", 1875, 2390, "B", "DIP", "$1N1130", "", "C", 62.99, 62.99, 39.37, 0],
		[55, "Arduino Nano_28", 1875, 2490, "T", "DIP", "$1N1133", "", "C", 62.99, 62.99, 39.37, 0],
		[56, "Arduino Nano_28", 1875, 2490, "B", "DIP", "$1N1133", "", "C", 62.99, 62.99, 39.37, 0],
		[57, "Arduino Nano_29", 1875, 2590, "T", "DIP", "$1N1132", "", "C", 62.99, 62.99, 39.37, 0],
		[58, "Arduino Nano_29", 1875, 2590, "B", "DIP", "$1N1132", "", "C", 62.99, 62.99, 39.37, 0],
		[59, "Arduino Nano_30", 1875, 2690, "T", "DIP", "$1N1131", "", "C", 62.99, 62.99, 39.37, 0],
		[60, "Arduino Nano_30", 1875, 2690, "B", "DIP", "$1N1131", "", "C", 62.99, 62.99, 39.37, 0],
		[61, "B1_1", 1081.06, 206.57, "T", "DIP", "$1N2204", "", "C", 78.74, 78.74, 51.18, 0],
		[62, "B1_1", 1081.06, 206.57, "B", "DIP", "$1N2204", "", "C", 78.74, 78.74, 51.18, 0],
		[63, "B1_2", 588.94, 206.57, "T", "DIP", "B1_2", "", "C", 78.74, 78.74, 51.18, 0],
		[64, "B1_2", 588.94, 206.57, "B", "DIP", "B1_2", "", "C", 78.74, 78.74, 51.18, 0],
		[65, "B1_3", 1081.06, 403.42, "T", "DIP", "B1_3", "", "C", 78.74, 78.74, 51.18, 0],
		[66, "B1_3", 1081.06, 403.42, "B", "DIP", "B1_3", "", "C", 78.74, 78.74, 51.18, 0],
		[67, "B1_4", 588.94, 403.42, "T", "DIP", "$1N1137", "", "C", 78.74, 78.74, 51.18, 0],
		[68, "B1_4", 588.94, 403.42, "B", "DIP", "$1N1137", "", "C", 78.74, 78.74, 51.18, 0],
		[69, "B2_1", 591.06, 681.58, "T", "DIP", "$1N2204", "", "C", 78.74, 78.74, 51.18, 0],
		[70, "B2_1", 591.06, 681.58, "B", "DIP", "$1N2204", "", "C", 78.74, 78.74, 51.18, 0],
		[71, "B2_2", 98.94, 681.58, "T", "DIP", "B2_2", "", "C", 78.74, 78.74, 51.18, 0],
		[72, "B2_2", 98.94, 681.58, "B", "DIP", "B2_2", "", "C", 78.74, 78.74, 51.18, 0],
		[73, "B2_3", 591.06, 878.42, "T", "DIP", "B2_3", "", "C", 78.74, 78.74, 51.18, 0],
		[74, "B2_3", 591.06, 878.42, "B", "DIP", "B2_3", "", "C", 78.74, 78.74, 51.18, 0],
		[75, "B2_4", 98.94, 878.42, "T", "DIP", "$1N1136", "", "C", 78.74, 78.74, 51.18, 0],
		[76, "B2_4", 98.94, 878.42, "B", "DIP", "$1N1136", "", "C", 78.74, 78.74, 51.18, 0],
		[77, "B3_1", 1081.06, 1156.58, "T", "DIP", "$1N2204", "", "C", 78.74, 78.74, 51.18, 0],
		[78, "B3_1", 1081.06, 1156.58, "B", "DIP", "$1N2204", "", "C", 78.74, 78.74, 51.18, 0],
		[79, "B3_2", 588.94, 1156.58, "T", "DIP", "B3_2", "", "C", 78.74, 78.74, 51.18, 0],
		[80, "B3_2", 588.94, 1156.58, "B", "DIP", "B3_2", "", "C", 78.74, 78.74, 51.18, 0],
		[81, "B3_3", 1081.06, 1353.42, "T", "DIP", "B3_3", "", "C", 78.74, 78.74, 51.18, 0],
		[82, "B3_3", 1081.06, 1353.42, "B", "DIP", "B3_3", "", "C", 78.74, 78.74, 51.18, 0],
		[83, "B3_4", 588.94, 1353.42, "T", "DIP", "$1N1135", "", "C", 78.74, 78.74, 51.18, 0],
		[84, "B3_4", 588.94, 1353.42, "B", "DIP", "$1N1135", "", "C", 78.74, 78.74, 51.18, 0],
		[85, "B4_1", 1571.06, 681.58, "T", "DIP", "$1N2204", "", "C", 78.74, 78.74, 51.18, 0],
		[86, "B4_1", 1571.06, 681.58, "B", "DIP", "$1N2204", "", "C", 78.74, 78.74, 51.18, 0],
		[87, "B4_2", 1078.94, 681.58, "T", "DIP", "B4_2", "", "C", 78.74, 78.74, 51.18, 0],
		[88, "B4_2", 1078.94, 681.58, "B", "DIP", "B4_2", "", "C", 78.74, 78.74, 51.18, 0],
		[89, "B4_3", 1571.06, 878.42, "T", "DIP", "B4_3", "", "C", 78.74, 78.74, 51.18, 0],
		[90, "B4_3", 1571.06, 878.42, "B", "DIP", "B4_3", "", "C", 78.74, 78.74, 51.18, 0],
		[91, "B4_4", 1078.94, 878.42, "T", "DIP", "$1N1134", "", "C", 78.74, 78.74, 51.18, 0],
		[92, "B4_4", 1078.94, 878.42, "B", "DIP", "$1N1134", "", "C", 78.74, 78.74, 51.18, 0],
		[93, "C1_1", 2895.02, 2585.67, "T", "DIP", "$1N1138", "", "C", 51.18, 51.18, 31.5, 180],
		[94, "C1_1", 2895.02, 2585.67, "B", "DIP", "$1N1138", "", "C", 51.18, 51.18, 31.5, 180],
		[95, "C1_2", 2816.28, 2585.67, "T", "DIP", "$1N1139", "", "C", 51.18, 51.18, 31.5, 180],
		[96, "C1_2", 2816.28, 2585.67, "B", "DIP", "$1N1139", "", "C", 51.18, 51.18, 31.5, 180],
		[97, "FTDI_1", 3071.63, 2582.43, "T", "DIP", "$1N1138", "", "R", 70.87, 70.87, 47.24, 0],
		[98, "FTDI_1", 3071.63, 2582.43, "B", "DIP", "$1N1138", "", "R", 70.87, 70.87, 47.24, 0],
		[99, "FTDI_2", 3171.63, 2582.43, "T", "DIP", "$1N1141", "", "C", 70.87, 70.87, 47.24, 0],
		[100, "FTDI_2", 3171.63, 2582.43, "B", "DIP", "$1N1141", "", "C", 70.87, 70.87, 47.24, 0],
		[101, "FTDI_3", 3271.63, 2582.43, "T", "DIP", "$1N1140", "", "C", 70.87, 70.87, 47.24, 0],
		[102, "FTDI_3", 3271.63, 2582.43, "B", "DIP", "$1N1140", "", "C", 70.87, 70.87, 47.24, 0],
		[103, "FTDI_4", 3371.63, 2582.43, "T", "DIP", "$1N2235", "", "C", 70.87, 70.87, 47.24, 0],
		[104, "FTDI_4", 3371.63, 2582.43, "B", "DIP", "$1N2235", "", "C", 70.87, 70.87, 47.24, 0],
		[105, "FTDI_5", 3471.63, 2582.43, "T", "DIP", "FTDI_5", "", "C", 70.87, 70.87, 47.24, 0],
		[106, "FTDI_5", 3471.63, 2582.43, "B", "DIP", "FTDI_5", "", "C", 70.87, 70.87, 47.24, 0],
		[107, "FTDI_6", 3571.63, 2582.43, "T", "DIP", "$1N2204", "", "C", 70.87, 70.87, 47.24, 0],
		[108, "FTDI_6", 3571.63, 2582.43, "B", "DIP", "$1N2204", "", "C", 70.87, 70.87, 47.24, 0],
		[109, "J1_1", 274.69, 1496.64, "T", "DIP", "$1N2204", "", "R", 66.93, 66.93, 43.31, 90],
		[110, "J1_1", 274.69, 1496.64, "B", "DIP", "$1N2204", "", "R", 66.93, 66.93, 43.31, 90],
		[111, "J1_2", 274.69, 1596.64, "T", "DIP", "$1N2235", "", "C", 66.93, 66.93, 43.31, 90],
		[112, "J1_2", 274.69, 1596.64, "B", "DIP", "$1N2235", "", "C", 66.93, 66.93, 43.31, 90],
		[113, "J1_3", 274.69, 1696.64, "T", "DIP", "$1N1115", "", "C", 66.93, 66.93, 43.31, 90],
		[114, "J1_3", 274.69, 1696.64, "B", "DIP", "$1N1115", "", "C", 66.93, 66.93, 43.31, 90],
		[115, "J1_4", 274.69, 1796.64, "T", "DIP", "$1N1116", "", "C", 66.93, 66.93, 43.31, 90],
		[116, "J1_4", 274.69, 1796.64, "B", "DIP", "$1N1116", "", "C", 66.93, 66.93, 43.31, 90],
		[117, "J1_5", 274.69, 1896.64, "T", "DIP", "$1N1120", "", "C", 66.93, 66.93, 43.31, 90],
		[118, "J1_5", 274.69, 1896.64, "B", "DIP", "$1N1120", "", "C", 66.93, 66.93, 43.31, 90],
		[119, "J2_1", 3709.68, 1518.51, "T", "DIP", "$1N2204", "", "R", 66.93, 66.93, 43.31, 90],
		[120, "J2_1", 3709.68, 1518.51, "B", "DIP", "$1N2204", "", "R", 66.93, 66.93, 43.31, 90],
		[121, "J2_2", 3709.68, 1618.51, "T", "DIP", "$1N2235", "", "C", 66.93, 66.93, 43.31, 90],
		[122, "J2_2", 3709.68, 1618.51, "B", "DIP", "$1N2235", "", "C", 66.93, 66.93, 43.31, 90],
		[123, "J2_3", 3709.68, 1718.51, "T", "DIP", "$1N1117", "", "C", 66.93, 66.93, 43.31, 90],
		[124, "J2_3", 3709.68, 1718.51, "B", "DIP", "$1N1117", "", "C", 66.93, 66.93, 43.31, 90],
		[125, "J2_4", 3709.68, 1818.51, "T", "DIP", "$1N1118", "", "C", 66.93, 66.93, 43.31, 90],
		[126, "J2_4", 3709.68, 1818.51, "B", "DIP", "$1N1118", "", "C", 66.93, 66.93, 43.31, 90],
		[127, "J2_5", 3709.68, 1918.51, "T", "DIP", "$1N1119", "", "C", 66.93, 66.93, 43.31, 90],
		[128, "J2_5", 3709.68, 1918.51, "B", "DIP", "$1N1119", "", "C", 66.93, 66.93, 43.31, 90],
		[129, "MPU6050_1", 2183.82, 1276.38, "T", "DIP", "$1N2235", "", "R", 62, 66.93, 43.31, 0],
		[130, "MPU6050_1", 2183.82, 1276.38, "B", "DIP", "$1N2235", "", "R", 62, 66.93, 43.31, 0],
		[131, "MPU6050_2", 2283.82, 1276.38, "T", "DIP", "$1N2204", "", "C", 66.93, 66.93, 43.31, 0],
		[132, "MPU6050_2", 2283.82, 1276.38, "B", "DIP", "$1N2204", "", "C", 66.93, 66.93, 43.31, 0],
		[133, "MPU6050_3", 2383.82, 1276.38, "T", "DIP", "$1N1112", "", "C", 66.93, 66.93, 43.31, 0],
		[134, "MPU6050_3", 2383.82, 1276.38, "B", "DIP", "$1N1112", "", "C", 66.93, 66.93, 43.31, 0],
		[135, "MPU6050_4", 2483.82, 1276.38, "T", "DIP", "$1N1113", "", "C", 66.93, 66.93, 43.31, 0],
		[136, "MPU6050_4", 2483.82, 1276.38, "B", "DIP", "$1N1113", "", "C", 66.93, 66.93, 43.31, 0],
		[137, "MPU6050_5", 2583.82, 1276.38, "T", "DIP", "MPU6050_5", "", "C", 66.93, 66.93, 43.31, 0],
		[138, "MPU6050_5", 2583.82, 1276.38, "B", "DIP", "MPU6050_5", "", "C", 66.93, 66.93, 43.31, 0],
		[139, "MPU6050_6", 2683.82, 1276.38, "T", "DIP", "MPU6050_6", "", "C", 66.93, 66.93, 43.31, 0],
		[140, "MPU6050_6", 2683.82, 1276.38, "B", "DIP", "MPU6050_6", "", "C", 66.93, 66.93, 43.31, 0],
		[141, "MPU6050_7", 2783.82, 1276.38, "T", "DIP", "MPU6050_7", "", "C", 66.93, 66.93, 43.31, 0],
		[142, "MPU6050_7", 2783.82, 1276.38, "B", "DIP", "MPU6050_7", "", "C", 66.93, 66.93, 43.31, 0],
		[143, "MPU6050_8", 2883.82, 1276.38, "T", "DIP", "MPU6050_8", "", "C", 66.93, 66.93, 43.31, 0],
		[144, "MPU6050_8", 2883.82, 1276.38, "B", "DIP", "MPU6050_8", "", "C", 66.93, 66.93, 43.31, 0],
		[145, "nRF24l01_1", 2360, 2095, "T", "DIP", "$1N2204", "", "R", 62.99, 62.99, 43.31, 0],
		[146, "nRF24l01_1", 2360, 2095, "B", "DIP", "$1N2204", "", "R", 62.99, 62.99, 43.31, 0],
		[147, "nRF24l01_2", 2360, 2195, "T", "DIP", "$1N1106", "", "C", 62.99, 62.99, 43.31, 0],
		[148, "nRF24l01_2", 2360, 2195, "B", "DIP", "$1N1106", "", "C", 62.99, 62.99, 43.31, 0],
		[149, "nRF24l01_3", 2460, 2095, "T", "DIP", "$1N1130", "", "C", 62.99, 62.99, 43.31, 0],
		[150, "nRF24l01_3", 2460, 2095, "B", "DIP", "$1N1130", "", "C", 62.99, 62.99, 43.31, 0],
		[151, "nRF24l01_4", 2460, 2195, "T", "DIP", "$1N1107", "", "C", 62.99, 62.99, 43.31, 0],
		[152, "nRF24l01_4", 2460, 2195, "B", "DIP", "$1N1107", "", "C", 62.99, 62.99, 43.31, 0],
		[153, "nRF24l01_5", 2560, 2095, "T", "DIP", "$1N1129", "", "C", 62.99, 62.99, 43.31, 0],
		[154, "nRF24l01_5", 2560, 2095, "B", "DIP", "$1N1129", "", "C", 62.99, 62.99, 43.31, 0],
		[155, "nRF24l01_6", 2560, 2195, "T", "DIP", "$1N1132", "", "C", 62.99, 62.99, 43.31, 0],
		[156, "nRF24l01_6", 2560, 2195, "B", "DIP", "$1N1132", "", "C", 62.99, 62.99, 43.31, 0],
		[157, "nRF24l01_7", 2660, 2095, "T", "DIP", "$1N1131", "", "C", 62.99, 62.99, 43.31, 0],
		[158, "nRF24l01_7", 2660, 2095, "B", "DIP", "$1N1131", "", "C", 62.99, 62.99, 43.31, 0],
		[159, "nRF24l01_8", 2660, 2195, "T", "DIP", "$1N1133", "", "C", 62.99, 62.99, 43.31, 0],
		[160, "nRF24l01_8", 2660, 2195, "B", "DIP", "$1N1133", "", "C", 62.99, 62.99, 43.31, 0],
		[161, "P1_1", 250, 2716.64, "T", "DIP", "$1N2235", "", "R", 66.93, 66.93, 43.31, 0],
		[162, "P1_1", 250, 2716.64, "B", "DIP", "$1N2235", "", "R", 66.93, 66.93, 43.31, 0],
		[163, "P1_2", 350, 2716.64, "T", "DIP", "$1N1124", "", "C", 66.93, 66.93, 43.31, 0],
		[164, "P1_2", 350, 2716.64, "B", "DIP", "$1N1124", "", "C", 66.93, 66.93, 43.31, 0],
		[165, "P1_3", 450, 2716.64, "T", "DIP", "$1N2204", "", "C", 66.93, 66.93, 43.31, 0],
		[166, "P1_3", 450, 2716.64, "B", "DIP", "$1N2204", "", "C", 66.93, 66.93, 43.31, 0],
		[167, "P2_1", 250, 2550, "T", "DIP", "$1N2235", "", "R", 66.93, 66.93, 43.31, 0],
		[168, "P2_1", 250, 2550, "B", "DIP", "$1N2235", "", "R", 66.93, 66.93, 43.31, 0],
		[169, "P2_2", 350, 2550, "T", "DIP", "$1N1125", "", "C", 66.93, 66.93, 43.31, 0],
		[170, "P2_2", 350, 2550, "B", "DIP", "$1N1125", "", "C", 66.93, 66.93, 43.31, 0],
		[171, "P2_3", 450, 2550, "T", "DIP", "$1N2204", "", "C", 66.93, 66.93, 43.31, 0],
		[172, "P2_3", 450, 2550, "B", "DIP", "$1N2204", "", "C", 66.93, 66.93, 43.31, 0],
		[173, "P3_1", 250, 2385, "T", "DIP", "$1N2235", "", "R", 66.93, 66.93, 43.31, 0],
		[174, "P3_1", 250, 2385, "B", "DIP", "$1N2235", "", "R", 66.93, 66.93, 43.31, 0],
		[175, "P3_2", 350, 2385, "T", "DIP", "$1N1127", "", "C", 66.93, 66.93, 43.31, 0],
		[176, "P3_2", 350, 2385, "B", "DIP", "$1N1127", "", "C", 66.93, 66.93, 43.31, 0],
		[177, "P3_3", 450, 2385, "T", "DIP", "$1N2204", "", "C", 66.93, 66.93, 43.31, 0],
		[178, "P3_3", 450, 2385, "B", "DIP", "$1N2204", "", "C", 66.93, 66.93, 43.31, 0],
		[179, "P4_1", 255, 2225, "T", "DIP", "$1N2235", "", "R", 66.93, 66.93, 43.31, 0],
		[180, "P4_1", 255, 2225, "B", "DIP", "$1N2235", "", "R", 66.93, 66.93, 43.31, 0],
		[181, "P4_2", 355, 2225, "T", "DIP", "$1N1126", "", "C", 66.93, 66.93, 43.31, 0],
		[182, "P4_2", 355, 2225, "B", "DIP", "$1N1126", "", "C", 66.93, 66.93, 43.31, 0],
		[183, "P4_3", 455, 2225, "T", "DIP", "$1N2204", "", "C", 66.93, 66.93, 43.31, 0],
		[184, "P4_3", 455, 2225, "B", "DIP", "$1N2204", "", "C", 66.93, 66.93, 43.31, 0],
		[185, "Power_1", 3720, 2580, "T", "DIP", "$1N1105", "", "R", 78.74, 78.74, 47.24, 360],
		[186, "Power_1", 3720, 2580, "B", "DIP", "$1N1105", "", "R", 78.74, 78.74, 47.24, 360],
		[187, "Power_2", 3820, 2580, "T", "DIP", "$1N2204", "", "C", 78.74, 78.74, 47.24, 360],
		[188, "Power_2", 3820, 2580, "B", "DIP", "$1N2204", "", "C", 78.74, 78.74, 47.24, 360],
		[189, "S1_1", 3360, 885, "T", "DIP", "S1_1", "", "O", 60, 118.11, 78.74, 270],
		[190, "S1_1", 3360, 885, "B", "DIP", "S1_1", "", "O", 60, 118.11, 78.74, 270],
		[191, "S1_2", 3360, 785, "T", "DIP", "$1N1121", "", "O", 60, 118.11, 78.74, 270],
		[192, "S1_2", 3360, 785, "B", "DIP", "$1N1121", "", "O", 60, 118.11, 78.74, 270],
		[193, "S1_3", 3360, 685, "T", "DIP", "$1N2204", "", "O", 60, 118.11, 78.74, 270],
		[194, "S1_3", 3360, 685, "B", "DIP", "$1N2204", "", "O", 60, 118.11, 78.74, 270],
		[195, "S2_1", 3815, 885, "T", "DIP", "S2_1", "", "O", 60, 118.11, 78.74, 270],
		[196, "S2_1", 3815, 885, "B", "DIP", "S2_1", "", "O", 60, 118.11, 78.74, 270],
		[197, "S2_2", 3815, 785, "T", "DIP", "$1N1122", "", "O", 60, 118.11, 78.74, 270],
		[198, "S2_2", 3815, 785, "B", "DIP", "$1N1122", "", "O", 60, 118.11, 78.74, 270],
		[199, "S2_3", 3815, 685, "T", "DIP", "$1N2204", "", "O", 60, 118.11, 78.74, 270],
		[200, "S2_3", 3815, 685, "B", "DIP", "$1N2204", "", "O", 60, 118.11, 78.74, 270],
		[201, "Selectors_1", 2361.31, 1832.49, "T", "DIP", "$1N1112", "", "R", 62.99, 62.99, 43.31, 270],
		[202, "Selectors_1", 2361.31, 1832.49, "B", "DIP", "$1N1112", "", "R", 62.99, 62.99, 43.31, 270],
		[203, "Selectors_2", 2461.31, 1832.49, "T", "DIP", "$1N1110", "", "C", 62.99, 62.99, 43.31, 270],
		[204, "Selectors_2", 2461.31, 1832.49, "B", "DIP", "$1N1110", "", "C", 62.99, 62.99, 43.31, 270],
		[205, "Selectors_3", 2561.31, 1832.49, "T", "DIP", "$1N1127", "", "C", 62.99, 62.99, 43.31, 270],
		[206, "Selectors_3", 2561.31, 1832.49, "B", "DIP", "$1N1127", "", "C", 62.99, 62.99, 43.31, 270],
		[207, "Selectors_4", 2361.31, 1732.49, "T", "DIP", "$1N1113", "", "C", 62.99, 62.99, 43.31, 270],
		[208, "Selectors_4", 2361.31, 1732.49, "B", "DIP", "$1N1113", "", "C", 62.99, 62.99, 43.31, 270],
		[209, "Selectors_5", 2461.31, 1732.49, "T", "DIP", "$1N1111", "", "C", 62.99, 62.99, 43.31, 270],
		[210, "Selectors_5", 2461.31, 1732.49, "B", "DIP", "$1N1111", "", "C", 62.99, 62.99, 43.31, 270],
		[211, "Selectors_6", 2561.31, 1732.49, "T", "DIP", "$1N1126", "", "C", 62.99, 62.99, 43.31, 270],
		[212, "Selectors_6", 2561.31, 1732.49, "B", "DIP", "$1N1126", "", "C", 62.99, 62.99, 43.31, 270],
		[213, "Selectors_7", 2361.31, 1632.49, "T", "DIP", "$1N1141", "", "C", 62.99, 62.99, 43.31, 270],
		[214, "Selectors_7", 2361.31, 1632.49, "B", "DIP", "$1N1141", "", "C", 62.99, 62.99, 43.31, 270],
		[215, "Selectors_8", 2461.31, 1632.49, "T", "DIP", "$1N1109", "", "C", 62.99, 62.99, 43.31, 270],
		[216, "Selectors_8", 2461.31, 1632.49, "B", "DIP", "$1N1109", "", "C", 62.99, 62.99, 43.31, 270],
		[217, "Selectors_9", 2561.31, 1632.49, "T", "DIP", "$1N1119", "", "C", 62.99, 62.99, 43.31, 270],
		[218, "Selectors_9", 2561.31, 1632.49, "B", "DIP", "$1N1119", "", "C", 62.99, 62.99, 43.31, 270],
		[219, "Selectors_10", 2361.31, 1532.49, "T", "DIP", "$1N1140", "", "C", 62.99, 62.99, 43.31, 270],
		[220, "Selectors_10", 2361.31, 1532.49, "B", "DIP", "$1N1140", "", "C", 62.99, 62.99, 43.31, 270],
		[221, "Selectors_11", 2461.31, 1532.49, "T", "DIP", "$1N1108", "", "C", 62.99, 62.99, 43.31, 270],
		[222, "Selectors_11", 2461.31, 1532.49, "B", "DIP", "$1N1108", "", "C", 62.99, 62.99, 43.31, 270],
		[223, "Selectors_12", 2561.31, 1532.49, "T", "DIP", "$1N1120", "", "C", 62.99, 62.99, 43.31, 270],
		[224, "Selectors_12", 2561.31, 1532.49, "B", "DIP", "$1N1120", "", "C", 62.99, 62.99, 43.31, 270],
		[225, "U2_1", 2989.86, 2169.81, "T", "SMD", "$1N2204", "", "R", 98.42, 43.31, 0, 180],
		[226, "U2_2", 2989.86, 2079.26, "T", "SMD", "U2_2", "", "R", 98.42, 43.31, 0, 180],
		[227, "U2_3", 2989.86, 1988.71, "T", "SMD", "$1N1105", "", "R", 98.42, 43.31, 0, 180],
		[228, "U2_4", 3223.71, 2079.26, "T", "SMD", "$1N1106", "", "R", 92.13, 141.73, 0, 180]
	]
}
}