{
"lengthUnit": "mil",
"components": {
	"fields": ["COMPONENT_NO", "COMPONENT_NAME", "LAYER", "X_COORDINATE", "Y_COORDINATE", "ANGLE"],
	"rows": [
		[1, "LED1", "T", 6045, 5745, 0],
		[2, "LED2", "T", 7820, 3290, 0],
		[3, "LED3", "T", 9660, 2095, 0],
		[4, "LED4", "T", 6050, 4310, 0],
		[5, "LED5", "T", 6055, 3315, 0],
		[6, "LED7", "T", 7730, 5755, 0],
		[7, "LED8", "T", 9670, 5735, 0],
		[8, "LED9", "T", 9660, 4310, 0],
		[9, "LED10", "T", 6065, 2120, 0],
		[10, "LED11", "T", 9665, 3315, 0],
		[11, "SW5", "T", 6475, 4290, 0],
		[12, "SW6", "T", 7145, 4290, 0],
		[13, "SW7", "T", 7815, 4290, 0],
		[14, "SW8", "T", 8485, 4290, 0],
		[15, "SW9", "T", 9150, 4290, 0],
		[16, "SW10", "T", 6475, 3620, 0],
		[17, "SW11", "T", 7145, 3620, 0],
		[18, "SW12", "T", 7815, 3620, 0],
		[19, "SW13", "T", 8485, 3620, 0],
		[20, "SW14", "T", 9150, 3620, 0],
		[21, "SW15", "T", 6475, 2950, 0],
		[22, "SW16", "T", 7145, 2950, 0],
		[23, "SW17", "T", 7815, 2950, 0],
		[24, "SW18", "T", 8485, 2950, 0],
		[25, "SW19", "T", 9150, 2950, 0],
		[26, "SW20", "T", 6475, 2280, 0],
		[27, "SW21", "T", 7145, 2280, 0],
		[28, "SW22", "T", 7815, 2280, 0],
		[29, "SW23", "T", 8485, 2280, 0],
		[30, "SW24", "T", 9150, 2280, 0],
		[31, "SW25", "T", 8815, 5560, 0],
		[32, "SW27", "T", 8295, 5090, 0],
		[33, "SW28", "T", 8815, 4635, 0],
		[34, "SW29", "T", 9350, 5095, 0],
		[35, "SW30", "T", 8820, 5080, 0],
		[36, "U1", "T", 6875, 5175, 0],
		[37, "U2", "T", 8215, 5550, 90]
	]
},
"pins": {
	"fields": ["PIN_NO", "PIN_NAME", "PIN_X", "PIN_Y", "LAYER", "PIN_TYPE", "NET_NAME", "NET_TYPE", "PAD_SHAPE", "PAD_SIZEX", "PAD_SIZEY", "HOLE_SIZE", "PAD_ANGLE"],
	"rows": [
		[1, "LED1_1", 5952.48, 5809.97, "T", "SMD", "$1N6761", "", "R", 62.99, 47.24, 0, 0],
		[2, "LED1_2", 5952.48, 5680.03, "T", "SMD", "$1N6719", "", "R", 62.99, 47.24, 0, 0],
		[3, "LED1_3", 6137.52, 5680.03, "T", "SMD", "$1N6769", "", "R", 62.99, 47.24, 0, 0],
		[4, "LED1_4", 6137.52, 5809.97, "T", "SMD", "$1N6769", "", "R", 62.99, 47.24, 0, 0],
		[5, "LED2_1", 7727.48, 3354.96, "T", "SMD", "$1N6761", "", "R", 62.99, 47.24, 0, 0],
		[6, "LED2_2", 7727.48, 3225.04, "T", "SMD", "$1N6820", "", "R", 62.99, 47.24, 0, 0],
		[7, "LED2_3", 7912.52, 3225.04, "T", "SMD", "$1N6769", "", "R", 62.99, 47.24, 0, 0],
		[8, "LED2_4", 7912.52, 3354.96, "T", "SMD", "$1N6719", "", "R", 62.99, 47.24, 0, 0],
		[9, "LED3_1", 9567.48, 2159.97, "T", "SMD", "$1N6761", "", "R", 62.99, 47.24, 0, 0],
		[10, "LED3_2", 9567.48, 2030.04, "T", "SMD", "$1N6984", "", "R", 62.99, 47.24, 0, 0],
		[11, "LED3_3", 9752.52, 2030.04, "T", "SMD", "$1N6769", "", "R", 62.99, 47.24, 0, 0],
		[12, "LED3_4", 9752.52, 2159.97, "T", "SMD", "$1N6820", "", "R", 62.99, 47.24, 0, 0],
		[13, "LED4_1", 5957.48, 4374.97, "T", "SMD", "$1N6761", "", "R", 62.99, 47.24, 0, 0],
		[14, "LED4_2", 5957.48, 4245.03, "T", "SMD", "$1N6992", "", "R", 62.99, 47.24, 0, 0],
		[15, "LED4_3", 6142.52, 4245.03, "T", "SMD", "$1N6769", "", "R", 62.99, 47.24, 0, 0],
		[16, "LED4_4", 6142.52, 4374.97, "T", "SMD", "$1N6984", "", "R", 62.99, 47.24, 0, 0],
		[17, "LED5_1", 5962.48, 3379.97, "T", "SMD", "$1N6761", "", "R", 62.99, 47.24, 0, 0],
		[18, "LED5_2", 5962.48, 3250.03, "T", "SMD", "$1N7089", "", "R", 62.99, 47.24, 0, 0],
		[19, "LED5_3", 6147.52, 3250.03, "T", "SMD", "$1N6769", "", "R", 62.99, 47.24, 0, 0],
		[20, "LED5_4", 6147.52, 3379.97, "T", "SMD", "$1N6992", "", "R", 62.99, 47.24, 0, 0],
		[21, "LED7_1", 7637.48, 5819.97, "T", "SMD", "$1N6761", "", "R", 62.99, 47.24, 0, 0],
		[22, "LED7_2", 7637.48, 5690.03, "T", "SMD", "$1N7321", "", "R", 62.99, 47.24, 0, 0],
		[23, "LED7_3", 7822.52, 5690.03, "T", "SMD", "$1N6769", "", "R", 62.99, 47.24, 0, 0],
		[24, "LED7_4", 7822.52, 5819.97, "T", "SMD", "$1N7089", "", "R", 62.99, 47.24, 0, 0],
		[25, "LED8_1", 9577.48, 5799.97, "T", "SMD", "$1N6761", "", "R", 62.99, 47.24, 0, 0],
		[26, "LED8_2", 9577.48, 5670.03, "T", "SMD", "$1N7347", "", "R", 62.99, 47.24, 0, 0],
		[27, "LED8_3", 9762.52, 5670.03, "T", "SMD", "$1N6769", "", "R", 62.99, 47.24, 0, 0],
		[28, "LED8_4", 9762.52, 5799.97, "T", "SMD", "$1N7321", "", "R", 62.99, 47.24, 0, 0],
		[29, "LED9_1", 9567.48, 4374.97, "T", "SMD", "$1N6761", "", "R", 62.99, 47.24, 0, 0],
		[30, "LED9_2", 9567.48, 4245.03, "T", "SMD", "$1N7353", "", "R", 62.99, 47.24, 0, 0],
		[31, "LED9_3", 9752.52, 4245.03, "T", "SMD", "$1N6769", "", "R", 62.99, 47.24, 0, 0],
		[32, "LED9_4", 9752.52, 4374.97, "T", "SMD", "$1N7347", "", "R", 62.99, 47.24, 0, 0],
		[33, "LED10_1", 5972.48, 2184.97, "T", "SMD", "$1N6761", "", "R", 62.99, 47.24, 0, 0],
		[34, "LED10_2", 5972.48, 2055.03, "T", "SMD", "$1N7359", "", "R", 62.99, 47.24, 0, 0],
		[35, "LED10_3", 6157.52, 2055.03, "T", "SMD", "$1N6769", "", "R", 62.99, 47.24, 0, 0],
		[36, "LED10_4", 6157.52, 2184.97, "T", "SMD", "$1N7353", "", "R", 62.99, 47.24, 0, 0],
		[37, "LED11_1", 9572.48, 3379.97, "T", "SMD", "$1N6761", "", "R", 62.99, 47.24, 0, 0],
		[38, "LED11_2", 9572.48, 3250.03, "T", "SMD", "LED11_2", "", "R", 62.99, 47.24, 0, 0],
		[39, "LED11_3", 9757.52, 3250.03, "T", "SMD", "$1N6769", "", "R", 62.99, 47.24, 0, 0],
		[40, "LED11_4", 9757.52, 3379.97, "T", "SMD", "$1N7359", "", "R", 62.99, 47.24, 0, 0],
		[41, "SW5_1", 6305.71, 4378.59, "T", "SMD", "$1N2245", "", "R", 86.61, 59.05, 0, 0],
		[42, "SW5_2", 6644.29, 4378.59, "T", "SMD", "SW5_2", "", "R", 86.61, 59.05, 0, 0],
		[43, "SW5_3", 6305.71, 4201.41, "T", "SMD", "SW5_3", "", "R", 86.61, 59.05, 0, 0],
		[44, "SW5_4", 6644.29, 4201.41, "T", "SMD", "$1N4534", "", "R", 86.61, 59.05, 0, 0],
		[45, "SW6_1", 6975.71, 4378.59, "T", "SMD", "$1N2299", "", "R", 86.61, 59.05, 0, 0],
		[46, "SW6_2", 7314.29, 4378.59, "T", "SMD", "SW6_2", "", "R", 86.61, 59.05, 0, 0],
		[47, "SW6_3", 6975.71, 4201.41, "T", "SMD", "SW6_3", "", "R", 86.61, 59.05, 0, 0],
		[48, "SW6_4", 7314.29, 4201.41, "T", "SMD", "$1N4534", "", "R", 86.61, 59.05, 0, 0],
		[49, "SW7_1", 7645.71, 4378.59, "T", "SMD", "$1N2360", "", "R", 86.61, 59.05, 0, 0],
		[50, "SW7_2", 7984.29, 4378.59, "T", "SMD", "SW7_2", "", "R", 86.61, 59.05, 0, 0],
		[51, "SW7_3", 7645.71, 4201.41, "T", "SMD", "SW7_3", "", "R", 86.61, 59.05, 0, 0],
		[52, "SW7_4", 7984.29, 4201.41, "T", "SMD", "$1N4534", "", "R", 86.61, 59.05, 0, 0],
		[53, "SW8_1", 8315.71, 4378.59, "T", "SMD", "$1N2422", "", "R", 86.61, 59.05, 0, 0],
		[54, "SW8_2", 8654.29, 4378.59, "T", "SMD", "SW8_2", "", "R", 86.61, 59.05, 0, 0],
		[55, "SW8_3", 8315.71, 4201.41, "T", "SMD", "SW8_3", "", "R", 86.61, 59.05, 0, 0],
		[56, "SW8_4", 8654.29, 4201.41, "T", "SMD", "$1N4534", "", "R", 86.61, 59.05, 0, 0],
		[57, "SW9_1", 8980.71, 4378.59, "T", "SMD", "$1N4488", "", "R", 86.61, 59.05, 0, 0],
		[58, "SW9_2", 9319.29, 4378.59, "T", "SMD", "SW9_2", "", "R", 86.61, 59.05, 0, 0],
		[59, "SW9_3", 8980.71, 4201.41, "T", "SMD", "SW9_3", "", "R", 86.61, 59.05, 0, 0],
		[60, "SW9_4", 9319.29, 4201.41, "T", "SMD", "$1N4521", "", "R", 86.61, 59.05, 0, 0],
		[61, "SW10_1", 6305.71, 3708.59, "T", "SMD", "$1N4493", "", "R", 86.61, 59.05, 0, 0],
		[62, "SW10_2", 6644.29, 3708.59, "T", "SMD", "SW10_2", "", "R", 86.61, 59.05, 0, 0],
		[63, "SW10_3", 6305.71, 3531.41, "T", "SMD", "SW10_3", "", "R", 86.61, 59.05, 0, 0],
		[64, "SW10_4", 6644.29, 3531.41, "T", "SMD", "$1N4521", "", "R", 86.61, 59.05, 0, 0],
		[65, "SW11_1", 6975.71, 3708.59, "T", "SMD", "$1N2609", "", "R", 86.61, 59.05, 0, 0],
		[66, "SW11_2", 7314.29, 3708.59, "T", "SMD", "SW11_2", "", "R", 86.61, 59.05, 0, 0],
		[67, "SW11_3", 6975.71, 3531.41, "T", "SMD", "SW11_3", "", "R", 86.61, 59.05, 0, 0],
		[68, "SW11_4", 7314.29, 3531.41, "T", "SMD", "$1N4521", "", "R", 86.61, 59.05, 0, 0],
		[69, "SW12_1", 7645.71, 3708.59, "T", "SMD", "$1N2668", "", "R", 86.61, 59.05, 0, 0],
		[70, "SW12_2", 7984.29, 3708.59, "T", "SMD", "SW12_2", "", "R", 86.61, 59.05, 0, 0],
		[71, "SW12_3", 7645.71, 3531.41, "T", "SMD", "SW12_3", "", "R", 86.61, 59.05, 0, 0],
		[72, "SW12_4", 7984.29, 3531.41, "T", "SMD", "$1N4521", "", "R", 86.61, 59.05, 0, 0],
		[73, "SW13_1", 8315.71, 3708.59, "T", "SMD", "$1N2773", "", "R", 86.61, 59.05, 0, 0],
		[74, "SW13_2", 8654.29, 3708.59, "T", "SMD", "SW13_2", "", "R", 86.61, 59.05, 0, 0],
		[75, "SW13_3", 8315.71, 3531.41, "T", "SMD", "SW13_3", "", "R", 86.61, 59.05, 0, 0],
		[76, "SW13_4", 8654.29, 3531.41, "T", "SMD", "$1N4521", "", "R", 86.61, 59.05, 0, 0],
		[77, "SW14_1", 8980.71, 3708.59, "T", "SMD", "$1N2780", "", "R", 86.61, 59.05, 0, 0],
		[78, "SW14_2", 9319.29, 3708.59, "T", "SMD", "SW14_2", "", "R", 86.61, 59.05, 0, 0],
		[79, "SW14_3", 8980.71, 3531.41, "T", "SMD", "SW14_3", "", "R", 86.61, 59.05, 0, 0],
		[80, "SW14_4", 9319.29, 3531.41, "T", "SMD", "$1N4521", "", "R", 86.61, 59.05, 0, 0],
		[81, "SW15_1", 6305.71, 3038.59, "T", "SMD", "SW15_1", "", "R", 86.61, 59.05, 0, 0],
		[82, "SW15_2", 6644.29, 3038.59, "T", "SMD", "$1N3743", "", "R", 86.61, 59.05, 0, 0],
		[83, "SW15_3", 6305.71, 2861.41, "T", "SMD", "$1N3788", "", "R", 86.61, 59.05, 0, 0],
		[84, "SW15_4", 6644.29, 2861.41, "T", "SMD", "SW15_4", "", "R", 86.61, 59.05, 0, 0],
		[85, "SW16_1", 6975.71, 3038.59, "T", "SMD", "SW16_1", "", "R", 86.61, 59.05, 0, 0],
		[86, "SW16_2", 7314.29, 3038.59, "T", "SMD", "$1N3782", "", "R", 86.61, 59.05, 0, 0],
		[87, "SW16_3", 6975.71, 2861.41, "T", "SMD", "$1N3788", "", "R", 86.61, 59.05, 0, 0],
		[88, "SW16_4", 7314.29, 2861.41, "T", "SMD", "SW16_4", "", "R", 86.61, 59.05, 0, 0],
		[89, "SW17_1", 7645.71, 3038.59, "T", "SMD", "SW17_1", "", "R", 86.61, 59.05, 0, 0],
		[90, "SW17_2", 7984.29, 3038.59, "T", "SMD", "$1N3846", "", "R", 86.61, 59.05, 0, 0],
		[91, "SW17_3", 7645.71, 2861.41, "T", "SMD", "$1N3788", "", "R", 86.61, 59.05, 0, 0],
		[92, "SW17_4", 7984.29, 2861.41, "T", "SMD", "SW17_4", "", "R", 86.61, 59.05, 0, 0],
		[93, "SW18_1", 8315.71, 3038.59, "T", "SMD", "SW18_1", "", "R", 86.61, 59.05, 0, 0],
		[94, "SW18_2", 8654.29, 3038.59, "T", "SMD", "$1N3905", "", "R", 86.61, 59.05, 0, 0],
		[95, "SW18_3", 8315.71, 2861.41, "T", "SMD", "$1N3788", "", "R", 86.61, 59.05, 0, 0],
		[96, "SW18_4", 8654.29, 2861.41, "T", "SMD", "SW18_4", "", "R", 86.61, 59.05, 0, 0],
		[97, "SW19_1", 8980.71, 3038.59, "T", "SMD", "SW19_1", "", "R", 86.61, 59.05, 0, 0],
		[98, "SW19_2", 9319.29, 3038.59, "T", "SMD", "$1N3977", "", "R", 86.61, 59.05, 0, 0],
		[99, "SW19_3", 8980.71, 2861.41, "T", "SMD", "$1N3788", "", "R", 86.61, 59.05, 0, 0],
		[100, "SW19_4", 9319.29, 2861.41, "T", "SMD", "SW19_4", "", "R", 86.61, 59.05, 0, 0],
		[101, "SW20_1", 6305.71, 2368.59, "T", "SMD", "SW20_1", "", "R", 86.61, 59.05, 0, 0],
		[102, "SW20_2", 6644.29, 2368.59, "T", "SMD", "$1N3989", "", "R", 86.61, 59.05, 0, 0],
		[103, "SW20_3", 6305.71, 2191.41, "T", "SMD", "$1N3788", "", "R", 86.61, 59.05, 0, 0],
		[104, "SW20_4", 6644.29, 2191.41, "T", "SMD", "SW20_4", "", "R", 86.61, 59.05, 0, 0],
		[105, "SW21_1", 6975.71, 2368.59, "T", "SMD", "SW21_1", "", "R", 86.61, 59.05, 0, 0],
		[106, "SW21_2", 7314.29, 2368.59, "T", "SMD", "$1N4282", "", "R", 86.61, 59.05, 0, 0],
		[107, "SW21_3", 6975.71, 2191.41, "T", "SMD", "$1N3788", "", "R", 86.61, 59.05, 0, 0],
		[108, "SW21_4", 7314.29, 2191.41, "T", "SMD", "SW21_4", "", "R", 86.61, 59.05, 0, 0],
		[109, "SW22_1", 7645.71, 2368.59, "T", "SMD", "SW22_1", "", "R", 86.61, 59.05, 0, 0],
		[110, "SW22_2", 7984.29, 2368.59, "T", "SMD", "$1N4289", "", "R", 86.61, 59.05, 0, 0],
		[111, "SW22_3", 7645.71, 2191.41, "T", "SMD", "$1N3788", "", "R", 86.61, 59.05, 0, 0],
		[112, "SW22_4", 7984.29, 2191.41, "T", "SMD", "SW22_4", "", "R", 86.61, 59.05, 0, 0],
		[113, "SW23_1", 8315.71, 2368.59, "T", "SMD", "SW23_1", "", "R", 86.61, 59.05, 0, 0],
		[114, "SW23_2", 8654.29, 2368.59, "T", "SMD", "$1N4296", "", "R", 86.61, 59.05, 0, 0],
		[115, "SW23_3", 8315.71, 2191.41, "T", "SMD", "$1N3788", "", "R", 86.61, 59.05, 0, 0],
		[116, "SW23_4", 8654.29, 2191.41, "T", "SMD", "SW23_4", "", "R", 86.61, 59.05, 0, 0],
		[117, "SW24_1", 8980.71, 2368.59, "T", "SMD", "SW24_1", "", "R", 86.61, 59.05, 0, 0],
		[118, "SW24_2", 9319.29, 2368.59, "T", "SMD", "$1N4309", "", "R", 86.61, 59.05, 0, 0],
		[119, "SW24_3", 8980.71, 2191.41, "T", "SMD", "$1N3788", "", "R", 86.61, 59.05, 0, 0],
		[120, "SW24_4", 9319.29, 2191.41, "T", "SMD", "SW24_4", "", "R", 86.61, 59.05, 0, 0],
		[121, "SW25_1", 8645.71, 5648.59, "T", "SMD", "$1N8537", "", "R", 86.61, 59.05, 0, 0],
		[122, "SW25_2", 8984.29, 5648.59, "T", "SMD", "SW25_2", "", "R", 86.61, 59.05, 0, 0],
		[123, "SW25_3", 8645.71, 5471.41, "T", "SMD", "SW25_3", "", "R", 86.61, 59.05, 0, 0],
		[124, "SW25_4", 8984.29, 5471.41, "T", "SMD", "$1N8743", "", "R", 86.61, 59.05, 0, 0],
		[125, "SW27_1", 8125.71, 5178.59, "T", "SMD", "$1N8543", "", "R", 86.61, 59.05, 0, 0],
		[126, "SW27_2", 8464.29, 5178.59, "T", "SMD", "SW27_2", "", "R", 86.61, 59.05, 0, 0],
		[127, "SW27_3", 8125.71, 5001.42, "T", "SMD", "SW27_3", "", "R", 86.61, 59.05, 0, 0],
		[128, "SW27_4", 8464.29, 5001.42, "T", "SMD", "$1N8743", "", "R", 86.61, 59.05, 0, 0],
		[129, "SW28_1", 8645.71, 4723.59, "T", "SMD", "$1N8567", "", "R", 86.61, 59.05, 0, 0],
		[130, "SW28_2", 8984.29, 4723.59, "T", "SMD", "SW28_2", "", "R", 86.61, 59.05, 0, 0],
		[131, "SW28_3", 8645.71, 4546.42, "T", "SMD", "SW28_3", "", "R", 86.61, 59.05, 0, 0],
		[132, "SW28_4", 8984.29, 4546.42, "T", "SMD", "$1N8743", "", "R", 86.61, 59.05, 0, 0],
		[133, "SW29_1", 9180.71, 5183.59, "T", "SMD", "$1N8570", "", "R", 86.61, 59.05, 0, 0],
		[134, "SW29_2", 9519.29, 5183.59, "T", "SMD", "SW29_2", "", "R", 86.61, 59.05, 0, 0],
		[135, "SW29_3", 9180.71, 5006.42, "T", "SMD", "SW29_3", "", "R", 86.61, 59.05, 0, 0],
		[136, "SW29_4", 9519.29, 5006.42, "T", "SMD", "$1N8743", "", "R", 86.61, 59.05, 0, 0],
		[137, "SW30_6", 9036.53, 5089.85, "T", "DIP", "SW30_6", "", "O", 157.48, 90.55, 118.11, 90],
		[138, "SW30_6", 9036.53, 5089.85, "B", "DIP", "SW30_6", "", "O", 157.48, 90.55, 118.11, 90],
		[139, "SW30_7", 8603.47, 5089.85, "T", "DIP", "SW30_7", "", "O", 157.48, 90.55, 118.11, 90],
		[140, "SW30_7", 8603.47, 5089.85, "B", "DIP", "SW30_7", "", "O", 157.48, 90.55, 118.11, 90],
		[141, "SW30_A", 8719.99, 4794.57, "T", "DIP", "$1N9248", "", "C", 70.87, 70.87, 51.18, 0],
		[142, "SW30_A", 8719.99, 4794.57, "B", "DIP", "$1N9248", "", "C", 70.87, 70.87, 51.18, 0],
		[143, "SW30_B", 8919.99, 4794.57, "T", "DIP", "$1N9337", "", "C", 70.87, 70.87, 51.18, 0],
		[144, "SW30_B", 8919.99, 4794.57, "B", "DIP", "$1N9337", "", "C", 70.87, 70.87, 51.18, 0],
		[145, "SW30_C", 8819.99, 4794.57, "T", "DIP", "$1N6769", "", "C", 70.87, 70.87, 51.18, 0],
		[146, "SW30_C", 8819.99, 4794.57, "B", "DIP", "$1N6769", "", "C", 70.87, 70.87, 51.18, 0],
		[147, "SW30_D", 8719.99, 5365.43, "T", "DIP", "$1N9331", "", "C", 70.87, 70.87, 51.18, 0],
		[148, "SW30_D", 8719.99, 5365.43, "B", "DIP", "$1N9331", "", "C", 70.87, 70.87, 51.18, 0],
		[149, "SW30_E", 8919.99, 5365.43, "T", "DIP", "$1N6769", "", "C", 70.87, 70.87, 51.18, 0],
		[150, "SW30_E", 8919.99, 5365.43, "B", "DIP", "$1N6769", "", "C", 70.87, 70.87, 51.18, 0],
		[151, "U1_1", 5928.35, 4793.51, "T", "SMD", "$1N3743", "", "R", 62.99, 125.98, 0, 0],
		[152, "U1_2", 6028.35, 4793.51, "T", "SMD", "$1N3782", "", "R", 62.99, 125.98, 0, 0],
		[153, "U1_3", 6128.35, 4793.51, "T", "SMD", "$1N3788", "", "R", 62.99, 125.98, 0, 0],
		[154, "U1_4", 6228.35, 4793.51, "T", "SMD", "$1N3846", "", "R", 62.99, 125.98, 0, 0],
		[155, "U1_5", 6328.35, 4793.51, "T", "SMD", "$1N3905", "", "R", 62.99, 125.98, 0, 0],
		[156, "U1_6", 6428.35, 4793.51, "T", "SMD", "$1N3977", "", "R", 62.99, 125.98, 0, 0],
		[157, "U1_7", 6528.35, 4793.51, "T", "SMD", "$1N3989", "", "R", 62.99, 125.98, 0, 0],
		[158, "U1_8", 6628.35, 4793.51, "T", "SMD", "$1N3788", "", "R", 62.99, 125.98, 0, 0],
		[159, "U1_9", 6728.35, 4793.51, "T", "SMD", "$1N4282", "", "R", 62.99, 125.98, 0, 0],
		[160, "U1_10", 6828.35, 4793.51, "T", "SMD", "$1N4289", "", "R", 62.99, 125.98, 0, 0],
		[161, "U1_11", 6928.35, 4793.51, "T", "SMD", "$1N4296", "", "R", 62.99, 125.98, 0, 0],
		[162, "U1_12", 7028.35, 4793.51, "T", "SMD", "$1N4309", "", "R", 62.99, 125.98, 0, 0],
		[163, "U1_13", 7128.35, 4793.51, "T", "SMD", "$1N6769", "", "R", 62.99, 125.98, 0, 0],
		[164, "U1_14", 7228.35, 4793.51, "T", "SMD", "$1N8774", "", "R", 62.99, 125.98, 0, 0],
		[165, "U1_15", 7328.35, 4793.51, "T", "SMD", "$1N8781", "", "R", 62.99, 125.98, 0, 0],
		[166, "U1_16", 7428.35, 4793.51, "T", "SMD", "$1N8537", "", "R", 62.99, 125.98, 0, 0],
		[167, "U1_17", 7528.35, 4793.51, "T", "SMD", "$1N8543", "", "R", 62.99, 125.98, 0, 0],
		[168, "U1_18", 7628.35, 4793.51, "T", "SMD", "$1N8743", "", "R", 62.99, 125.98, 0, 0],
		[169, "U1_19", 7728.35, 4793.51, "T", "SMD", "$1N8567", "", "R", 62.99, 125.98, 0, 0],
		[170, "U1_20", 7828.35, 4793.51, "T", "SMD", "$1N8570", "", "R", 62.99, 125.98, 0, 0],
		[171, "U1_21", 7828.35, 5556.49, "T", "SMD", "$1N2780", "", "R", 62.99, 125.98, 0, 0],
		[172, "U1_22", 7728.35, 5556.49, "T", "SMD", "$1N2773", "", "R", 62.99, 125.98, 0, 0],
		[173, "U1_23", 7628.35, 5556.49, "T", "SMD", "$1N4521", "", "R", 62.99, 125.98, 0, 0],
		[174, "U1_24", 7528.35, 5556.49, "T", "SMD", "$1N2668", "", "R", 62.99, 125.98, 0, 0],
		[175, "U1_25", 7428.35, 5556.49, "T", "SMD", "$1N2609", "", "R", 62.99, 125.98, 0, 0],
		[176, "U1_26", 7328.35, 5556.49, "T", "SMD", "$1N4493", "", "R", 62.99, 125.98, 0, 0],
		[177, "U1_27", 7228.35, 5556.49, "T", "SMD", "$1N4488", "", "R", 62.99, 125.98, 0, 0],
		[178, "U1_28", 7128.35, 5556.49, "T", "SMD", "$1N4521", "", "R", 62.99, 125.98, 0, 0],
		[179, "U1_29", 7028.35, 5556.49, "T", "SMD", "$1N2422", "", "R", 62.99, 125.98, 0, 0],
		[180, "U1_30", 6928.35, 5556.49, "T", "SMD", "U1_30", "", "R", 62.99, 125.98, 0, 0],
		[181, "U1_31", 6828.35, 5556.49, "T", "SMD", "$1N2360", "", "R", 62.99, 125.98, 0, 0],
		[182, "U1_32", 6728.35, 5556.49, "T", "SMD", "$1N2299", "", "R", 62.99, 125.98, 0, 0],
		[183, "U1_33", 6628.35, 5556.49, "T", "SMD", "U1_33", "", "R", 62.99, 125.98, 0, 0],
		[184, "U1_34", 6528.35, 5556.49, "T", "SMD", "$1N2245", "", "R", 62.99, 125.98, 0, 0],
		[185, "U1_35", 6428.35, 5556.49, "T", "SMD", "U1_35", "", "R", 62.99, 125.98, 0, 0],
		[186, "U1_36", 6328.35, 5556.49, "T", "SMD", "U1_36", "", "R", 62.99, 125.98, 0, 0],
		[187, "U1_37", 6228.35, 5556.49, "T", "SMD", "U1_37", "", "R", 62.99, 125.98, 0, 0],
		[188, "U1_38", 6128.35, 5556.49, "T", "SMD", "$1N4534", "", "R", 62.99, 125.98, 0, 0],
		[189, "U1_39", 6028.35, 5556.49, "T", "SMD", "U1_39", "", "R", 62.99, 125.98, 0, 0],
		[190, "U1_40", 5928.35, 5556.49, "T", "SMD", "$1N6761", "", "R", 62.99, 125.98, 0, 0],
		[191, "U1_TP1", 6051.58, 5175.01, "T", "SMD", "U1_TP1", "", "R", 59.05, 59.05, 0, 0],
		[192, "U1_TP2", 5921.65, 5214.38, "T", "SMD", "U1_TP2", "", "R", 59.05, 59.05, 0, 0],
		[193, "U1_TP3", 5921.65, 5135.64, "T", "SMD", "U1_TP3", "", "R", 59.05, 59.05, 0, 0],
		[194, "U1_TP4", 6248.42, 5076.59, "T", "SMD", "U1_TP4", "", "R", 59.05, 59.05, 0, 0],
		[195, "U1_TP5", 6346.84, 5076.59, "T", "SMD", "U1_TP5", "", "R", 59.05, 59.05, 0, 0],
		[196, "U1_TP6", 6445.28, 5076.59, "T", "SMD", "U1_TP6", "", "R", 59.05, 59.05, 0, 0],
		[197, "U2_1", 8402.02, 5375, "T", "SMD", "U2_1", "", "O", 22.6, 94.51, 0, 90],
		[198, "U2_2", 8402.02, 5425, "T", "SMD", "U2_2", "", "O", 22.6, 94.51, 0, 90],
		[199, "U2_3", 8402.02, 5475, "T", "SMD", "U2_3", "", "O", 22.6, 94.51, 0, 90],
		[200, "U2_4", 8402.02, 5525, "T", "SMD", "$1N9248", "", "O", 22.6, 94.51, 0, 90],
		[201, "U2_5", 8402.02, 5575, "T", "SMD", "$1N9337", "", "O", 22.6, 94.51, 0, 90],
		[202, "U2_6", 8402.02, 5625, "T", "SMD", "$1N9331", "", "O", 22.6, 94.51, 0, 90],
		[203, "U2_7", 8402.02, 5675, "T", "SMD", "U2_7", "", "O", 22.6, 94.51, 0, 90],
		[204, "U2_8", 8402.02, 5725, "T", "SMD", "$1N6769", "", "O", 22.6, 94.51, 0, 90],
		[205, "U2_9", 8027.98, 5725, "T", "SMD", "U2_9", "", "O", 22.6, 94.51, 0, 90],
		[206, "U2_10", 8027.98, 5675, "T", "SMD", "U2_10", "", "O", 22.6, 94.51, 0, 90],
		[207, "U2_11", 8027.98, 5625, "T", "SMD", "U2_11", "", "O", 22.6, 94.51, 0, 90],
		[208, "U2_12", 8027.98, 5575, "T", "SMD", "U2_12", "", "O", 22.6, 94.51, 0, 90],
		[209, "U2_13", 8027.98, 5525, "T", "SMD", "U2_13", "", "O", 22.6, 94.51, 0, 90],
		[210, "U2_14", 8027.98, 5475, "T", "SMD", "$1N8781", "", "O", 22.6, 94.51, 0, 90],
		[211, "U2_15", 8027.98, 5425, "T", "SMD", "$1N8774", "", "O", 22.6, 94.51, 0, 90],
		[212, "U2_16", 8027.98, 5375, "T", "SMD", "U2_16", "", "O", 22.6, 94.51, 0, 90]
	]
}
}