{
  "editorVersion": "6.5.48",
  "docType": "5",
  "title": "HUB USB",
  "description": "",
  "colors": {},
  "schematics": [
    {
      "docType": "1",
      "title": "Hub-USB",
      "description": "",
      "dataStr": {
        "head": {
          "docType": "1",
          "editorVersion": "6.5.48",
          "newgId": true,
          "c_para": {
            "Prefix Start": "1"
          },
          "c_spiceCmd": "null",
          "hasIdFlag": true,
          "uuid": "b3b325e7582e4982bb936792b4167b29",
          "x": "0",
          "y": "0",
          "portOfADImportHack": "",
          "importFlag": 0,
          "transformList": ""
        },
        "canvas": "CA~1000~1000~#FFFFFF~yes~#CCCCCC~5~1000~1000~line~5~pixel~5~0~0",
        "shape": [
          "LIB~0~-806~package`NONE`Manufacturer Part`?`spicePre`.`~~0~frame_lib_1~~~0~~yes~yes~~~#@$T~N~570.5~-809~0~#000080~Arial~~~~~comment~A~0~start~gge223~0~#@$PT~M 206 -796 L 206 -806 M 206 -10 L 206 0 M 402 -796 L 402 -806 M 402 -10 L 402 0 M 598 -796 L 598 -806 M 598 -10 L 598 0 M 794 -796 L 794 -806 M 794 -10 L 794 0 M 990 -796 L 990 -806 M 990 -10 L 990 0 M 10 -600 L 0 -600 M 1139 -600 L 1149 -600 M 10 -404 L 0 -404 M 1139 -404 L 1149 -404 M 10 -208 L 0 -208 M 1139 -208 L 1149 -208 M 10 -12 L 0 -12 M 1139 -12 L 1149 -12~#880000~1~0~none~gge10~0~frame_tick#@$T~P~571.5~-818~0~#000080~Arial~~~~~comment~A~0~start~gge220~0~#@$T~L~1.5~-698~0~#880000~~~~~~comment~A~1~start~gge13~0~frame_tick#@$T~L~1140.5~-698~0~#880000~~~~~~comment~A~1~start~gge19~0~frame_tick#@$T~L~1.5~-502~0~#880000~~~~~~comment~B~1~start~gge25~0~frame_tick#@$T~L~1140.5~-502~0~#880000~~~~~~comment~B~1~start~gge31~0~frame_tick#@$T~L~1.5~-306~0~#880000~~~~~~comment~C~1~start~gge37~0~frame_tick#@$T~L~1140.5~-306~0~#880000~~~~~~comment~C~1~start~gge43~0~frame_tick#@$T~L~1.5~-110~0~#880000~~~~~~comment~D~1~start~gge49~0~frame_tick#@$T~L~1140.5~-110~0~#880000~~~~~~comment~D~1~start~gge55~0~frame_tick#@$T~L~108~-797.5~0~#880000~~~~~~comment~1~1~start~gge61~0~frame_tick#@$T~L~108~-1.5~0~#880000~~~~~~comment~1~1~start~gge67~0~frame_tick#@$T~L~304~-797.5~0~#880000~~~~~~comment~2~1~start~gge73~0~frame_tick#@$T~L~304~-1.5~0~#880000~~~~~~comment~2~1~start~gge79~0~frame_tick#@$T~L~500~-797.5~0~#880000~~~~~~comment~3~1~start~gge85~0~frame_tick#@$T~L~500~-1.5~0~#880000~~~~~~comment~3~1~start~gge91~0~frame_tick#@$T~L~696~-797.5~0~#880000~~~~~~comment~4~1~start~gge97~0~frame_tick#@$T~L~696~-1.5~0~#880000~~~~~~comment~4~1~start~gge103~0~frame_tick#@$T~L~892~-797.5~0~#880000~~~~~~comment~5~1~start~gge109~0~frame_tick#@$T~L~892~-1.5~0~#880000~~~~~~comment~5~1~start~gge115~0~frame_tick#@$R~10~-796~~~1129~786~#880000~1~0~none~gge121~0~frame_innerbox#@$R~0~-806~~~1149~806~#880000~1~0~none~gge124~0~frame_outbox#@$R~694.99995~-90~~~444~80~#880000~1~0~none~gge127~0~frame_hitarea#@$PL~695.1 -50.75 1138.63 -50.75~#880000~1~0~none~gge130~0#@$PL~799.63 -30.75 1138.63 -30.75~#880000~1~0~none~gge133~0#@$PL~1059.61 -89.93 1059.63 -50.75~#880000~1~0~none~gge136~0#@$PL~1059.63 -50.75 1059.63 -30.75~#880000~1~0~none~gge139~0#@$T~L~699.99995~-77~0~#880000~~8pt~~~~comment~TITLE:~1~start~gge142~0~pinpart#@$T~L~757.62495~-64.41~0~#0000FF~~10pt~~~~comment~HUB USB~1~start~gge148~0~frame_title#@$T~L~1064.62495~-63.75~0~#880000~~8pt~~~~comment~REV:~1~start~gge154~0~pinpart#@$T~L~1102.62495~-63.75~0~#0000FF~~9pt~~~~comment~1.0~1~start~gge160~0~frame_version#@$T~L~804.62495~-15~0~#880000~~8pt~~~~comment~Date:~1~start~gge166~0~pinpart#@$T~L~851.62495~-14.52~0~#0000FF~~9pt~~~~comment~2024-12-19~1~start~gge172~0~frame_date#@$T~L~1063.62495~-35~0~#880000~~8pt~~~~comment~Sheet:~1~start~gge178~0~pinpart#@$T~L~1108.62495~-34.52~0~#0000FF~~9pt~~~~comment~1/1~1~start~gge184~0~frame_sheet#@$T~L~943.62495~-14.75~0~#880000~~8pt~~~~comment~Drawn By:~1~start~gge190~0~pinpart#@$T~L~1008.63~-14.75~0~#0000FF~~9pt~~~~comment~Ivan Muñoz~1~start~gge196~0~frame_drawn#@$T~L~804.62495~-36.75~0~#880000~~8pt~~~~comment~Company:~1~start~gge202~0~pinpart#@$T~L~871.24995~-36.64~0~#0000FF~~9pt~~~~comment~IES Joan Ramis~1~start~gge208~0~frame_company#@$PL~799.63 -50.75 799.63 -10.75~#880000~1~0~none~gge214~0",
          "LIB~350~-335~package`USB-A-TH_AF-WJDG`Contributor`LCSC`Supplier`LCSC`Supplier Part`C456018`Manufacturer`SHOU HAN(首韩)`Manufacturer Part`AF 90° WJDG`JLCPCB Part Class`Extended Part`spicePre`U`spiceSymbolName`AF 90° WJDG`~~0~gge787e6b9bc442bafa~aa09bdaf851c47469e7ce14171b50189~d77a3ba5a2b74521860c7961bd2df592~0~~yes~yes~~1574492056~#@$T~N~337.81~-358~0~#000080~Arial~~~~~comment~WJDG~1~start~gge353~0~#@$T~P~337.81~-367.08~0~#000080~Arial~~~~~comment~USB1~1~start~gge359~0~#@$P~show~0~5~310~-335~180~gge365~0^^310~-335^^M 310 -335 h 20~#880000^^0~332~-332~0~SHLD~start~~~#0000FF^^0~325~-336~0~5~end~~~#0000FF^^0~327~-335^^0~M 330 -332 L 333 -335 L 330 -338#@$P~show~1~4~390~-315~0~gge386~0^^390~-315^^M 390 -315 h -20~#880000^^1~365~-312~0~GND~end~~~#0000FF^^0~375~-316~0~4~start~~~#0000FF^^0~373~-315^^0~M 370 -318 L 367 -315 L 370 -312#@$P~show~1~3~390~-325~0~gge407~0^^390~-325^^M 390 -325 h -20~#880000^^1~365~-322~0~D+~end~~~#0000FF^^0~375~-326~0~3~start~~~#0000FF^^0~373~-325^^0~M 370 -328 L 367 -325 L 370 -322#@$P~show~1~2~390~-335~0~gge428~0^^390~-335^^M 390 -335 h -20~#880000^^1~365~-332~0~D-~end~~~#0000FF^^0~375~-336~0~2~start~~~#0000FF^^0~373~-335^^0~M 370 -338 L 367 -335 L 370 -332#@$P~show~1~1~390~-345~0~gge449~0^^390~-345^^M 390 -345 h -20~#880000^^1~365~-342~0~VCC~end~~~#0000FF^^0~375~-346~0~1~start~~~#0000FF^^0~373~-345^^0~M 370 -348 L 367 -345 L 370 -342#@$R~330~-355~2~2~40~50~#880000~1~0~none~gge470~0~",
          "LIB~350~-240~package`USB-A-TH_AF-WJDG`Contributor`LCSC`Supplier`LCSC`Supplier Part`C456018`Manufacturer`SHOU HAN(首韩)`Manufacturer Part`AF 90° WJDG`JLCPCB Part Class`Extended Part`spicePre`U`spiceSymbolName`AF 90° WJDG`~~0~gge8ac371b8ad76c5e1~aa09bdaf851c47469e7ce14171b50189~d77a3ba5a2b74521860c7961bd2df592~0~~yes~yes~~1574492056~#@$T~N~337.81~-210~0~#000080~Arial~~~~~comment~WJDG~1~start~gge479~0~#@$T~P~337.81~-200.92~0~#000080~Arial~~~~~comment~USB2~1~start~gge485~0~#@$P~show~0~5~310~-240~180~gge491~0^^310~-240^^M 310 -240 h 20~#880000^^0~332~-237~0~SHLD~start~~~#0000FF^^0~325~-241~0~5~end~~~#0000FF^^0~327~-240^^0~M 330 -237 L 333 -240 L 330 -243#@$P~show~1~4~390~-260~0~gge512~0^^390~-260^^M 390 -260 h -20~#880000^^1~365~-257~0~GND~end~~~#0000FF^^0~375~-261~0~4~start~~~#0000FF^^0~373~-260^^0~M 370 -263 L 367 -260 L 370 -257#@$P~show~1~3~390~-250~0~gge533~0^^390~-250^^M 390 -250 h -20~#880000^^1~365~-247~0~D+~end~~~#0000FF^^0~375~-251~0~3~start~~~#0000FF^^0~373~-250^^0~M 370 -253 L 367 -250 L 370 -247#@$P~show~1~2~390~-240~0~gge554~0^^390~-240^^M 390 -240 h -20~#880000^^1~365~-237~0~D-~end~~~#0000FF^^0~375~-241~0~2~start~~~#0000FF^^0~373~-240^^0~M 370 -243 L 367 -240 L 370 -237#@$P~show~1~1~390~-230~0~gge575~0^^390~-230^^M 390 -230 h -20~#880000^^1~365~-227~0~VCC~end~~~#0000FF^^0~375~-231~0~1~start~~~#0000FF^^0~373~-230^^0~M 370 -233 L 367 -230 L 370 -227#@$R~330~-270~2~2~40~50~#880000~1~0~none~gge596~0~",
          "LIB~520~-290~package`SOP-16_L10.0-W3.9-P1.27-LS6.0-BL`Contributor`LCSC`Supplier`LCSC`Supplier Part`C192893`Manufacturer`CoreChips(和芯润德)`Manufacturer Part`SL2.1A`JLCPCB Part Class`Extended Part`spicePre`U`spiceSymbolName`SL2.1A`~~0~gge6341a6622c545039~bf1b7b0953d842979fbb5acfa9df7d18~0b584390dd864e73b6888beac22117c2~0~~yes~yes~10c5f2c3d11744d48b361c83e404ef88~1735205116~d280e92c2496411593ce9c303c40743f#@$T~N~513.98~-338.09~0~#000080~Arial~~~~~comment~SL2.1A~1~start~gge600~0~#@$T~P~513.98~-347.36~0~#000080~Arial~~~~~comment~U1~1~start~gge606~0~#@$R~470~-335~2~2~100~90~#880000~1~0~none~gge612~0~#@$E~475~-330~1.5~1.5~#880000~1~0~#880000~gge615~0#@$P~show~0~1~460~-325~180~gge618~0^^460~-325^^M 460 -325 h 10~#880000^^1~473.7~-321~0~DM4~start~~~#0000FF^^1~469.5~-326~0~1~end~~~#0000FF^^0~467~-325^^0~M 470 -322 L 473 -325 L 470 -328#@$P~show~0~2~460~-315~180~gge639~0^^460~-315^^M 460 -315 h 10~#880000^^1~473.7~-311~0~DP4~start~~~#0000FF^^1~469.5~-316~0~2~end~~~#0000FF^^0~467~-315^^0~M 470 -312 L 473 -315 L 470 -318#@$P~show~0~3~460~-305~180~gge660~0^^460~-305^^M 460 -305 h 10~#880000^^1~473.7~-301~0~DM3~start~~~#0000FF^^1~469.5~-306~0~3~end~~~#0000FF^^0~467~-305^^0~M 470 -302 L 473 -305 L 470 -308#@$P~show~0~4~460~-295~180~gge681~0^^460~-295^^M 460 -295 h 10~#880000^^1~473.7~-291~0~DP3~start~~~#0000FF^^1~469.5~-296~0~4~end~~~#0000FF^^0~467~-295^^0~M 470 -292 L 473 -295 L 470 -298#@$P~show~0~5~460~-285~180~gge702~0^^460~-285^^M 460 -285 h 10~#880000^^1~473.7~-281~0~DM2~start~~~#0000FF^^1~469.5~-286~0~5~end~~~#0000FF^^0~467~-285^^0~M 470 -282 L 473 -285 L 470 -288#@$P~show~0~6~460~-275~180~gge723~0^^460~-275^^M 460 -275 h 10~#880000^^1~473.7~-271~0~DP2~start~~~#0000FF^^1~469.5~-276~0~6~end~~~#0000FF^^0~467~-275^^0~M 470 -272 L 473 -275 L 470 -278#@$P~show~0~7~460~-265~180~gge744~0^^460~-265^^M 460 -265 h 10~#880000^^1~473.7~-261~0~DM1~start~~~#0000FF^^1~469.5~-266~0~7~end~~~#0000FF^^0~467~-265^^0~M 470 -262 L 473 -265 L 470 -268#@$P~show~0~8~460~-255~180~gge765~0^^460~-255^^M 460 -255 h 10~#880000^^1~473.7~-251~0~DP1~start~~~#0000FF^^1~469.5~-256~0~8~end~~~#0000FF^^0~467~-255^^0~M 470 -252 L 473 -255 L 470 -258#@$P~show~0~9~580~-255~0~gge786~0^^580~-255^^M 580 -255 h -10~#880000^^1~566.3~-251~0~DM~end~~~#0000FF^^1~570.5~-256~0~9~start~~~#0000FF^^0~573~-255^^0~M 570 -258 L 567 -255 L 570 -252#@$P~show~0~10~580~-265~0~gge807~0^^580~-265^^M 580 -265 h -10~#880000^^1~566.3~-261~0~DP~end~~~#0000FF^^1~570.5~-266~0~10~start~~~#0000FF^^0~573~-265^^0~M 570 -268 L 567 -265 L 570 -262#@$P~show~0~11~580~-275~0~gge828~0^^580~-275^^M 580 -275 h -10~#FF0000^^1~566.3~-271~0~VDD5~end~~~#FF0000^^1~570.5~-276~0~11~start~~~#FF0000^^0~573~-275^^0~M 570 -278 L 567 -275 L 570 -272#@$P~show~0~12~580~-285~0~gge849~0^^580~-285^^M 580 -285 h -10~#000000^^1~566.3~-281~0~GND~end~~~#000000^^1~570.5~-286~0~12~start~~~#000000^^0~573~-285^^0~M 570 -288 L 567 -285 L 570 -282#@$P~show~0~13~580~-295~0~gge870~0^^580~-295^^M 580 -295 h -10~#FF0000^^1~566.3~-291~0~VDD33~end~~~#FF0000^^1~570.5~-296~0~13~start~~~#FF0000^^0~573~-295^^0~M 570 -298 L 567 -295 L 570 -292#@$P~show~0~14~580~-305~0~gge891~0^^580~-305^^M 580 -305 h -10~#FF0000^^1~566.3~-301~0~VDD18~end~~~#FF0000^^1~570.5~-306~0~14~start~~~#FF0000^^0~573~-305^^0~M 570 -308 L 567 -305 L 570 -302#@$P~show~0~15~580~-315~0~gge912~0^^580~-315^^M 580 -315 h -10~#880000^^1~566.3~-311~0~XOUT~end~~~#0000FF^^1~570.5~-316~0~15~start~~~#0000FF^^0~573~-315^^0~M 570 -318 L 567 -315 L 570 -312#@$P~show~0~16~580~-325~0~gge933~0^^580~-325^^M 580 -325 h -10~#880000^^1~566.3~-321~0~XIN~end~~~#0000FF^^1~570.5~-326~0~16~start~~~#0000FF^^0~573~-325^^0~M 570 -328 L 567 -325 L 570 -322",
          "W~390 -335 440 -335 440 -285 460 -285~#008800~1~0~none~gge4698~0",
          "W~390 -325 430 -325 430 -275 460 -275~#008800~1~0~none~gge4701~0",
          "W~390 -250 460 -250 460 -255~#008800~1~0~none~gge4704~0",
          "W~390 -240 440 -240 440 -265 460 -265~#008800~1~0~none~gge4707~0",
          "W~580 -265 640 -265 640 -300 670 -300~#008800~1~0~none~gge4710~0",
          "W~580 -255 650 -255 650 -290 670 -290~#008800~1~0~none~gge4713~0",
          "LIB~630~-210~package`SOD-323_L1.8-W1.3-LS2.5-RD`Supplier`LCSC`Manufacturer`onsemi(安森美)`Manufacturer Part`NSR0320MW2T1G`Supplier Part`C48192`JLCPCB Part Class`Extended Part`spicePre`D`spiceSymbolName`NSR0320MW2T1G`~~0~gge7fa8cad7ba821e4e~dd3cfd4941c4479cb7f2c598e6fde06c~d9ffc0d3433410e083ddbbbfe2049903~0~~yes~yes~~1568949145~#@$T~N~624.04~-219~0~#000080~Arial~4pt~~~~comment~NSR0320MW2T1G~1~start~gge4776~0~#@$T~P~624.03515625~-228~0~#000080~Arial~~~~~comment~D1~1~start~gge4782~0~#@$P~show~0~2~650~-210~0~gge4788~0^^650~-210^^M 650 -210 h -15~#880000^^0~632~-207~0~A~end~~~#0000FF^^0~641~-211~0~2~start~~~#0000FF^^0~638~-210^^0~M 635 -213 L 632 -210 L 635 -207#@$P~show~0~1~610~-210~180~gge4809~0^^610~-210^^M 610 -210 h 15~#880000^^0~628~-207~0~C~start~~~#0000FF^^0~619~-211~0~1~end~~~#0000FF^^0~622~-210^^0~M 625 -207 L 628 -210 L 625 -213#@$PT~M 635 -216 L 625 -210 L 635 -203 Z ~#880000~1~0~#880000~gge4830~0~#@$PL~625 -215 625 -205~#880000~1~0~none~gge4833~0",
          "LIB~350~-390~package`C0603`nameAlias`Value`Supplier`LCSC`Manufacturer`SAMSUNG(三星)`Manufacturer Part`CL10A106KP8NNNC`Supplier Part`C19702`JLCPCB Part Class`Basic Part`spicePre`C`spiceSymbolName`CL10A106KP8NNNC`~~0~gge65e8c3b18044c463~f8151fdc728a41ebbc304e11d39e5437~3d033fcb6d334c25b65a754834cf5aaf~0~~yes~yes~~1542801681~#@$T~N~344.03515625~-401~0~#000080~Arial~~~~~comment~10uF~1~start~gge5034~0~#@$T~P~344.03515625~-410~0~#000080~Arial~~~~~comment~C1~1~start~gge5040~0~#@$PL~348 -382 348 -398~#A00000~1~0~none~gge5046~0#@$P~show~0~1~330~-390~180~gge5049~0^^330~-390^^M 340 -390 h -10~#800^^0~344~-390~0~1~start~~~#800^^0~336~-394~0~1~end~~~#800^^0~317~-390^^0~M 320 -387 L 323 -390 L 320 -393#@$PL~360 -390 352 -390~#A00000~1~0~none~gge5070~0#@$PL~352 -398 352 -382~#A00000~1~0~none~gge5073~0#@$P~show~0~2~370~-390~0~gge5076~0^^370~-390^^M 360 -390 h 10~#800^^0~356~-390~0~2~end~~~#800^^0~364~-394~0~2~start~~~#800^^0~383~-390^^0~M 380 -393 L 377 -390 L 380 -387#@$PL~348 -390 340 -390~#A00000~1~0~none~gge5097~0",
          "LIB~350~-170~package`C0603`nameAlias`Value`Supplier`LCSC`Manufacturer`SAMSUNG(三星)`Manufacturer Part`CL10A106KP8NNNC`Supplier Part`C19702`JLCPCB Part Class`Basic Part`spicePre`C`spiceSymbolName`CL10A106KP8NNNC`~~0~gge595b7cc32a812c42~f8151fdc728a41ebbc304e11d39e5437~3d033fcb6d334c25b65a754834cf5aaf~0~~yes~yes~~1542801681~#@$T~N~344.03515625~-181~0~#000080~Arial~~~~~comment~10uF~1~start~gge5106~0~#@$T~P~344.03515625~-190~0~#000080~Arial~~~~~comment~C2~1~start~gge5112~0~#@$PL~348 -162 348 -178~#A00000~1~0~none~gge5118~0#@$P~show~0~1~330~-170~180~gge5121~0^^330~-170^^M 340 -170 h -10~#800^^0~344~-170~0~1~start~~~#800^^0~336~-174~0~1~end~~~#800^^0~317~-170^^0~M 320 -167 L 323 -170 L 320 -173#@$PL~360 -170 352 -170~#A00000~1~0~none~gge5142~0#@$PL~352 -178 352 -162~#A00000~1~0~none~gge5145~0#@$P~show~0~2~370~-170~0~gge5148~0^^370~-170^^M 360 -170 h 10~#800^^0~356~-170~0~2~end~~~#800^^0~364~-174~0~2~start~~~#800^^0~383~-170^^0~M 380 -173 L 377 -170 L 380 -167#@$PL~348 -170 340 -170~#A00000~1~0~none~gge5169~0",
          "F~part_netLabel_gnD~310~-335~270~gge5173~~0^^310~-335^^GND~#000000~267.51~-331.07~0~start~1~Times New Roman~9pt~flag_gge7^^PL~300 -335 310 -335~#000000~1~0~transparent~gge5185~0^^PL~300 -344 300 -326~#000000~1~0~transparent~gge5188~0^^PL~298 -341 298 -329~#000000~1~0~transparent~gge5191~0^^PL~296 -338 296 -332~#000000~1~0~transparent~gge5194~0^^PL~294 -336 294 -334~#000000~1~0~transparent~gge5197~0",
          "F~part_netLabel_gnD~310~-240~270~gge5200~~0^^310~-240^^GND~#000000~267.51~-236.07~0~start~1~Times New Roman~9pt~flag_gge10^^PL~300 -240 310 -240~#000000~1~0~transparent~gge5212~0^^PL~300 -249 300 -231~#000000~1~0~transparent~gge5215~0^^PL~298 -246 298 -234~#000000~1~0~transparent~gge5218~0^^PL~296 -243 296 -237~#000000~1~0~transparent~gge5221~0^^PL~294 -241 294 -239~#000000~1~0~transparent~gge5224~0",
          "F~part_netLabel_gnD~775~-280~90~gge5227~~0^^775~-280^^GND~#000000~802~-271~0~start~1~Times New Roman~9pt~flag_gge13^^PL~785 -280 775 -280~#000000~1~0~transparent~gge5239~0^^PL~785 -271 785 -289~#000000~1~0~transparent~gge5242~0^^PL~787 -274 787 -286~#000000~1~0~transparent~gge5245~0^^PL~789 -277 789 -283~#000000~1~0~transparent~gge5248~0^^PL~791 -279 791 -281~#000000~1~0~transparent~gge5251~0",
          "F~part_netLabel_gnD~390~-315~90~gge5254~~0^^390~-315^^GND~#000000~406.5~-311.07~0~start~1~Times New Roman~9pt~flag_gge16^^PL~400 -315 390 -315~#000000~1~0~transparent~gge5266~0^^PL~400 -306 400 -324~#000000~1~0~transparent~gge5269~0^^PL~402 -309 402 -321~#000000~1~0~transparent~gge5272~0^^PL~404 -312 404 -318~#000000~1~0~transparent~gge5275~0^^PL~406 -314 406 -316~#000000~1~0~transparent~gge5278~0",
          "F~part_netLabel_+5V~390~-345~270~gge5335~~0^^390~-345^^+5V~#000000~400.5~-341.07~0~start~1~Times New Roman~9pt~flag_gge19^^PL~400 -345 390 -345~#000000~1~0~transparent~gge5347~0^^PL~400 -350 400 -340~#000000~1~0~transparent~gge5350~0",
          "F~part_netLabel_+5V~610~-210~90~gge5371~~0^^610~-210^^+5V~#000000~577.45~-206.07~0~start~1~Times New Roman~9pt~flag_gge22^^PL~600 -210 610 -210~#000000~1~0~transparent~gge5383~0^^PL~600 -205 600 -215~#000000~1~0~transparent~gge5386~0",
          "F~part_netLabel_gnD~665~-310~180~gge5407~~0^^665~-310^^GND~#000000~652~-329.09~0~start~1~Times New Roman~9pt~flag_gge25^^PL~665 -320 665 -310~#000000~1~0~transparent~gge5419~0^^PL~674 -320 656 -320~#000000~1~0~transparent~gge5422~0^^PL~671 -322 659 -322~#000000~1~0~transparent~gge5425~0^^PL~668 -324 662 -324~#000000~1~0~transparent~gge5428~0^^PL~666 -326 664 -326~#000000~1~0~transparent~gge5431~0",
          "F~part_netLabel_gnD~390~-260~90~gge5485~~0^^390~-260^^GND~#000000~406.5~-256.07~0~start~1~Times New Roman~9pt~flag_gge28^^PL~400 -260 390 -260~#000000~1~0~transparent~gge5497~0^^PL~400 -251 400 -269~#000000~1~0~transparent~gge5500~0^^PL~402 -254 402 -266~#000000~1~0~transparent~gge5503~0^^PL~404 -257 404 -263~#000000~1~0~transparent~gge5506~0^^PL~406 -259 406 -261~#000000~1~0~transparent~gge5509~0",
          "F~part_netLabel_+5V~390~-230~270~gge5539~~0^^390~-230^^+5V~#000000~400.5~-226.07~0~start~1~Times New Roman~9pt~flag_gge31^^PL~400 -230 390 -230~#000000~1~0~transparent~gge5551~0^^PL~400 -235 400 -225~#000000~1~0~transparent~gge5554~0",
          "W~705 -175 775 -175 775 -280 750 -280~#008800~1~0~none~gge5647~0",
          "W~670 -310 665 -310~#008800~1~0~none~gge5650~0",
          "W~310 -335 310 -390 330 -390~#008800~1~0~none~gge5656~0",
          "W~390 -345 390 -390 370 -390~#008800~1~0~none~gge5660~0",
          "W~390 -230 390 -170 370 -170~#008800~1~0~none~gge5664~0",
          "W~330 -170 310 -170 310 -240~#008800~1~0~none~gge5668~0",
          "LIB~685~-175~package`C0603`nameAlias`Value`Supplier`LCSC`Manufacturer`SAMSUNG(三星)`Manufacturer Part`CL10A106KP8NNNC`Supplier Part`C19702`JLCPCB Part Class`Basic Part`spicePre`C`spiceSymbolName`CL10A106KP8NNNC`~~0~gge9f3a752a979c7622~f8151fdc728a41ebbc304e11d39e5437~3d033fcb6d334c25b65a754834cf5aaf~0~~yes~yes~~1542801681~#@$T~N~679.03515625~-186~0~#000080~Arial~~~~~comment~10uF~1~start~gge5712~0~#@$T~P~679.03515625~-195~0~#000080~Arial~~~~~comment~C3~1~start~gge5718~0~#@$PL~683 -167 683 -183~#A00000~1~0~none~gge5724~0#@$P~show~0~1~665~-175~180~gge5727~0^^665~-175^^M 675 -175 h -10~#800^^0~679~-175~0~1~start~~~#800^^0~671~-179~0~1~end~~~#800^^0~652~-175^^0~M 655 -172 L 658 -175 L 655 -178#@$PL~695 -175 687 -175~#A00000~1~0~none~gge5748~0#@$PL~687 -183 687 -167~#A00000~1~0~none~gge5751~0#@$P~show~0~2~705~-175~0~gge5754~0^^705~-175^^M 695 -175 h 10~#800^^0~691~-175~0~2~end~~~#800^^0~699~-179~0~2~start~~~#800^^0~718~-175^^0~M 715 -178 L 712 -175 L 715 -172#@$PL~683 -175 675 -175~#A00000~1~0~none~gge5775~0",
          "LIB~635~-435~package`C0603`nameAlias`Value`Supplier`LCSC`Manufacturer`SAMSUNG(三星)`Manufacturer Part`CL10A106KP8NNNC`Supplier Part`C19702`JLCPCB Part Class`Basic Part`spicePre`C`spiceSymbolName`CL10A106KP8NNNC`~270~0~gge851c6af5c049f7f0~f8151fdc728a41ebbc304e11d39e5437~3d033fcb6d334c25b65a754834cf5aaf~0~~yes~yes~~1542801681~#@$T~N~645~-422.64~0~#000080~Arial~~~~~comment~10uF~1~start~gge5787~0~#@$T~P~645~-431.79~0~#000080~Arial~~~~~comment~C4~1~start~gge5793~0~#@$PL~627 -437 643 -437~#A00000~1~0~none~gge5799~0#@$P~show~0~1~635~-455~90~gge5802~0^^635~-455^^M 635 -445 v -10~#800^^0~635~-441~270~1~end~~~#800^^0~631~-449~270~1~start~~~#800^^0~635~-468^^0~M 632 -465 L 635 -462 L 638 -465#@$PL~635 -425 635 -433~#A00000~1~0~none~gge5823~0#@$PL~643 -433 627 -433~#A00000~1~0~none~gge5826~0#@$P~show~0~2~635~-415~270~gge5829~0^^635~-415^^M 635 -425 v 10~#800^^0~635~-429~270~2~start~~~#800^^0~631~-421~270~2~end~~~#800^^0~635~-402^^0~M 638 -405 L 635 -408 L 632 -405#@$PL~635 -437 635 -445~#A00000~1~0~none~gge5850~0",
          "LIB~595~-435~package`C0603`nameAlias`Value`Supplier`LCSC`Manufacturer`SAMSUNG(三星)`Manufacturer Part`CL10A106KP8NNNC`Supplier Part`C19702`JLCPCB Part Class`Basic Part`spicePre`C`spiceSymbolName`CL10A106KP8NNNC`~270~0~gge1d0eed24f35e56af~f8151fdc728a41ebbc304e11d39e5437~3d033fcb6d334c25b65a754834cf5aaf~0~~yes~yes~~1542801681~#@$T~N~605~-422.64~0~#000080~Arial~~~~~comment~10uF~1~start~gge5862~0~#@$T~P~605~-431.79~0~#000080~Arial~~~~~comment~C5~1~start~gge5868~0~#@$PL~587 -437 603 -437~#A00000~1~0~none~gge5874~0#@$P~show~0~1~595~-455~90~gge5877~0^^595~-455^^M 595 -445 v -10~#800^^0~595~-441~270~1~end~~~#800^^0~591~-449~270~1~start~~~#800^^0~595~-468^^0~M 592 -465 L 595 -462 L 598 -465#@$PL~595 -425 595 -433~#A00000~1~0~none~gge5898~0#@$PL~603 -433 587 -433~#A00000~1~0~none~gge5901~0#@$P~show~0~2~595~-415~270~gge5904~0^^595~-415^^M 595 -425 v 10~#800^^0~595~-429~270~2~start~~~#800^^0~591~-421~270~2~end~~~#800^^0~595~-402^^0~M 598 -405 L 595 -408 L 592 -405#@$PL~595 -437 595 -445~#A00000~1~0~none~gge5925~0",
          "W~650 -210 670 -210 670 -280~#008800~1~0~none~gge5928~0",
          "W~665 -175 610 -175 610 -210~#008800~1~0~none~gge5931~0",
          "F~part_netLabel_gnD~595~-455~180~gge5969~~0^^595~-455^^GND~#000000~582~-474.36~0~start~1~Times New Roman~9pt~flag_gge34^^PL~595 -465 595 -455~#000000~1~0~transparent~gge5981~0^^PL~604 -465 586 -465~#000000~1~0~transparent~gge5984~0^^PL~601 -467 589 -467~#000000~1~0~transparent~gge5987~0^^PL~598 -469 592 -469~#000000~1~0~transparent~gge5990~0^^PL~596 -471 594 -471~#000000~1~0~transparent~gge5993~0",
          "F~part_netLabel_gnD~635~-455~180~gge5996~~0^^635~-455^^GND~#000000~622~-474.36~0~start~1~Times New Roman~9pt~flag_gge37^^PL~635 -465 635 -455~#000000~1~0~transparent~gge6008~0^^PL~644 -465 626 -465~#000000~1~0~transparent~gge6011~0^^PL~641 -467 629 -467~#000000~1~0~transparent~gge6014~0^^PL~638 -469 632 -469~#000000~1~0~transparent~gge6017~0^^PL~636 -471 634 -471~#000000~1~0~transparent~gge6020~0",
          "W~580 -305 595 -305 595 -415~#008800~1~0~none~gge6074~0",
          "O~580~-315~gge6080~M 576 -319 L 584 -311 M 584 -319 L 576 -311~#33cc33~0",
          "F~part_netLabel_gnD~580~-400~180~gge6092~~0^^580~-400^^GND~#000000~567~-419.36~0~start~1~Times New Roman~9pt~flag_gge40^^PL~580 -410 580 -400~#000000~1~0~transparent~gge6104~0^^PL~589 -410 571 -410~#000000~1~0~transparent~gge6107~0^^PL~586 -412 574 -412~#000000~1~0~transparent~gge6110~0^^PL~583 -414 577 -414~#000000~1~0~transparent~gge6113~0^^PL~581 -416 579 -416~#000000~1~0~transparent~gge6116~0",
          "W~580 -325 580 -400~#008800~1~0~none~gge6152~0",
          "F~part_netLabel_+5V~580~-275~270~gge6155~~0^^580~-275^^+5V~#000000~590.5~-270.93~0~start~1~Times New Roman~9pt~flag_gge43^^PL~590 -275 580 -275~#000000~1~0~transparent~gge6167~0^^PL~590 -280 590 -270~#000000~1~0~transparent~gge6170~0",
          "F~part_netLabel_gnD~580~-285~90~gge6233~~0^^580~-285^^GND~#000000~596.5~-280.93~0~start~1~Times New Roman~9pt~flag_gge46^^PL~590 -285 580 -285~#000000~1~0~transparent~gge6245~0^^PL~590 -276 590 -294~#000000~1~0~transparent~gge6248~0^^PL~592 -279 592 -291~#000000~1~0~transparent~gge6251~0^^PL~594 -282 594 -288~#000000~1~0~transparent~gge6254~0^^PL~596 -284 596 -286~#000000~1~0~transparent~gge6257~0",
          "W~580 -295 635 -295 635 -415~#008800~1~0~none~gge6293~0",
          "LIB~710~-295~package`USB-A-TH_USB-05`Contributor`LCSC`Supplier`LCSC`Manufacturer`SOFNG(硕方)`Manufacturer Part`USB-05`Supplier Part`C112454`JLCPCB Part Class`Extended Part`spicePre`U`spiceSymbolName`USB-05`~~0~gge2d2dec49041dd871~d54fbf73acd54c7cb1db88ec90dd7cee~9738ede7fe7f40cda124beae167310d8~0~~yes~yes~~1699323877~#@$T~N~697.8125~-259.5~0~#000080~Arial~~~~~comment~USB-05~1~start~gge6456~0~#@$T~P~697.8125~-250.5~0~#000080~Arial~~~~~comment~USB4~1~start~gge6462~0~#@$P~show~0~5~750~-310~0~gge6468~0^^750~-310^^M 750 -310 h -10~#880000^^1~738~-307~0~EH~end~~~#0000FF^^1~740~-311~0~5~start~~~#0000FF^^0~743~-310^^0~M 740 -313 L 737 -310 L 740 -307#@$P~show~1~4~670~-310~180~gge6489~0^^670~-310^^M 670 -310 h 10~#000000^^1~685~-307~0~GND~start~~~#000000^^1~680~-311~0~4~end~~~#000000^^0~677~-310^^0~M 680 -307 L 683 -310 L 680 -313#@$P~show~1~3~670~-300~180~gge6510~0^^670~-300^^M 670 -300 h 10~#000000^^1~685~-297~0~D+~start~~~#000000^^1~680~-301~0~3~end~~~#000000^^0~677~-300^^0~M 680 -297 L 683 -300 L 680 -303#@$P~show~1~2~670~-290~180~gge6531~0^^670~-290^^M 670 -290 h 10~#000000^^1~685~-287~0~D-~start~~~#000000^^1~680~-291~0~2~end~~~#000000^^0~677~-290^^0~M 680 -287 L 683 -290 L 680 -293#@$P~show~1~1~670~-280~180~gge6552~0^^670~-280^^M 670 -280 h 10~#FF0000^^1~685~-277~0~VCC~start~~~#FF0000^^1~680~-281~0~1~end~~~#FF0000^^0~677~-280^^0~M 680 -277 L 683 -280 L 680 -283#@$R~680~-320~2~2~60~50~#880000~1~0~none~gge6573~0~#@$P~show~0~6~750~-280~0~gge6576~0^^750~-280^^M 750 -280 h -10~#880000^^1~738~-277~0~EH~end~~~#0000FF^^1~740~-281~0~6~start~~~#0000FF^^0~743~-280^^0~M 740 -283 L 737 -280 L 740 -277",
          "W~750 -310 775 -310 775 -280~#008800~1~0~none~gge6894~0",
          "W~330 -425 310 -425 310 -495~#008800~1~0~none~gge6937~0",
          "W~390 -485 390 -425 370 -425~#008800~1~0~none~gge6940~0",
          "W~390 -600 390 -645 370 -645~#008800~1~0~none~gge6943~0",
          "W~310 -590 310 -645 330 -645~#008800~1~0~none~gge6946~0",
          "F~part_netLabel_+5V~390~-485~270~gge6949~~0^^390~-485^^+5V~#000000~400.5~-481.07~0~start~1~Times New Roman~9pt~flag_gge49^^PL~400 -485 390 -485~#000000~1~0~transparent~gge6961~0^^PL~400 -490 400 -480~#000000~1~0~transparent~gge6964~0",
          "F~part_netLabel_gnD~390~-515~90~gge6967~~0^^390~-515^^GND~#000000~406.5~-511.07~0~start~1~Times New Roman~9pt~flag_gge52^^PL~400 -515 390 -515~#000000~1~0~transparent~gge6979~0^^PL~400 -506 400 -524~#000000~1~0~transparent~gge6982~0^^PL~402 -509 402 -521~#000000~1~0~transparent~gge6985~0^^PL~404 -512 404 -518~#000000~1~0~transparent~gge6988~0^^PL~406 -514 406 -516~#000000~1~0~transparent~gge6991~0",
          "F~part_netLabel_+5V~390~-600~270~gge6994~~0^^390~-600^^+5V~#000000~400.5~-596.07~0~start~1~Times New Roman~9pt~flag_gge55^^PL~400 -600 390 -600~#000000~1~0~transparent~gge7006~0^^PL~400 -605 400 -595~#000000~1~0~transparent~gge7009~0",
          "F~part_netLabel_gnD~390~-570~90~gge7012~~0^^390~-570^^GND~#000000~406.5~-566.07~0~start~1~Times New Roman~9pt~flag_gge58^^PL~400 -570 390 -570~#000000~1~0~transparent~gge7024~0^^PL~400 -561 400 -579~#000000~1~0~transparent~gge7027~0^^PL~402 -564 402 -576~#000000~1~0~transparent~gge7030~0^^PL~404 -567 404 -573~#000000~1~0~transparent~gge7033~0^^PL~406 -569 406 -571~#000000~1~0~transparent~gge7036~0",
          "F~part_netLabel_gnD~310~-495~270~gge7039~~0^^310~-495^^GND~#000000~267.51~-491.07~0~start~1~Times New Roman~9pt~flag_gge61^^PL~300 -495 310 -495~#000000~1~0~transparent~gge7051~0^^PL~300 -504 300 -486~#000000~1~0~transparent~gge7054~0^^PL~298 -501 298 -489~#000000~1~0~transparent~gge7057~0^^PL~296 -498 296 -492~#000000~1~0~transparent~gge7060~0^^PL~294 -496 294 -494~#000000~1~0~transparent~gge7063~0",
          "F~part_netLabel_gnD~310~-590~270~gge7066~~0^^310~-590^^GND~#000000~267.51~-586.07~0~start~1~Times New Roman~9pt~flag_gge64^^PL~300 -590 310 -590~#000000~1~0~transparent~gge7078~0^^PL~300 -599 300 -581~#000000~1~0~transparent~gge7081~0^^PL~298 -596 298 -584~#000000~1~0~transparent~gge7084~0^^PL~296 -593 296 -587~#000000~1~0~transparent~gge7087~0^^PL~294 -591 294 -589~#000000~1~0~transparent~gge7090~0",
          "LIB~350~-425~package`C0603`nameAlias`Value`Supplier`LCSC`Manufacturer`SAMSUNG(三星)`Manufacturer Part`CL10A106KP8NNNC`Supplier Part`C19702`JLCPCB Part Class`Basic Part`spicePre`C`spiceSymbolName`CL10A106KP8NNNC`~~0~ggecf7a7f0617efbd6e~f8151fdc728a41ebbc304e11d39e5437~3d033fcb6d334c25b65a754834cf5aaf~0~~yes~yes~~1542801681~#@$T~N~344.03515625~-436~0~#000080~Arial~~~~~comment~10uF~1~start~gge7099~0~#@$T~P~344.03515625~-445~0~#000080~Arial~~~~~comment~C6~1~start~gge7105~0~#@$PL~348 -417 348 -433~#A00000~1~0~none~gge7111~0#@$P~show~0~1~330~-425~180~gge7114~0^^330~-425^^M 340 -425 h -10~#800^^0~344~-425~0~1~start~~~#800^^0~336~-429~0~1~end~~~#800^^0~317~-425^^0~M 320 -422 L 323 -425 L 320 -428#@$PL~360 -425 352 -425~#A00000~1~0~none~gge7135~0#@$PL~352 -433 352 -417~#A00000~1~0~none~gge7138~0#@$P~show~0~2~370~-425~0~gge7141~0^^370~-425^^M 360 -425 h 10~#800^^0~356~-425~0~2~end~~~#800^^0~364~-429~0~2~start~~~#800^^0~383~-425^^0~M 380 -428 L 377 -425 L 380 -422#@$PL~348 -425 340 -425~#A00000~1~0~none~gge7162~0",
          "LIB~350~-645~package`C0603`nameAlias`Value`Supplier`LCSC`Manufacturer`SAMSUNG(三星)`Manufacturer Part`CL10A106KP8NNNC`Supplier Part`C19702`JLCPCB Part Class`Basic Part`spicePre`C`spiceSymbolName`CL10A106KP8NNNC`~~0~gge8d2d6c4b231afa04~f8151fdc728a41ebbc304e11d39e5437~3d033fcb6d334c25b65a754834cf5aaf~0~~yes~yes~~1542801681~#@$T~N~344.03515625~-656~0~#000080~Arial~~~~~comment~10uF~1~start~gge7171~0~#@$T~P~344.03515625~-665~0~#000080~Arial~~~~~comment~C7~1~start~gge7177~0~#@$PL~348 -637 348 -653~#A00000~1~0~none~gge7183~0#@$P~show~0~1~330~-645~180~gge7186~0^^330~-645^^M 340 -645 h -10~#800^^0~344~-645~0~1~start~~~#800^^0~336~-649~0~1~end~~~#800^^0~317~-645^^0~M 320 -642 L 323 -645 L 320 -648#@$PL~360 -645 352 -645~#A00000~1~0~none~gge7207~0#@$PL~352 -653 352 -637~#A00000~1~0~none~gge7210~0#@$P~show~0~2~370~-645~0~gge7213~0^^370~-645^^M 360 -645 h 10~#800^^0~356~-645~0~2~end~~~#800^^0~364~-649~0~2~start~~~#800^^0~383~-645^^0~M 380 -648 L 377 -645 L 380 -642#@$PL~348 -645 340 -645~#A00000~1~0~none~gge7234~0",
          "W~460 -305 445 -305 445 -350 425 -350 425 -460 490 -460 490 -520 460 -520 440 -520 440 -495 390 -495~#008800~1~0~none~gge7237~0",
          "W~460 -295 460 -290 450 -290 460 -505 390 -505~#008800~1~0~none~gge7240~0",
          "W~460 -315 440 -315 440 -400 475 -400 475 -530 460 -530 430 -530 430 -580 390 -580~#008800~1~0~none~gge7243~0",
          "W~460 -325 460 -350 470 -350 470 -365 410 -365 410 -425 510 -420 515 -420 515 -540 460 -540 440 -540 440 -590 390 -590~#008800~1~0~none~gge7246~0",
          "LIB~350~-495~package`USB-A-TH_AF-WJDG`Contributor`LCSC`Supplier`LCSC`Supplier Part`C456018`Manufacturer`SHOU HAN(首韩)`Manufacturer Part`AF 90° WJDG`JLCPCB Part Class`Extended Part`spicePre`U`spiceSymbolName`AF 90° WJDG`~~0~gge5ed5b4333e0ba76d~aa09bdaf851c47469e7ce14171b50189~d77a3ba5a2b74521860c7961bd2df592~0~~yes~yes~~1574492056~#@$T~N~337.81~-465~0~#000080~Arial~~~~~comment~WJDG~1~start~gge7255~0~#@$T~P~337.81~-455.92~0~#000080~Arial~~~~~comment~USB3~1~start~gge7261~0~#@$P~show~0~5~310~-495~180~gge7267~0^^310~-495^^M 310 -495 h 20~#880000^^0~332~-492~0~SHLD~start~~~#0000FF^^0~325~-496~0~5~end~~~#0000FF^^0~327~-495^^0~M 330 -492 L 333 -495 L 330 -498#@$P~show~1~4~390~-515~0~gge7288~0^^390~-515^^M 390 -515 h -20~#880000^^1~365~-512~0~GND~end~~~#0000FF^^0~375~-516~0~4~start~~~#0000FF^^0~373~-515^^0~M 370 -518 L 367 -515 L 370 -512#@$P~show~1~3~390~-505~0~gge7309~0^^390~-505^^M 390 -505 h -20~#880000^^1~365~-502~0~D+~end~~~#0000FF^^0~375~-506~0~3~start~~~#0000FF^^0~373~-505^^0~M 370 -508 L 367 -505 L 370 -502#@$P~show~1~2~390~-495~0~gge7330~0^^390~-495^^M 390 -495 h -20~#880000^^1~365~-492~0~D-~end~~~#0000FF^^0~375~-496~0~2~start~~~#0000FF^^0~373~-495^^0~M 370 -498 L 367 -495 L 370 -492#@$P~show~1~1~390~-485~0~gge7351~0^^390~-485^^M 390 -485 h -20~#880000^^1~365~-482~0~VCC~end~~~#0000FF^^0~375~-486~0~1~start~~~#0000FF^^0~373~-485^^0~M 370 -488 L 367 -485 L 370 -482#@$R~330~-525~2~2~40~50~#880000~1~0~none~gge7372~0~",
          "LIB~350~-590~package`USB-A-TH_AF-WJDG`Contributor`LCSC`Supplier`LCSC`Supplier Part`C456018`Manufacturer`SHOU HAN(首韩)`Manufacturer Part`AF 90° WJDG`JLCPCB Part Class`Extended Part`spicePre`U`spiceSymbolName`AF 90° WJDG`~~0~gge121ad37e70a77a45~aa09bdaf851c47469e7ce14171b50189~d77a3ba5a2b74521860c7961bd2df592~0~~yes~yes~~1574492056~#@$T~N~337.81~-613~0~#000080~Arial~~~~~comment~WJDG~1~start~gge7381~0~#@$T~P~337.81~-622.08~0~#000080~Arial~~~~~comment~USB5~1~start~gge7387~0~#@$P~show~0~5~310~-590~180~gge7393~0^^310~-590^^M 310 -590 h 20~#880000^^0~332~-587~0~SHLD~start~~~#0000FF^^0~325~-591~0~5~end~~~#0000FF^^0~327~-590^^0~M 330 -587 L 333 -590 L 330 -593#@$P~show~1~4~390~-570~0~gge7414~0^^390~-570^^M 390 -570 h -20~#880000^^1~365~-567~0~GND~end~~~#0000FF^^0~375~-571~0~4~start~~~#0000FF^^0~373~-570^^0~M 370 -573 L 367 -570 L 370 -567#@$P~show~1~3~390~-580~0~gge7435~0^^390~-580^^M 390 -580 h -20~#880000^^1~365~-577~0~D+~end~~~#0000FF^^0~375~-581~0~3~start~~~#0000FF^^0~373~-580^^0~M 370 -583 L 367 -580 L 370 -577#@$P~show~1~2~390~-590~0~gge7456~0^^390~-590^^M 390 -590 h -20~#880000^^1~365~-587~0~D-~end~~~#0000FF^^0~375~-591~0~2~start~~~#0000FF^^0~373~-590^^0~M 370 -593 L 367 -590 L 370 -587#@$P~show~1~1~390~-600~0~gge7477~0^^390~-600^^M 390 -600 h -20~#880000^^1~365~-597~0~VCC~end~~~#0000FF^^0~375~-601~0~1~start~~~#0000FF^^0~373~-600^^0~M 370 -603 L 367 -600 L 370 -597#@$R~330~-610~2~2~40~50~#880000~1~0~none~gge7498~0~",
          "J~310~-335~2.5~#CC0000~gge5657~0",
          "J~390~-345~2.5~#CC0000~gge5661~0",
          "J~390~-230~2.5~#CC0000~gge5665~0",
          "J~310~-240~2.5~#CC0000~gge5669~0",
          "J~610~-210~2.5~#CC0000~gge5932~0",
          "J~775~-280~2.5~#CC0000~gge6872~0",
          "J~310~-495~2.5~#CC0000~gge6901~0",
          "J~390~-485~2.5~#CC0000~gge6910~0",
          "J~390~-600~2.5~#CC0000~gge6919~0",
          "J~310~-590~2.5~#CC0000~gge6928~0"
        ],
        "BBox": {
          "x": 0,
          "y": -808,
          "width": 1149,
          "height": 810
        },
        "colors": {}
      }
    }
  ]
}