{
"lengthUnit": "mil",
"components": {
	"fields": ["COMPONENT_NO", "COMPONENT_NAME", "LAYER", "X_COORDINATE", "Y_COORDINATE", "ANGLE"],
	"rows": [
		[1, "1", "T", 3250, -995, 90],
		[2, "C1", "T", 2455, -1000, 270],
		[3, "LED1", "T", 675, -415, 180],
		[4, "R1", "T", 2325, -1000, 90],
		[5, "U1", "T", 2600, -1000, 180]
	]
},
"pins": {
	"fields": ["PIN_NO", "PIN_NAME", "PIN_X", "PIN_Y", "LAYER", "PIN_TYPE", "NET_NAME", "NET_TYPE", "PAD_SHAPE", "PAD_SIZEX", "PAD_SIZEY", "HOLE_SIZE", "PAD_ANGLE"],
	"rows": [
		[1, "1_P$1", 2725, -1020, "T", "SMD", "$1N497", "", "R", 29.53, 11.81, 0, 180],
		[2, "1_P$2", 2875, -970, "T", "DIP", "$1N485", "", "C", 31.81, 31.81, 11.83, 90],
		[3, "1_P$2", 2875, -970, "B", "DIP", "$1N485", "", "C", 31.81, 31.81, 11.83, 90],
		[4, "C1_1", 2455, -972.44, "T", "SMD", "$1N416", "", "R", 31.5, 35.43, 0, 270],
		[5, "C1_2", 2455, -1027.56, "T", "SMD", "$1N422", "", "R", 31.5, 35.43, 0, 270],
		[6, "LED1_1", 633.65, -415, "T", "SMD", "$1N550", "", "R", 39.37, 55.1, 0, 0],
		[7, "LED1_2", 716.35, -415, "T", "SMD", "$1N416", "", "R", 39.37, 55.1, 0, 0],
		[8, "R1_1", 2325, -1039.37, "T", "SMD", "$1N550", "", "R", 44.59, 54.21, 0, 90],
		[9, "R1_2", 2325, -960.63, "T", "SMD", "$1N422", "", "R", 44.59, 54.21, 0, 90],
		[10, "U1_1", 2619.68, -974.41, "T", "SMD", "$1N485", "", "R", 19.68, 11.02, 0, 270],
		[11, "U1_2", 2600, -974.41, "T", "SMD", "$1N416", "", "R", 19.68, 11.02, 0, 270],
		[12, "U1_3", 2580.32, -974.41, "T", "SMD", "U1_3", "", "R", 19.68, 11.02, 0, 270],
		[13, "U1_4", 2576.38, -1000, "T", "SMD", "U1_4", "", "R", 17.72, 11.81, 0, 0],
		[14, "U1_5", 2580.31, -1025.59, "T", "SMD", "U1_5", "", "R", 19.68, 11.02, 0, 270],
		[15, "U1_6", 2600, -1025.59, "T", "SMD", "$1N422", "", "R", 19.68, 11.02, 0, 270],
		[16, "U1_7", 2619.68, -1025.59, "T", "SMD", "$1N422", "", "R", 19.68, 11.02, 0, 270],
		[17, "U1_8", 2623.62, -1000, "T", "SMD", "$1N497", "", "R", 17.72, 11.81, 0, 0]
	]
}
}