{
"lengthUnit": "mil",
"components": {
	"fields": ["COMPONENT_NO", "COMPONENT_NAME", "LAYER", "X_COORDINATE", "Y_COORDINATE", "ANGLE"],
	"rows": [
		[1, "1", "T", -930, -1185, 90],
		[2, "C1", "T", -1705, -1155, 270],
		[3, "LED1", "T", -4800, -300, 270],
		[4, "R1", "T", -1805, -1200, 90],
		[5, "U1", "T", -1590, -1175, 180]
	]
},
"pins": {
	"fields": ["PIN_NO", "PIN_NAME", "PIN_X", "PIN_Y", "LAYER", "PIN_TYPE", "NET_NAME", "NET_TYPE", "PAD_SHAPE", "PAD_SIZEX", "PAD_SIZEY", "HOLE_SIZE", "PAD_ANGLE"],
	"rows": [
		[1, "1_P$1", -1455, -1210, "T", "SMD", "$1N461", "", "R", 29.53, 11.81, 0, 180],
		[2, "1_P$2", -1305, -1160, "T", "DIP", "$1N453", "", "C", 31.81, 31.81, 11.83, 90],
		[3, "1_P$2", -1305, -1160, "B", "DIP", "$1N453", "", "C", 31.81, 31.81, 11.83, 90],
		[4, "C1_1", -1705, -1127.44, "T", "SMD", "$1N442", "", "R", 31.5, 35.43, 0, 270],
		[5, "C1_2", -1705, -1182.56, "T", "SMD", "$1N422", "", "R", 31.5, 35.43, 0, 270],
		[6, "LED1_1", -4800, -341.35, "T", "SMD", "$1N481", "", "R", 39.37, 55.1, 0, 90],
		[7, "LED1_2", -4800, -258.65, "T", "SMD", "$1N442", "", "R", 39.37, 55.1, 0, 90],
		[8, "R1_1", -1805, -1229.66, "T", "SMD", "$1N481", "", "R", 31.75, 34.02, 0, 90],
		[9, "R1_2", -1805, -1170.34, "T", "SMD", "$1N422", "", "R", 31.75, 34.02, 0, 90],
		[10, "U1_1", -1570.32, -1149.41, "T", "SMD", "$1N453", "", "R", 19.68, 11.02, 0, 270],
		[11, "U1_2", -1590, -1149.41, "T", "SMD", "$1N442", "", "R", 19.68, 11.02, 0, 270],
		[12, "U1_3", -1609.68, -1149.41, "T", "SMD", "U1_3", "", "R", 19.68, 11.02, 0, 270],
		[13, "U1_4", -1613.62, -1175, "T", "SMD", "U1_4", "", "R", 17.72, 11.81, 0, 0],
		[14, "U1_5", -1609.69, -1200.59, "T", "SMD", "U1_5", "", "R", 19.68, 11.02, 0, 270],
		[15, "U1_6", -1590, -1200.59, "T", "SMD", "$1N422", "", "R", 19.68, 11.02, 0, 270],
		[16, "U1_7", -1570.32, -1200.59, "T", "SMD", "$1N422", "", "R", 19.68, 11.02, 0, 270],
		[17, "U1_8", -1566.38, -1175, "T", "SMD", "$1N461", "", "R", 17.72, 11.81, 0, 0]
	]
}
}