{
"lengthUnit": "mil",
"components": {
	"fields": ["COMPONENT_NO", "COMPONENT_NAME", "LAYER", "X_COORDINATE", "Y_COORDINATE", "ANGLE"],
	"rows": [
		[1, "C1", "T", 1750, -1775, 90],
		[2, "C2", "T", 2280, -1440, 0],
		[3, "C3", "T", 2269.59, -1329.15, 0],
		[4, "C4", "T", 1649.23, -1779.15, 90],
		[5, "C5", "T", 669.23, -2005.96, 0],
		[6, "C6", "T", 995, -1005, 90],
		[7, "C7", "T", 866.79, -1001.11, 90],
		[8, "D1", "T", 1965, -1760, 0],
		[9, "U1", "T", 1910, -1445, 270],
		[10, "USB2", "T", 495, -965, 180],
		[11, "USB3", "T", 255, -1545, 270],
		[12, "USB4", "T", 235, -2240, 270],
		[13, "USB5", "T", 740, -2615, 0],
		[14, "USB6", "T", 2520, -1510, 270],
		[15, "PAD1", "T", 920, -1960, 0],
		[16, "PAD1", "B", 920, -1960, 0],
		[17, "PAD2", "T", 1085, -1985, 0],
		[18, "PAD2", "B", 1085, -1985, 0],
		[19, "PAD3", "T", 1185, -2010, 0],
		[20, "PAD3", "B", 1185, -2010, 0]
	]
},
"pins": {
	"fields": ["PIN_NO", "PIN_NAME", "PIN_X", "PIN_Y", "LAYER", "PIN_TYPE", "NET_NAME", "NET_TYPE", "PAD_SHAPE", "PAD_SIZEX", "PAD_SIZEY", "HOLE_SIZE", "PAD_ANGLE"],
	"rows": [
		[1, "C1_1", 1750, -1802.56, "T", "SMD", "+5V", "", "R", 31.5, 35.43, 0, 90],
		[2, "C1_2", 1750, -1747.44, "T", "SMD", "GND", "GND", "R", 31.5, 35.43, 0, 90],
		[3, "C2_1", 2252.44, -1440, "T", "SMD", "$1N1594", "", "R", 31.5, 35.43, 0, 0],
		[4, "C2_2", 2307.56, -1440, "T", "SMD", "GND", "GND", "R", 31.5, 35.43, 0, 0],
		[5, "C3_1", 2242.03, -1329.15, "T", "SMD", "$1N1599", "", "R", 31.5, 35.43, 0, 0],
		[6, "C3_2", 2297.15, -1329.15, "T", "SMD", "GND", "GND", "R", 31.5, 35.43, 0, 0],
		[7, "C4_1", 1649.23, -1806.71, "T", "SMD", "+5V", "", "R", 31.5, 35.43, 0, 90],
		[8, "C4_2", 1649.23, -1751.59, "T", "SMD", "GND", "GND", "R", 31.5, 35.43, 0, 90],
		[9, "C5_1", 641.67, -2005.96, "T", "SMD", "+5V", "", "R", 31.5, 35.43, 0, 0],
		[10, "C5_2", 696.79, -2005.96, "T", "SMD", "GND", "GND", "R", 31.5, 35.43, 0, 0],
		[11, "C6_1", 995, -1032.56, "T", "SMD", "+5V", "", "R", 31.5, 35.43, 0, 90],
		[12, "C6_2", 995, -977.44, "T", "SMD", "GND", "GND", "R", 31.5, 35.43, 0, 90],
		[13, "C7_1", 866.79, -1028.67, "T", "SMD", "+5V", "", "R", 31.5, 35.43, 0, 90],
		[14, "C7_2", 866.79, -973.55, "T", "SMD", "GND", "GND", "R", 31.5, 35.43, 0, 90],
		[15, "D1_1", 1918.84, -1760, "T", "SMD", "+5V", "", "R", 39.37, 29.53, 0, 0],
		[16, "D1_2", 2011.16, -1760, "T", "SMD", "$1N1361", "", "R", 39.37, 29.53, 0, 0],
		[17, "U1_1", 1796.91, -1270, "T", "SMD", "$1N1270", "", "O", 22.05, 68.7, 0, 270],
		[18, "U1_2", 1796.91, -1320, "T", "SMD", "$1N1263", "", "O", 22.05, 68.7, 0, 270],
		[19, "U1_3", 1796.91, -1370, "T", "SMD", "$1N1256", "", "O", 22.05, 68.7, 0, 270],
		[20, "U1_4", 1796.91, -1420, "T", "SMD", "$1N1250", "", "O", 22.05, 68.7, 0, 270],
		[21, "U1_5", 1796.91, -1470, "T", "SMD", "$1N1219", "", "O", 22.05, 68.7, 0, 270],
		[22, "U1_6", 1796.91, -1520, "T", "SMD", "$1N1212", "", "O", 22.05, 68.7, 0, 270],
		[23, "U1_7", 1796.91, -1570, "T", "SMD", "$1N1205", "", "O", 22.05, 68.7, 0, 270],
		[24, "U1_8", 1796.91, -1620, "T", "SMD", "$1N1200", "", "O", 22.05, 68.7, 0, 270],
		[25, "U1_9", 2023.09, -1620, "T", "SMD", "$1N708", "", "O", 22.05, 68.7, 0, 270],
		[26, "U1_10", 2023.09, -1570, "T", "SMD", "$1N713", "", "O", 22.05, 68.7, 0, 270],
		[27, "U1_11", 2023.09, -1520, "T", "SMD", "+5V", "", "O", 22.05, 68.7, 0, 270],
		[28, "U1_12", 2023.09, -1470, "T", "SMD", "GND", "GND", "O", 22.05, 68.7, 0, 270],
		[29, "U1_13", 2023.09, -1420, "T", "SMD", "$1N1594", "", "O", 22.05, 68.7, 0, 270],
		[30, "U1_14", 2023.09, -1370, "T", "SMD", "$1N1599", "", "O", 22.05, 68.7, 0, 270],
		[31, "U1_15", 2023.09, -1320, "T", "SMD", "U1_15", "", "O", 22.05, 68.7, 0, 270],
		[32, "U1_16", 2023.09, -1270, "T", "SMD", "GND", "GND", "O", 22.05, 68.7, 0, 270],
		[33, "USB2_1", 632.8, -1018.34, "T", "DIP", "+5V", "", "R", 60, 60, 36.22, 180],
		[34, "USB2_1", 632.8, -1018.34, "B", "DIP", "+5V", "", "R", 60, 60, 36.22, 180],
		[35, "USB2_2", 534.37, -1018.35, "T", "DIP", "$1N1270", "", "C", 60, 60, 36.22, 180],
		[36, "USB2_2", 534.37, -1018.35, "B", "DIP", "$1N1270", "", "C", 60, 60, 36.22, 180],
		[37, "USB2_3", 455.63, -1018.35, "T", "DIP", "$1N1263", "", "C", 60, 60, 36.22, 180],
		[38, "USB2_3", 455.63, -1018.35, "B", "DIP", "$1N1263", "", "C", 60, 60, 36.22, 180],
		[39, "USB2_4", 357.21, -1018.34, "T", "DIP", "GND", "GND", "C", 60, 60, 36.22, 180],
		[40, "USB2_4", 357.21, -1018.34, "B", "DIP", "GND", "GND", "C", 60, 60, 36.22, 180],
		[41, "USB2_5", 219.41, -911.65, "T", "DIP", "GND", "GND", "C", 102.36, 102.36, 82.68, 180],
		[42, "USB2_5", 219.41, -911.65, "B", "DIP", "GND", "GND", "C", 102.36, 102.36, 82.68, 180],
		[43, "USB2_6", 770.59, -911.65, "T", "DIP", "GND", "GND", "C", 102.36, 102.36, 82.68, 180],
		[44, "USB2_6", 770.59, -911.65, "B", "DIP", "GND", "GND", "C", 102.36, 102.36, 82.68, 180],
		[45, "USB3_1", 308.35, -1407.2, "T", "DIP", "+5V", "", "R", 60, 60, 36.22, 270],
		[46, "USB3_1", 308.35, -1407.2, "B", "DIP", "+5V", "", "R", 60, 60, 36.22, 270],
		[47, "USB3_2", 308.35, -1505.63, "T", "DIP", "$1N1256", "", "C", 60, 60, 36.22, 270],
		[48, "USB3_2", 308.35, -1505.63, "B", "DIP", "$1N1256", "", "C", 60, 60, 36.22, 270],
		[49, "USB3_3", 308.34, -1584.37, "T", "DIP", "$1N1250", "", "C", 60, 60, 36.22, 270],
		[50, "USB3_3", 308.34, -1584.37, "B", "DIP", "$1N1250", "", "C", 60, 60, 36.22, 270],
		[51, "USB3_4", 308.34, -1682.79, "T", "DIP", "GND", "GND", "C", 60, 60, 36.22, 270],
		[52, "USB3_4", 308.34, -1682.79, "B", "DIP", "GND", "GND", "C", 60, 60, 36.22, 270],
		[53, "USB3_5", 201.65, -1820.59, "T", "DIP", "GND", "GND", "C", 102.36, 102.36, 82.68, 270],
		[54, "USB3_5", 201.65, -1820.59, "B", "DIP", "GND", "GND", "C", 102.36, 102.36, 82.68, 270],
		[55, "USB3_6", 201.66, -1269.41, "T", "DIP", "GND", "GND", "C", 102.36, 102.36, 82.68, 270],
		[56, "USB3_6", 201.66, -1269.41, "B", "DIP", "GND", "GND", "C", 102.36, 102.36, 82.68, 270],
		[57, "USB4_1", 288.35, -2102.2, "T", "DIP", "+5V", "", "R", 60, 60, 36.22, 270],
		[58, "USB4_1", 288.35, -2102.2, "B", "DIP", "+5V", "", "R", 60, 60, 36.22, 270],
		[59, "USB4_2", 288.35, -2200.63, "T", "DIP", "$1N1219", "", "C", 60, 60, 36.22, 270],
		[60, "USB4_2", 288.35, -2200.63, "B", "DIP", "$1N1219", "", "C", 60, 60, 36.22, 270],
		[61, "USB4_3", 288.34, -2279.37, "T", "DIP", "$1N1212", "", "C", 60, 60, 36.22, 270],
		[62, "USB4_3", 288.34, -2279.37, "B", "DIP", "$1N1212", "", "C", 60, 60, 36.22, 270],
		[63, "USB4_4", 288.34, -2377.79, "T", "DIP", "GND", "GND", "C", 60, 60, 36.22, 270],
		[64, "USB4_4", 288.34, -2377.79, "B", "DIP", "GND", "GND", "C", 60, 60, 36.22, 270],
		[65, "USB4_5", 181.65, -2515.59, "T", "DIP", "GND", "GND", "C", 102.36, 102.36, 82.68, 270],
		[66, "USB4_5", 181.65, -2515.59, "B", "DIP", "GND", "GND", "C", 102.36, 102.36, 82.68, 270],
		[67, "USB4_6", 181.66, -1964.41, "T", "DIP", "GND", "GND", "C", 102.36, 102.36, 82.68, 270],
		[68, "USB4_6", 181.66, -1964.41, "B", "DIP", "GND", "GND", "C", 102.36, 102.36, 82.68, 270],
		[69, "USB5_1", 602.2, -2561.66, "T", "DIP", "+5V", "", "R", 60, 60, 36.22, 0],
		[70, "USB5_1", 602.2, -2561.66, "B", "DIP", "+5V", "", "R", 60, 60, 36.22, 0],
		[71, "USB5_2", 700.63, -2561.66, "T", "DIP", "$1N1205", "", "C", 60, 60, 36.22, 0],
		[72, "USB5_2", 700.63, -2561.66, "B", "DIP", "$1N1205", "", "C", 60, 60, 36.22, 0],
		[73, "USB5_3", 779.37, -2561.66, "T", "DIP", "$1N1200", "", "C", 60, 60, 36.22, 0],
		[74, "USB5_3", 779.37, -2561.66, "B", "DIP", "$1N1200", "", "C", 60, 60, 36.22, 0],
		[75, "USB5_4", 877.79, -2561.66, "T", "DIP", "GND", "GND", "C", 60, 60, 36.22, 0],
		[76, "USB5_4", 877.79, -2561.66, "B", "DIP", "GND", "GND", "C", 60, 60, 36.22, 0],
		[77, "USB5_5", 1015.59, -2668.34, "T", "DIP", "GND", "GND", "C", 102.36, 102.36, 82.68, 0],
		[78, "USB5_5", 1015.59, -2668.34, "B", "DIP", "GND", "GND", "C", 102.36, 102.36, 82.68, 0],
		[79, "USB5_6", 464.41, -2668.34, "T", "DIP", "GND", "GND", "C", 102.36, 102.36, 82.68, 0],
		[80, "USB5_6", 464.41, -2668.34, "B", "DIP", "GND", "GND", "C", 102.36, 102.36, 82.68, 0],
		[81, "USB6_1", 2499.33, -1561.19, "T", "SMD", "$1N1361", "", "R", 13.78, 78.74, 0, 270],
		[82, "USB6_2", 2499.33, -1535.59, "T", "SMD", "$1N708", "", "R", 13.78, 78.74, 0, 270],
		[83, "USB6_3", 2499.33, -1510, "T", "SMD", "$1N713", "", "R", 13.78, 78.74, 0, 270],
		[84, "USB6_4", 2499.33, -1484.4, "T", "SMD", "GND", "GND", "R", 13.78, 78.74, 0, 270],
		[85, "USB6_5", 2499.33, -1458.81, "T", "SMD", "GND", "GND", "R", 13.78, 78.74, 0, 270],
		[86, "USB6_6", 2554.45, -1679.29, "T", "DIP", "GND", "GND", "O", 39.37, 70.87, 47.24, 90],
		[87, "USB6_6", 2554.45, -1679.29, "B", "DIP", "GND", "GND", "O", 39.37, 70.87, 47.24, 90],
		[88, "USB6_6", 2554.45, -1340.71, "T", "DIP", "GND", "GND", "O", 39.37, 70.87, 47.24, 90],
		[89, "USB6_6", 2554.45, -1340.71, "B", "DIP", "GND", "GND", "O", 39.37, 70.87, 47.24, 90],
		[90, "USB6_7", 2485.55, -1674.37, "T", "SMD", "USB6_7", "", "R", 59.05, 43.31, 0, 90],
		[91, "USB6_7", 2485.55, -1345.63, "T", "SMD", "USB6_A_7", "", "R", 59.05, 43.31, 0, 90],
		[92, "PAD1_1", 920, -1960, "T", "DIP", "$1N1212", "", "C", 60, 60, 36, 90],
		[93, "PAD1_1", 920, -1960, "B", "DIP", "$1N1212", "", "C", 60, 60, 36, 90],
		[94, "PAD2_1", 1085, -1985, "T", "DIP", "$1N1205", "", "C", 60, 60, 36, 0],
		[95, "PAD2_1", 1085, -1985, "B", "DIP", "$1N1205", "", "C", 60, 60, 36, 0],
		[96, "PAD3_2", 1185, -2010, "T", "DIP", "$1N1200", "", "C", 60, 60, 36, 0],
		[97, "PAD3_2", 1185, -2010, "B", "DIP", "$1N1200", "", "C", 60, 60, 36, 0]
	]
}
}