{
"lengthUnit": "mil",
"components": {
	"fields": ["COMPONENT_NO", "COMPONENT_NAME", "LAYER", "X_COORDINATE", "Y_COORDINATE", "ANGLE"],
	"rows": [
		[1, "C1", "T", 860, -1015, 0],
		[2, "C2", "T", 1875, -985, 0],
		[3, "C3", "T", 1920, -1510, 0],
		[4, "C4", "T", 1915, -1935, 180],
		[5, "C5", "T", 1670, -1100, 0],
		[6, "C6", "T", 1855, -1105, 0],
		[7, "D2", "T", 890, -1175, 270],
		[8, "D3", "T", 1895, -865, 180],
		[9, "D4", "T", 1940, -1290, 180],
		[10, "D5", "T", 1935, -1715, 180],
		[11, "R1", "T", 970, -1635, 0],
		[12, "R2", "T", 970, -1525, 0],
		[13, "R3", "T", 1680.58, -1726.91, 0],
		[14, "R4", "T", 1680.58, -1517.56, 0],
		[15, "R5", "T", 1415.58, -1524.42, 0],
		[16, "R6", "T", 1680.58, -1860.67, 0],
		[17, "R7", "T", 1420.58, -1726.33, 0],
		[18, "R8", "T", 1425.58, -1861.98, 0],
		[19, "U1", "T", 1215, -1275, 0],
		[20, "USB1", "T", 605, -1315, 270],
		[21, "USB2", "T", 2160, -960, 90],
		[22, "USB3", "T", 2160, -1385, 90],
		[23, "USB4", "T", 2160, -1810, 90]
	]
},
"pins": {
	"fields": ["PIN_NO", "PIN_NAME", "PIN_X", "PIN_Y", "LAYER", "PIN_TYPE", "NET_NAME", "NET_TYPE", "PAD_SHAPE", "PAD_SIZEX", "PAD_SIZEY", "HOLE_SIZE", "PAD_ANGLE"],
	"rows": [
		[1, "C1_1", 832.44, -1015, "T", "SMD", "GND", "GND", "R", 31.5, 35.43, 0, 0],
		[2, "C1_2", 887.56, -1015, "T", "SMD", "+5V", "", "R", 31.5, 35.43, 0, 0],
		[3, "C2_1", 1847.44, -985, "T", "SMD", "+5V", "", "R", 31.5, 35.43, 0, 0],
		[4, "C2_2", 1902.56, -985, "T", "SMD", "GND", "GND", "R", 31.5, 35.43, 0, 0],
		[5, "C3_1", 1892.44, -1510, "T", "SMD", "+5V", "", "R", 31.5, 35.43, 0, 0],
		[6, "C3_2", 1947.56, -1510, "T", "SMD", "GND", "GND", "R", 31.5, 35.43, 0, 0],
		[7, "C4_1", 1942.56, -1935, "T", "SMD", "GND", "GND", "R", 31.5, 35.43, 0, 180],
		[8, "C4_2", 1887.44, -1935, "T", "SMD", "+5V", "", "R", 31.5, 35.43, 0, 180],
		[9, "C5_1", 1642.44, -1100, "T", "SMD", "$1N4176", "", "R", 31.5, 35.43, 0, 0],
		[10, "C5_2", 1697.56, -1100, "T", "SMD", "GND", "GND", "R", 31.5, 35.43, 0, 0],
		[11, "C6_1", 1827.44, -1105, "T", "SMD", "$1N4181", "", "R", 31.5, 35.43, 0, 0],
		[12, "C6_2", 1882.56, -1105, "T", "SMD", "GND", "GND", "R", 31.5, 35.43, 0, 0],
		[13, "D2_1", 890, -1128.84, "T", "SMD", "+5V", "", "R", 39.37, 29.53, 0, 270],
		[14, "D2_2", 890, -1221.16, "T", "SMD", "$1N3098", "", "R", 39.37, 29.53, 0, 270],
		[15, "D3_1", 1941.16, -865, "T", "SMD", "$1N5706", "", "R", 39.37, 29.53, 0, 180],
		[16, "D3_2", 1848.84, -865, "T", "SMD", "+5V", "", "R", 39.37, 29.53, 0, 180],
		[17, "D4_1", 1986.16, -1290, "T", "SMD", "$1N5625", "", "R", 39.37, 29.53, 0, 180],
		[18, "D4_2", 1893.84, -1290, "T", "SMD", "+5V", "", "R", 39.37, 29.53, 0, 180],
		[19, "D5_1", 1981.16, -1715, "T", "SMD", "$1N5542", "", "R", 39.37, 29.53, 0, 180],
		[20, "D5_2", 1888.84, -1715, "T", "SMD", "+5V", "", "R", 39.37, 29.53, 0, 180],
		[21, "R1_1", 911.78, -1635, "T", "SMD", "USB1_CC2", "", "R", 47.54, 66.97, 0, 0],
		[22, "R1_2", 1028.22, -1635, "T", "SMD", "GND", "GND", "R", 47.54, 66.97, 0, 0],
		[23, "R2_1", 911.78, -1525, "T", "SMD", "USB1_CC1", "", "R", 47.54, 66.97, 0, 0],
		[24, "R2_2", 1028.22, -1525, "T", "SMD", "GND", "GND", "R", 47.54, 66.97, 0, 0],
		[25, "R3_1", 1622.36, -1726.91, "T", "SMD", "USB2_CC2", "", "R", 47.54, 66.97, 0, 0],
		[26, "R3_2", 1738.8, -1726.91, "T", "SMD", "+5V", "", "R", 47.54, 66.97, 0, 0],
		[27, "R4_1", 1622.36, -1517.56, "T", "SMD", "USB2_CC1", "", "R", 47.54, 66.97, 0, 0],
		[28, "R4_2", 1738.8, -1517.56, "T", "SMD", "+5V", "", "R", 47.54, 66.97, 0, 0],
		[29, "R5_1", 1357.36, -1524.42, "T", "SMD", "USB3_CC2", "", "R", 47.54, 66.97, 0, 0],
		[30, "R5_2", 1473.8, -1524.42, "T", "SMD", "+5V", "", "R", 47.54, 66.97, 0, 0],
		[31, "R6_1", 1622.36, -1860.67, "T", "SMD", "USB3_CC1", "", "R", 47.54, 66.97, 0, 0],
		[32, "R6_2", 1738.8, -1860.67, "T", "SMD", "+5V", "", "R", 47.54, 66.97, 0, 0],
		[33, "R7_1", 1362.36, -1726.33, "T", "SMD", "USB4_CC2", "", "R", 47.54, 66.97, 0, 0],
		[34, "R7_2", 1478.8, -1726.33, "T", "SMD", "+5V", "", "R", 47.54, 66.97, 0, 0],
		[35, "R8_1", 1367.36, -1861.98, "T", "SMD", "USB4_CC1", "", "R", 47.54, 66.97, 0, 0],
		[36, "R8_2", 1483.8, -1861.98, "T", "SMD", "+5V", "", "R", 47.54, 66.97, 0, 0],
		[37, "U1_1", 1040, -1388.09, "T", "SMD", "U1_1", "", "O", 22.05, 68.7, 0, 0],
		[38, "U1_2", 1090, -1388.09, "T", "SMD", "U1_2", "", "O", 22.05, 68.7, 0, 0],
		[39, "U1_3", 1140, -1388.09, "T", "SMD", "D3-", "", "O", 22.05, 68.7, 0, 0],
		[40, "U1_4", 1190, -1388.09, "T", "SMD", "D3+", "", "O", 22.05, 68.7, 0, 0],
		[41, "U1_5", 1240, -1388.09, "T", "SMD", "D2-", "", "O", 22.05, 68.7, 0, 0],
		[42, "U1_6", 1290, -1388.09, "T", "SMD", "D2+", "", "O", 22.05, 68.7, 0, 0],
		[43, "U1_7", 1340, -1388.09, "T", "SMD", "D1-", "", "O", 22.05, 68.7, 0, 0],
		[44, "U1_8", 1390, -1388.09, "T", "SMD", "D1+", "", "O", 22.05, 68.7, 0, 0],
		[45, "U1_9", 1390, -1161.91, "T", "SMD", "D-", "", "O", 22.05, 68.7, 0, 0],
		[46, "U1_10", 1340, -1161.91, "T", "SMD", "D+", "", "O", 22.05, 68.7, 0, 0],
		[47, "U1_11", 1290, -1161.91, "T", "SMD", "+5V", "", "O", 22.05, 68.7, 0, 0],
		[48, "U1_12", 1240, -1161.91, "T", "SMD", "GND", "GND", "O", 22.05, 68.7, 0, 0],
		[49, "U1_13", 1190, -1161.91, "T", "SMD", "$1N4181", "", "O", 22.05, 68.7, 0, 0],
		[50, "U1_14", 1140, -1161.91, "T", "SMD", "$1N4176", "", "O", 22.05, 68.7, 0, 0],
		[51, "U1_15", 1090, -1161.91, "T", "SMD", "U1_15", "", "O", 22.05, 68.7, 0, 0],
		[52, "U1_16", 1040, -1161.91, "T", "SMD", "GND", "GND", "O", 22.05, 68.7, 0, 0],
		[53, "USB1_1", 676.07, -1144.92, "T", "DIP", "GND", "GND", "O", 39.37, 74.8, 59.05, 270],
		[54, "USB1_1", 676.07, -1144.92, "B", "DIP", "GND", "GND", "O", 39.37, 74.8, 59.05, 270],
		[55, "USB1_2", 676.07, -1485.08, "T", "DIP", "GND", "GND", "O", 39.37, 74.8, 59.05, 270],
		[56, "USB1_2", 676.07, -1485.08, "B", "DIP", "GND", "GND", "O", 39.37, 74.8, 59.05, 270],
		[57, "USB1_3", 511.5, -1485.08, "T", "DIP", "GND", "GND", "O", 39.37, 62.99, 47.24, 270],
		[58, "USB1_3", 511.5, -1485.08, "B", "DIP", "GND", "GND", "O", 39.37, 62.99, 47.24, 270],
		[59, "USB1_4", 511.5, -1144.92, "T", "DIP", "GND", "GND", "O", 39.37, 62.99, 47.24, 270],
		[60, "USB1_4", 511.5, -1144.92, "B", "DIP", "GND", "GND", "O", 39.37, 62.99, 47.24, 270],
		[61, "USB1_A1B12", 698.51, -1189.01, "T", "SMD", "GND", "GND", "R", 23.62, 44.88, 0, 270],
		[62, "USB1_A4B9", 698.51, -1220.51, "T", "SMD", "$1N3098", "", "R", 23.62, 44.88, 0, 270],
		[63, "USB1_A5", 698.51, -1265.78, "T", "SMD", "USB1_CC1", "", "R", 11.81, 44.88, 0, 270],
		[64, "USB1_A6", 698.51, -1305.15, "T", "SMD", "D+", "", "R", 11.81, 44.88, 0, 270],
		[65, "USB1_A7", 698.51, -1324.84, "T", "SMD", "D-", "", "R", 11.81, 44.88, 0, 270],
		[66, "USB1_A8", 698.51, -1364.21, "T", "SMD", "USB1_A8", "", "R", 11.81, 44.88, 0, 270],
		[67, "USB1_B1A12", 698.51, -1440.98, "T", "SMD", "GND", "GND", "R", 23.62, 44.88, 0, 270],
		[68, "USB1_B4A9", 698.51, -1409.48, "T", "SMD", "$1N3098", "", "R", 23.62, 44.88, 0, 270],
		[69, "USB1_B5", 698.51, -1383.89, "T", "SMD", "USB1_CC2", "", "R", 11.81, 44.88, 0, 270],
		[70, "USB1_B6", 698.51, -1344.52, "T", "SMD", "D+", "", "R", 11.81, 44.88, 0, 270],
		[71, "USB1_B7", 698.51, -1285.47, "T", "SMD", "D-", "", "R", 11.81, 44.88, 0, 270],
		[72, "USB1_B8", 698.51, -1246.1, "T", "SMD", "USB1_B8", "", "R", 11.81, 44.88, 0, 270],
		[73, "USB2_1", 2088.93, -1130.08, "T", "DIP", "GND", "GND", "O", 39.37, 74.8, 59.05, 90],
		[74, "USB2_1", 2088.93, -1130.08, "B", "DIP", "GND", "GND", "O", 39.37, 74.8, 59.05, 90],
		[75, "USB2_2", 2088.93, -789.92, "T", "DIP", "GND", "GND", "O", 39.37, 74.8, 59.05, 90],
		[76, "USB2_2", 2088.93, -789.92, "B", "DIP", "GND", "GND", "O", 39.37, 74.8, 59.05, 90],
		[77, "USB2_3", 2253.5, -789.92, "T", "DIP", "GND", "GND", "O", 39.37, 62.99, 47.24, 90],
		[78, "USB2_3", 2253.5, -789.92, "B", "DIP", "GND", "GND", "O", 39.37, 62.99, 47.24, 90],
		[79, "USB2_4", 2253.5, -1130.08, "T", "DIP", "GND", "GND", "O", 39.37, 62.99, 47.24, 90],
		[80, "USB2_4", 2253.5, -1130.08, "B", "DIP", "GND", "GND", "O", 39.37, 62.99, 47.24, 90],
		[81, "USB2_A1B12", 2066.49, -1085.99, "T", "SMD", "GND", "GND", "R", 23.62, 44.88, 0, 90],
		[82, "USB2_A4B9", 2066.49, -1054.49, "T", "SMD", "$1N5706", "", "R", 23.62, 44.88, 0, 90],
		[83, "USB2_A5", 2066.49, -1009.22, "T", "SMD", "USB2_CC1", "", "R", 11.81, 44.88, 0, 90],
		[84, "USB2_A6", 2066.49, -969.85, "T", "SMD", "D3+", "", "R", 11.81, 44.88, 0, 90],
		[85, "USB2_A7", 2066.49, -950.16, "T", "SMD", "D3-", "", "R", 11.81, 44.88, 0, 90],
		[86, "USB2_A8", 2066.49, -910.79, "T", "SMD", "USB2_A8", "", "R", 11.81, 44.88, 0, 90],
		[87, "USB2_B1A12", 2066.49, -834.02, "T", "SMD", "GND", "GND", "R", 23.62, 44.88, 0, 90],
		[88, "USB2_B4A9", 2066.49, -865.52, "T", "SMD", "$1N5706", "", "R", 23.62, 44.88, 0, 90],
		[89, "USB2_B5", 2066.49, -891.11, "T", "SMD", "USB2_CC2", "", "R", 11.81, 44.88, 0, 90],
		[90, "USB2_B6", 2066.49, -930.48, "T", "SMD", "D3+", "", "R", 11.81, 44.88, 0, 90],
		[91, "USB2_B7", 2066.49, -989.53, "T", "SMD", "D3-", "", "R", 11.81, 44.88, 0, 90],
		[92, "USB2_B8", 2066.49, -1028.9, "T", "SMD", "USB2_B8", "", "R", 11.81, 44.88, 0, 90],
		[93, "USB3_1", 2088.93, -1555.08, "T", "DIP", "GND", "GND", "O", 39.37, 74.8, 59.05, 90],
		[94, "USB3_1", 2088.93, -1555.08, "B", "DIP", "GND", "GND", "O", 39.37, 74.8, 59.05, 90],
		[95, "USB3_2", 2088.93, -1214.92, "T", "DIP", "GND", "GND", "O", 39.37, 74.8, 59.05, 90],
		[96, "USB3_2", 2088.93, -1214.92, "B", "DIP", "GND", "GND", "O", 39.37, 74.8, 59.05, 90],
		[97, "USB3_3", 2253.5, -1214.92, "T", "DIP", "GND", "GND", "O", 39.37, 62.99, 47.24, 90],
		[98, "USB3_3", 2253.5, -1214.92, "B", "DIP", "GND", "GND", "O", 39.37, 62.99, 47.24, 90],
		[99, "USB3_4", 2253.5, -1555.08, "T", "DIP", "GND", "GND", "O", 39.37, 62.99, 47.24, 90],
		[100, "USB3_4", 2253.5, -1555.08, "B", "DIP", "GND", "GND", "O", 39.37, 62.99, 47.24, 90],
		[101, "USB3_A1B12", 2066.49, -1510.99, "T", "SMD", "GND", "GND", "R", 23.62, 44.88, 0, 90],
		[102, "USB3_A4B9", 2066.49, -1479.49, "T", "SMD", "$1N5625", "", "R", 23.62, 44.88, 0, 90],
		[103, "USB3_A5", 2066.49, -1434.22, "T", "SMD", "USB3_CC1", "", "R", 11.81, 44.88, 0, 90],
		[104, "USB3_A6", 2066.49, -1394.85, "T", "SMD", "D2+", "", "R", 11.81, 44.88, 0, 90],
		[105, "USB3_A7", 2066.49, -1375.16, "T", "SMD", "D2-", "", "R", 11.81, 44.88, 0, 90],
		[106, "USB3_A8", 2066.49, -1335.79, "T", "SMD", "USB3_A8", "", "R", 11.81, 44.88, 0, 90],
		[107, "USB3_B1A12", 2066.49, -1259.02, "T", "SMD", "GND", "GND", "R", 23.62, 44.88, 0, 90],
		[108, "USB3_B4A9", 2066.49, -1290.52, "T", "SMD", "$1N5625", "", "R", 23.62, 44.88, 0, 90],
		[109, "USB3_B5", 2066.49, -1316.11, "T", "SMD", "USB3_CC2", "", "R", 11.81, 44.88, 0, 90],
		[110, "USB3_B6", 2066.49, -1355.48, "T", "SMD", "D2+", "", "R", 11.81, 44.88, 0, 90],
		[111, "USB3_B7", 2066.49, -1414.53, "T", "SMD", "D2-", "", "R", 11.81, 44.88, 0, 90],
		[112, "USB3_B8", 2066.49, -1453.9, "T", "SMD", "USB3_B8", "", "R", 11.81, 44.88, 0, 90],
		[113, "USB4_1", 2088.93, -1980.08, "T", "DIP", "GND", "GND", "O", 39.37, 74.8, 59.05, 90],
		[114, "USB4_1", 2088.93, -1980.08, "B", "DIP", "GND", "GND", "O", 39.37, 74.8, 59.05, 90],
		[115, "USB4_2", 2088.93, -1639.92, "T", "DIP", "GND", "GND", "O", 39.37, 74.8, 59.05, 90],
		[116, "USB4_2", 2088.93, -1639.92, "B", "DIP", "GND", "GND", "O", 39.37, 74.8, 59.05, 90],
		[117, "USB4_3", 2253.5, -1639.92, "T", "DIP", "GND", "GND", "O", 39.37, 62.99, 47.24, 90],
		[118, "USB4_3", 2253.5, -1639.92, "B", "DIP", "GND", "GND", "O", 39.37, 62.99, 47.24, 90],
		[119, "USB4_4", 2253.5, -1980.08, "T", "DIP", "GND", "GND", "O", 39.37, 62.99, 47.24, 90],
		[120, "USB4_4", 2253.5, -1980.08, "B", "DIP", "GND", "GND", "O", 39.37, 62.99, 47.24, 90],
		[121, "USB4_A1B12", 2066.49, -1935.99, "T", "SMD", "GND", "GND", "R", 23.62, 44.88, 0, 90],
		[122, "USB4_A4B9", 2066.49, -1904.49, "T", "SMD", "$1N5542", "", "R", 23.62, 44.88, 0, 90],
		[123, "USB4_A5", 2066.49, -1859.22, "T", "SMD", "USB4_CC1", "", "R", 11.81, 44.88, 0, 90],
		[124, "USB4_A6", 2066.49, -1819.85, "T", "SMD", "D1+", "", "R", 11.81, 44.88, 0, 90],
		[125, "USB4_A7", 2066.49, -1800.16, "T", "SMD", "D1-", "", "R", 11.81, 44.88, 0, 90],
		[126, "USB4_A8", 2066.49, -1760.79, "T", "SMD", "USB4_A8", "", "R", 11.81, 44.88, 0, 90],
		[127, "USB4_B1A12", 2066.49, -1684.02, "T", "SMD", "GND", "GND", "R", 23.62, 44.88, 0, 90],
		[128, "USB4_B4A9", 2066.49, -1715.52, "T", "SMD", "$1N5542", "", "R", 23.62, 44.88, 0, 90],
		[129, "USB4_B5", 2066.49, -1741.11, "T", "SMD", "USB4_CC2", "", "R", 11.81, 44.88, 0, 90],
		[130, "USB4_B6", 2066.49, -1780.48, "T", "SMD", "D1+", "", "R", 11.81, 44.88, 0, 90],
		[131, "USB4_B7", 2066.49, -1839.53, "T", "SMD", "D1-", "", "R", 11.81, 44.88, 0, 90],
		[132, "USB4_B8", 2066.49, -1878.9, "T", "SMD", "USB4_B8", "", "R", 11.81, 44.88, 0, 90]
	]
}
}