{
"lengthUnit": "mil",
"components": {
	"fields": ["COMPONENT_NO", "COMPONENT_NAME", "LAYER", "X_COORDINATE", "Y_COORDINATE", "ANGLE"],
	"rows": [
		[1, "C1", "B", 1180, -350, 270],
		[2, "C2", "B", 1309.96, -516.01, 270],
		[3, "LED1", "B", 950, -420, 180],
		[4, "LED2", "B", 475.04, -36.99, 180],
		[5, "LED3", "B", 1360, -35, 180],
		[6, "R1", "B", 1500.34, 429.66, 90],
		[7, "R2", "B", 1299.68, -132.21, 90],
		[8, "R3", "B", 385, -390, 0],
		[9, "U1", "B", 940.07, -102.48, 270],
		[10, "U2", "B", 1855.55, -559.57, 180]
	]
},
"pins": {
	"fields": ["PIN_NO", "PIN_NAME", "PIN_X", "PIN_Y", "LAYER", "PIN_TYPE", "NET_NAME", "NET_TYPE", "PAD_SHAPE", "PAD_SIZEX", "PAD_SIZEY", "HOLE_SIZE", "PAD_ANGLE"],
	"rows": [
		[1, "C1_1", 1180, -322.44, "B", "SMD", "$1N874", "", "R", 31.5, 35.43, 0, 270],
		[2, "C1_2", 1180, -377.56, "B", "SMD", "GND", "GND", "R", 31.5, 35.43, 0, 270],
		[3, "C2_1", 1309.96, -488.45, "B", "SMD", "$1N904", "", "R", 31.5, 35.43, 0, 270],
		[4, "C2_2", 1309.96, -543.57, "B", "SMD", "GND", "GND", "R", 31.5, 35.43, 0, 270],
		[5, "LED1_1", 1000, -420, "T", "DIP", "$1N671", "", "C", 65, 65, 35.43, 0],
		[6, "LED1_1", 1000, -420, "B", "DIP", "$1N671", "", "C", 65, 65, 35.43, 0],
		[7, "LED1_2", 900, -420, "T", "DIP", "GND", "GND", "C", 65, 65, 35.43, 270],
		[8, "LED1_2", 900, -420, "B", "DIP", "GND", "GND", "C", 65, 65, 35.43, 270],
		[9, "LED2_1", 496.23, -36.99, "B", "SMD", "GND", "GND", "R", 25.06, 21.26, 0, 180],
		[10, "LED2_2", 453.85, -36.99, "B", "SMD", "$1N671", "", "R", 25.06, 21.26, 0, 180],
		[11, "LED3_1", 1381.19, -35, "B", "SMD", "GND", "GND", "R", 25.06, 21.26, 0, 180],
		[12, "LED3_2", 1338.81, -35, "B", "SMD", "$1N671", "", "R", 25.06, 21.26, 0, 180],
		[13, "R1_1", 1500.34, 400, "B", "SMD", "$1N311", "", "R", 31.75, 34.02, 0, 90],
		[14, "R1_2", 1500.34, 459.32, "B", "SMD", "VCC", "", "R", 31.75, 34.02, 0, 90],
		[15, "R2_1", 1299.68, -161.87, "B", "SMD", "$1N904", "", "R", 31.75, 34.02, 0, 90],
		[16, "R2_2", 1299.68, -102.55, "B", "SMD", "$1N311", "", "R", 31.75, 34.02, 0, 90],
		[17, "R3_1", 355.34, -390, "B", "SMD", "$1N387", "", "R", 31.75, 34.02, 0, 0],
		[18, "R3_2", 414.66, -390, "B", "SMD", "$1N671", "", "R", 31.75, 34.02, 0, 0],
		[19, "U1_1", 1045.68, -27.48, "B", "SMD", "GND", "GND", "O", 24.8, 73.42, 0, 270],
		[20, "U1_2", 1045.68, -77.48, "B", "SMD", "$1N904", "", "O", 24.8, 73.42, 0, 270],
		[21, "U1_3", 1045.68, -127.48, "B", "SMD", "$1N387", "", "O", 24.8, 73.42, 0, 270],
		[22, "U1_4", 1045.68, -177.48, "B", "SMD", "VCC", "", "O", 24.8, 73.42, 0, 270],
		[23, "U1_5", 834.46, -177.48, "B", "SMD", "$1N874", "", "O", 24.8, 73.42, 0, 270],
		[24, "U1_6", 834.46, -127.48, "B", "SMD", "$1N904", "", "O", 24.8, 73.42, 0, 270],
		[25, "U1_7", 834.46, -77.48, "B", "SMD", "$1N311", "", "O", 24.8, 73.42, 0, 270],
		[26, "U1_8", 834.46, -27.48, "B", "SMD", "VCC", "", "O", 24.8, 73.42, 0, 270],
		[27, "U2_1", 1905.55, -559.57, "T", "DIP", "VCC", "", "R", 78.74, 78.74, 47.24, 180],
		[28, "U2_1", 1905.55, -559.57, "B", "DIP", "VCC", "", "R", 78.74, 78.74, 47.24, 180],
		[29, "U2_2", 1805.55, -559.57, "T", "DIP", "GND", "GND", "C", 78.74, 78.74, 47.24, 180],
		[30, "U2_2", 1805.55, -559.57, "B", "DIP", "GND", "GND", "C", 78.74, 78.74, 47.24, 180]
	]
}
}