{
"lengthUnit": "mil",
"components": {
	"fields": ["COMPONENT_NO", "COMPONENT_NAME", "LAYER", "X_COORDINATE", "Y_COORDINATE", "ANGLE"],
	"rows": [
		[1, "C1", "T", 2115, -925, 90],
		[2, "LED1", "T", 1440, -600, 0],
		[3, "R1", "T", 2210, -925, 90],
		[4, "U1", "T", 2315, -925, 0],
		[5, "U2", "T", 2935, -910, 90]
	]
},
"pins": {
	"fields": ["PIN_NO", "PIN_NAME", "PIN_X", "PIN_Y", "LAYER", "PIN_TYPE", "NET_NAME", "NET_TYPE", "PAD_SHAPE", "PAD_SIZEX", "PAD_SIZEY", "HOLE_SIZE", "PAD_ANGLE"],
	"rows": [
		[1, "C1_1", 2115, -952.56, "T", "SMD", "$1N576", "", "R", 31.5, 35.43, 0, 90],
		[2, "C1_2", 2115, -897.44, "T", "SMD", "$1N570", "", "R", 31.5, 35.43, 0, 90],
		[3, "LED1_1", 1481.35, -600, "T", "SMD", "$1N619", "", "R", 39.37, 55.1, 0, 180],
		[4, "LED1_2", 1398.65, -600, "T", "SMD", "$1N576", "", "R", 39.37, 55.1, 0, 180],
		[5, "R1_1", 2210, -954.66, "T", "SMD", "$1N619", "", "R", 31.75, 34.02, 0, 90],
		[6, "R1_2", 2210, -895.34, "T", "SMD", "$1N570", "", "R", 31.75, 34.02, 0, 90],
		[7, "U1_1", 2295.32, -950.59, "T", "SMD", "$1N583", "", "R", 19.68, 11.02, 0, 90],
		[8, "U1_2", 2315, -950.59, "T", "SMD", "$1N576", "", "R", 19.68, 11.02, 0, 90],
		[9, "U1_3", 2334.68, -950.59, "T", "SMD", "U1_3", "", "R", 19.68, 11.02, 0, 90],
		[10, "U1_4", 2338.62, -925, "T", "SMD", "U1_4", "", "R", 17.72, 11.81, 0, 180],
		[11, "U1_5", 2334.69, -899.41, "T", "SMD", "U1_5", "", "R", 19.68, 11.02, 0, 90],
		[12, "U1_6", 2315, -899.41, "T", "SMD", "$1N570", "", "R", 19.68, 11.02, 0, 90],
		[13, "U1_7", 2295.32, -899.41, "T", "SMD", "$1N570", "", "R", 19.68, 11.02, 0, 90],
		[14, "U1_8", 2291.38, -925, "T", "SMD", "$1N589", "", "R", 17.72, 11.81, 0, 180],
		[15, "U2_P$1", 2410, -935, "T", "SMD", "$1N589", "", "R", 29.53, 11.81, 0, 180],
		[16, "U2_P$2", 2560, -885, "T", "DIP", "$1N583", "", "C", 31.81, 31.81, 11.81, 90],
		[17, "U2_P$2", 2560, -885, "B", "DIP", "$1N583", "", "C", 31.81, 31.81, 11.81, 90]
	]
}
}