{
"lengthUnit": "mil",
"components": {
	"fields": ["COMPONENT_NO", "COMPONENT_NAME", "LAYER", "X_COORDINATE", "Y_COORDINATE", "ANGLE"],
	"rows": [
		[1, "C1", "T", 1530, -1082.5, 90],
		[2, "LED1", "T", 3250, -1082.5, 180],
		[3, "R1", "T", 3060, -1082.5, 180],
		[4, "U1", "T", 1430, -1082.5, 0],
		[5, "U2", "T", 817, -1082.5, 270]
	]
},
"pins": {
	"fields": ["PIN_NO", "PIN_NAME", "PIN_X", "PIN_Y", "LAYER", "PIN_TYPE", "NET_NAME", "NET_TYPE", "PAD_SHAPE", "PAD_SIZEX", "PAD_SIZEY", "HOLE_SIZE", "PAD_ANGLE"],
	"rows": [
		[1, "C1_1", 1530, -1110.06, "T", "SMD", "$1N266", "", "R", 31.5, 35.43, 0, 90],
		[2, "C1_2", 1530, -1054.94, "T", "SMD", "$1N272", "", "R", 31.5, 35.43, 0, 90],
		[3, "LED1_1", 3208.65, -1082.5, "T", "SMD", "$1N462", "", "R", 39.37, 55.1, 0, 0],
		[4, "LED1_2", 3291.35, -1082.5, "T", "SMD", "$1N266", "", "R", 39.37, 55.1, 0, 0],
		[5, "R1_1", 3089.66, -1082.5, "T", "SMD", "$1N462", "", "R", 31.75, 34.02, 0, 180],
		[6, "R1_2", 3030.34, -1082.5, "T", "SMD", "$1N272", "", "R", 31.75, 34.02, 0, 180],
		[7, "U1_1", 1410.32, -1108.09, "T", "SMD", "$1N178", "", "R", 19.68, 11.02, 0, 90],
		[8, "U1_2", 1430, -1108.09, "T", "SMD", "$1N266", "", "R", 19.68, 11.02, 0, 90],
		[9, "U1_3", 1449.68, -1108.09, "T", "SMD", "U1_3", "", "R", 19.68, 11.02, 0, 90],
		[10, "U1_4", 1453.62, -1082.5, "T", "SMD", "U1_4", "", "R", 17.72, 11.81, 0, 180],
		[11, "U1_5", 1449.69, -1056.91, "T", "SMD", "U1_5", "", "R", 19.68, 11.02, 0, 90],
		[12, "U1_6", 1430, -1056.91, "T", "SMD", "U1_6", "", "R", 19.68, 11.02, 0, 90],
		[13, "U1_7", 1410.32, -1056.91, "T", "SMD", "$1N272", "", "R", 19.68, 11.02, 0, 90],
		[14, "U1_8", 1406.38, -1082.5, "T", "SMD", "$1N201", "", "R", 17.72, 11.81, 0, 180],
		[15, "U2_P$1", 1342, -1057.5, "T", "SMD", "$1N201", "", "R", 29.53, 11.81, 0, 0],
		[16, "U2_P$2", 1192, -1107.5, "T", "DIP", "$1N178", "", "C", 31.81, 31.81, 11.81, 270],
		[17, "U2_P$2", 1192, -1107.5, "B", "DIP", "$1N178", "", "C", 31.81, 31.81, 11.81, 270]
	]
}
}