Ref,Val,Package,PosX,PosY,Rot,Side
"BT1","Battery_Cell","BatteryHolder_Keystone_1058_1x2032",201.350000,-128.755000,-90.000000,top
"C1","470p","C_0805_2012Metric_Pad1.18x1.45mm_HandSolder",167.305000,-119.030000,90.000000,top
"C2","10u","C_0805_2012Metric_Pad1.18x1.45mm_HandSolder",163.187500,-115.975000,180.000000,top
"C3","10u","C_0805_2012Metric_Pad1.18x1.45mm_HandSolder",171.237500,-125.750000,0.000000,top
"D1","D_Schottky","TO-39-2",157.305000,-118.950000,180.000000,top
"J1","USB_B","USB_A_Molex_67643_Horizontal",150.690000,-129.130000,-90.000000,top
"L1","4.7u","L_1008_2520Metric_Pad1.43x2.20mm_HandSolder",163.537500,-119.275000,0.000000,top
"R1","4.7k","R_0805_2012Metric_Pad1.20x1.40mm_HandSolder",172.600000,-134.600000,-90.000000,top
"R2","4.7k","R_0805_2012Metric_Pad1.20x1.40mm_HandSolder",172.500000,-130.300000,-90.000000,top
"R3","1M","R_0805_2012Metric_Pad1.20x1.40mm_HandSolder",170.900000,-119.100000,90.000000,top
"R4","330k","R_0805_2012Metric_Pad1.20x1.40mm_HandSolder",173.850000,-119.100000,90.000000,top
"R5","100k","R_0805_2012Metric_Pad1.20x1.40mm_HandSolder",162.500000,-123.875000,-90.000000,top
"R6","10k","R_0805_2012Metric_Pad1.20x1.40mm_HandSolder",167.700000,-141.050000,90.000000,top
"R7","47k","R_0805_2012Metric_Pad1.20x1.40mm_HandSolder",155.319500,-128.137000,90.000000,top
"R8","220k","R_0805_2012Metric_Pad1.20x1.40mm_HandSolder",158.269500,-128.137000,-90.000000,top
"U1","nRF52840","Nordic_AQFN-73-1EP_7x7mm_P0.5mm",165.150000,-132.150000,90.000000,top
"U2","MAX30102","Maxim_OLGA-14_3.3x5.6mm_P0.8mm",180.000000,-140.300000,-90.000000,top
"U3","MPU-6050","InvenSense_QFN-24_4x4mm_P0.5mm",172.750000,-140.350000,-90.000000,top
"U4","TPS61022","Texas_RWU0007A_VQFN-7_2x2mm_P0.5mm",167.125000,-124.550000,180.000000,top
