{
"lengthUnit": "mil",
"components": {
	"fields": ["COMPONENT_NO", "COMPONENT_NAME", "LAYER", "X_COORDINATE", "Y_COORDINATE", "ANGLE"],
	"rows": [
		[1, "CC?_", "B", 561.64, 244, 90],
		[2, "EN_SWITCH1", "B", 608, -3146, 180],
		[3, "H3", "B", 2236, -3060, 90],
		[4, "LED1", "T", 275.59, -3132.31, 0],
		[5, "LED2", "T", 1026.77, -3132.31, 0],
		[6, "LED3", "T", 1777.95, -3132.31, 0],
		[7, "LED4", "T", 2529.13, -3132.31, 0],
		[8, "LEDIR", "T", 460, 524, 0],
		[9, "PROG_SWITCH", "B", 608, -2884, 180],
		[10, "Q1", "B", 440, 228, 180],
		[11, "R1", "B", 275.59, -651.18, 180],
		[12, "R2", "B", 1026.77, -651.18, 180],
		[13, "R3", "B", 1777.95, -651.18, 180],
		[14, "R4", "B", 2529.13, -651.18, 180],
		[15, "R5", "B", 275.59, -1402.36, 180],
		[16, "R6", "B", 1026.77, -1402.36, 180],
		[17, "R7", "B", 1777.95, -1402.36, 180],
		[18, "R8", "B", 2529.13, -1402.36, 180],
		[19, "R9", "B", 275.59, -2153.54, 180],
		[20, "R10", "B", 1026.77, -2153.54, 180],
		[21, "R11", "B", 1777.95, -2153.54, 180],
		[22, "R12", "B", 2529.13, -2153.54, 180],
		[23, "R13", "B", 275.59, -2904.72, 180],
		[24, "R14", "B", 1416.77, -2884.72, 180],
		[25, "R15", "B", 1777.95, -2904.72, 180],
		[26, "R16", "B", 2529.13, -2904.72, 180],
		[27, "R18", "B", 1214, 250, 0],
		[28, "R19", "B", 1214, 68, 180],
		[29, "R20", "B", 848, -3142, 90],
		[30, "R21", "B", 1138, -2908, 270],
		[31, "R22", "B", 142, 282, 180],
		[32, "RL1", "B", 82, -3142, 90],
		[33, "RL2", "B", 1260, -3128, 90],
		[34, "RL3", "B", 2005.21, -3124.85, 90],
		[35, "RL4", "B", 2746, -3132, 90],
		[36, "RL5", "B", 674.99, 490.22, 180],
		[37, "RL6", "B", 672, 342, 180],
		[38, "SW1", "T", 275.59, -275.59, 0],
		[39, "SW2", "T", 1026.77, -275.59, 0],
		[40, "SW3", "T", 1777.95, -275.59, 0],
		[41, "SW4", "T", 2529.13, -275.59, 0],
		[42, "SW5", "T", 275.59, -1026.77, 0],
		[43, "SW6", "T", 1026.77, -1026.77, 0],
		[44, "SW7", "T", 1777.95, -1026.38, 0],
		[45, "SW8", "T", 2529.13, -1026.77, 0],
		[46, "SW9", "T", 275.59, -1777.95, 0],
		[47, "SW10", "T", 1026.77, -1777.95, 0],
		[48, "SW11", "T", 1777.95, -1777.95, 0],
		[49, "SW12", "T", 2529.13, -1777.95, 0],
		[50, "SW13", "T", 275.59, -2529.13, 0],
		[51, "SW14", "T", 1026.77, -2529.13, 0],
		[52, "SW15", "T", 1777.95, -2529.13, 0],
		[53, "SW16", "T", 2529.13, -2529.13, 0],
		[54, "U11", "B", 1519.89, 160, 180],
		[55, "U13", "B", 994, -2906, 90],
		[56, "U14", "B", 1686.26, -72.26, 270],
		[57, "U15", "B", 1544.26, -96.26, 270],
		[58, "U16", "B", 853.19, -2906.21, 270],
		[59, "U17", "B", 2420, 236, 270],
		[60, "U18", "B", 1101.74, -109.74, 0],
		[61, "U19", "B", 1282.21, -123.71, 90],
		[62, "USB1", "B", 1402.36, 514, 0]
	]
},
"pins": {
	"fields": ["PIN_NO", "PIN_NAME", "PIN_X", "PIN_Y", "LAYER", "PIN_TYPE", "NET_NAME", "NET_TYPE", "PAD_SHAPE", "PAD_SIZEX", "PAD_SIZEY", "HOLE_SIZE", "PAD_ANGLE"],
	"rows": [
		[1, "CC?__1", 1042.07, 395.81, "T", "DIP", "GND", "GND", "R", 62.99, 62.99, 43.31, 270],
		[2, "CC?__1", 1042.07, 395.81, "B", "DIP", "GND", "GND", "R", 62.99, 62.99, 43.31, 270],
		[3, "CC?__2", 942.07, 395.81, "T", "DIP", "3.3V", "", "C", 62.99, 62.99, 43.31, 270],
		[4, "CC?__2", 942.07, 395.81, "B", "DIP", "3.3V", "", "C", 62.99, 62.99, 43.31, 270],
		[5, "CC?__3", 1042.07, 295.81, "T", "DIP", "IO21", "", "C", 62.99, 62.99, 43.31, 270],
		[6, "CC?__3", 1042.07, 295.81, "B", "DIP", "IO21", "", "C", 62.99, 62.99, 43.31, 270],
		[7, "CC?__4", 942.07, 295.81, "T", "DIP", "IO47", "", "C", 62.99, 62.99, 43.31, 270],
		[8, "CC?__4", 942.07, 295.81, "B", "DIP", "IO47", "", "C", 62.99, 62.99, 43.31, 270],
		[9, "CC?__5", 1042.07, 195.81, "T", "DIP", "IO40", "", "C", 62.99, 62.99, 43.31, 270],
		[10, "CC?__5", 1042.07, 195.81, "B", "DIP", "IO40", "", "C", 62.99, 62.99, 43.31, 270],
		[11, "CC?__6", 942.07, 195.81, "T", "DIP", "IO41", "", "C", 62.99, 62.99, 43.31, 270],
		[12, "CC?__6", 942.07, 195.81, "B", "DIP", "IO41", "", "C", 62.99, 62.99, 43.31, 270],
		[13, "CC?__7", 1042.07, 95.81, "T", "DIP", "IO42", "", "C", 62.99, 62.99, 43.31, 270],
		[14, "CC?__7", 1042.07, 95.81, "B", "DIP", "IO42", "", "C", 62.99, 62.99, 43.31, 270],
		[15, "CC?__8", 942.07, 95.81, "T", "DIP", "IO48", "", "C", 62.99, 62.99, 43.31, 270],
		[16, "CC?__8", 942.07, 95.81, "B", "DIP", "IO48", "", "C", 62.99, 62.99, 43.31, 270],
		[17, "EN_SWITCH1_1", 737.92, -3073.16, "B", "SMD", "EN", "", "R", 66.93, 39.37, 0, 180],
		[18, "EN_SWITCH1_2", 478.08, -3073.16, "B", "SMD", "EN_SWITCH1_2", "", "R", 66.93, 39.37, 0, 180],
		[19, "EN_SWITCH1_3", 737.92, -3218.84, "B", "SMD", "GND", "GND", "R", 66.93, 39.37, 0, 180],
		[20, "EN_SWITCH1_4", 478.08, -3218.84, "B", "SMD", "EN_SWITCH1_4", "", "R", 66.93, 39.37, 0, 180],
		[21, "H3_1", 2236, -3210, "T", "DIP", "TX", "", "R", 66.93, 66.93, 43.31, 90],
		[22, "H3_1", 2236, -3210, "B", "DIP", "TX", "", "R", 66.93, 66.93, 43.31, 90],
		[23, "H3_2", 2236, -3110, "T", "DIP", "RX", "", "C", 66.93, 66.93, 43.31, 90],
		[24, "H3_2", 2236, -3110, "B", "DIP", "RX", "", "C", 66.93, 66.93, 43.31, 90],
		[25, "H3_3", 2236, -3010, "T", "DIP", "GND", "GND", "C", 66.93, 66.93, 43.31, 90],
		[26, "H3_3", 2236, -3010, "B", "DIP", "GND", "GND", "C", 66.93, 66.93, 43.31, 90],
		[27, "H3_4", 2236, -2910, "T", "DIP", "3.3V", "", "C", 66.93, 66.93, 43.31, 90],
		[28, "H3_4", 2236, -2910, "B", "DIP", "3.3V", "", "C", 66.93, 66.93, 43.31, 90],
		[29, "LED1_1", 225.59, -3132.31, "T", "DIP", "$1N17024", "", "R", 62.99, 62.99, 39.37, 0],
		[30, "LED1_1", 225.59, -3132.31, "B", "DIP", "$1N17024", "", "R", 62.99, 62.99, 39.37, 0],
		[31, "LED1_2", 325.59, -3132.31, "T", "DIP", "GND", "GND", "C", 62.99, 62.99, 39.37, 0],
		[32, "LED1_2", 325.59, -3132.31, "B", "DIP", "GND", "GND", "C", 62.99, 62.99, 39.37, 0],
		[33, "LED2_1", 976.77, -3132.31, "T", "DIP", "$1N17244", "", "R", 62.99, 62.99, 39.37, 0],
		[34, "LED2_1", 976.77, -3132.31, "B", "DIP", "$1N17244", "", "R", 62.99, 62.99, 39.37, 0],
		[35, "LED2_2", 1076.77, -3132.31, "T", "DIP", "GND", "GND", "C", 62.99, 62.99, 39.37, 0],
		[36, "LED2_2", 1076.77, -3132.31, "B", "DIP", "GND", "GND", "C", 62.99, 62.99, 39.37, 0],
		[37, "LED3_1", 1727.95, -3132.31, "T", "DIP", "$1N17270", "", "R", 62.99, 62.99, 39.37, 0],
		[38, "LED3_1", 1727.95, -3132.31, "B", "DIP", "$1N17270", "", "R", 62.99, 62.99, 39.37, 0],
		[39, "LED3_2", 1827.95, -3132.31, "T", "DIP", "GND", "GND", "C", 62.99, 62.99, 39.37, 0],
		[40, "LED3_2", 1827.95, -3132.31, "B", "DIP", "GND", "GND", "C", 62.99, 62.99, 39.37, 0],
		[41, "LED4_1", 2479.13, -3132.31, "T", "DIP", "$1N17296", "", "R", 62.99, 62.99, 39.37, 0],
		[42, "LED4_1", 2479.13, -3132.31, "B", "DIP", "$1N17296", "", "R", 62.99, 62.99, 39.37, 0],
		[43, "LED4_2", 2579.13, -3132.31, "T", "DIP", "GND", "GND", "C", 62.99, 62.99, 39.37, 0],
		[44, "LED4_2", 2579.13, -3132.31, "B", "DIP", "GND", "GND", "C", 62.99, 62.99, 39.37, 0],
		[45, "LEDIR_1", 410, 524, "T", "DIP", "$1N52929", "", "R", 62.99, 62.99, 39.37, 0],
		[46, "LEDIR_1", 410, 524, "B", "DIP", "$1N52929", "", "R", 62.99, 62.99, 39.37, 0],
		[47, "LEDIR_2", 510, 524, "T", "DIP", "GND", "GND", "C", 62.99, 62.99, 39.37, 0],
		[48, "LEDIR_2", 510, 524, "B", "DIP", "GND", "GND", "C", 62.99, 62.99, 39.37, 0],
		[49, "PROG_SWITCH_1", 737.92, -2811.16, "B", "SMD", "GND", "GND", "R", 66.93, 39.37, 0, 180],
		[50, "PROG_SWITCH_2", 478.08, -2811.16, "B", "SMD", "PROG_SWITCH_2", "", "R", 66.93, 39.37, 0, 180],
		[51, "PROG_SWITCH_3", 737.92, -2956.84, "B", "SMD", "IO0", "", "R", 66.93, 39.37, 0, 180],
		[52, "PROG_SWITCH_4", 478.08, -2956.84, "B", "SMD", "PROG_SWITCH_4", "", "R", 66.93, 39.37, 0, 180],
		[53, "Q1_1", 394.72, 190.6, "B", "SMD", "$1N53158", "", "R", 39.37, 31.5, 0, 0],
		[54, "Q1_2", 394.72, 265.4, "B", "SMD", "$1N52957", "", "R", 39.37, 31.5, 0, 0],
		[55, "Q1_3", 485.28, 228, "B", "SMD", "3.3V", "", "R", 39.37, 31.5, 0, 0],
		[56, "R1_1", 332.33, -651.18, "B", "SMD", "GND", "GND", "R", 50.49, 110.55, 0, 180],
		[57, "R1_2", 218.85, -651.18, "B", "SMD", "IO1", "", "R", 50.49, 110.55, 0, 180],
		[58, "R2_1", 1083.51, -651.18, "B", "SMD", "GND", "GND", "R", 50.49, 110.55, 0, 180],
		[59, "R2_2", 970.03, -651.18, "B", "SMD", "IO2", "", "R", 50.49, 110.55, 0, 180],
		[60, "R3_1", 1834.69, -651.18, "B", "SMD", "GND", "GND", "R", 50.49, 110.55, 0, 180],
		[61, "R3_2", 1721.21, -651.18, "B", "SMD", "IO39", "", "R", 50.49, 110.55, 0, 180],
		[62, "R4_1", 2585.87, -651.18, "B", "SMD", "GND", "GND", "R", 50.49, 110.55, 0, 180],
		[63, "R4_2", 2472.39, -651.18, "B", "SMD", "IO38", "", "R", 50.49, 110.55, 0, 180],
		[64, "R5_1", 332.33, -1402.36, "B", "SMD", "GND", "GND", "R", 50.49, 110.55, 0, 180],
		[65, "R5_2", 218.85, -1402.36, "B", "SMD", "IO5", "", "R", 50.49, 110.55, 0, 180],
		[66, "R6_1", 1083.51, -1402.36, "B", "SMD", "GND", "GND", "R", 50.49, 110.55, 0, 180],
		[67, "R6_2", 970.03, -1402.36, "B", "SMD", "IO6", "", "R", 50.49, 110.55, 0, 180],
		[68, "R7_1", 1834.69, -1402.36, "B", "SMD", "GND", "GND", "R", 50.49, 110.55, 0, 180],
		[69, "R7_2", 1721.21, -1402.36, "B", "SMD", "IO7", "", "R", 50.49, 110.55, 0, 180],
		[70, "R8_1", 2585.87, -1402.36, "B", "SMD", "GND", "GND", "R", 50.49, 110.55, 0, 180],
		[71, "R8_2", 2472.39, -1402.36, "B", "SMD", "IO8", "", "R", 50.49, 110.55, 0, 180],
		[72, "R9_1", 332.33, -2153.54, "B", "SMD", "GND", "GND", "R", 50.49, 110.55, 0, 180],
		[73, "R9_2", 218.85, -2153.54, "B", "SMD", "IO9", "", "R", 50.49, 110.55, 0, 180],
		[74, "R10_1", 1083.51, -2153.54, "B", "SMD", "GND", "GND", "R", 50.49, 110.55, 0, 180],
		[75, "R10_2", 970.03, -2153.54, "B", "SMD", "IO10", "", "R", 50.49, 110.55, 0, 180],
		[76, "R11_1", 1834.69, -2153.54, "B", "SMD", "GND", "GND", "R", 50.49, 110.55, 0, 180],
		[77, "R11_2", 1721.21, -2153.54, "B", "SMD", "IO11", "", "R", 50.49, 110.55, 0, 180],
		[78, "R12_1", 2585.87, -2153.54, "B", "SMD", "GND", "GND", "R", 50.49, 110.55, 0, 180],
		[79, "R12_2", 2472.39, -2153.54, "B", "SMD", "IO12", "", "R", 50.49, 110.55, 0, 180],
		[80, "R13_1", 332.33, -2904.72, "B", "SMD", "GND", "GND", "R", 50.49, 110.55, 0, 180],
		[81, "R13_2", 218.85, -2904.72, "B", "SMD", "IO13", "", "R", 50.49, 110.55, 0, 180],
		[82, "R14_1", 1473.51, -2884.72, "B", "SMD", "GND", "GND", "R", 50.49, 110.55, 0, 180],
		[83, "R14_2", 1360.03, -2884.72, "B", "SMD", "IO14", "", "R", 50.49, 110.55, 0, 180],
		[84, "R15_1", 1834.69, -2904.72, "B", "SMD", "GND", "GND", "R", 50.49, 110.55, 0, 180],
		[85, "R15_2", 1721.21, -2904.72, "B", "SMD", "IO15", "", "R", 50.49, 110.55, 0, 180],
		[86, "R16_1", 2585.87, -2904.72, "B", "SMD", "GND", "GND", "R", 50.49, 110.55, 0, 180],
		[87, "R16_2", 2472.39, -2904.72, "B", "SMD", "IO16", "", "R", 50.49, 110.55, 0, 180],
		[88, "R18_1", 1157.26, 250, "B", "SMD", "GND", "GND", "R", 50.49, 110.55, 0, 0],
		[89, "R18_2", 1270.74, 250, "B", "SMD", "$1N41929", "", "R", 50.49, 110.55, 0, 0],
		[90, "R19_1", 1270.74, 68, "B", "SMD", "GND", "GND", "R", 50.49, 110.55, 0, 180],
		[91, "R19_2", 1157.26, 68, "B", "SMD", "$1N42156", "", "R", 50.49, 110.55, 0, 180],
		[92, "R20_1", 848, -3198.74, "B", "SMD", "EN", "", "R", 50.49, 110.55, 0, 90],
		[93, "R20_2", 848, -3085.26, "B", "SMD", "3.3V", "", "R", 50.49, 110.55, 0, 90],
		[94, "R21_1", 1138, -2851.26, "B", "SMD", "3.3V", "", "R", 50.49, 110.55, 0, 270],
		[95, "R21_2", 1138, -2964.74, "B", "SMD", "IO0", "", "R", 50.49, 110.55, 0, 270],
		[96, "R22_1", 198.74, 282, "B", "SMD", "GND", "GND", "R", 50.49, 110.55, 0, 180],
		[97, "R22_2", 85.26, 282, "B", "SMD", "$1N53158", "", "R", 50.49, 110.55, 0, 180],
		[98, "RL1_1", 82, -3198.74, "B", "SMD", "$1N17024", "", "R", 50.49, 110.55, 0, 90],
		[99, "RL1_2", 82, -3085.26, "B", "SMD", "IO46", "", "R", 50.49, 110.55, 0, 90],
		[100, "RL2_1", 1260, -3184.74, "B", "SMD", "$1N17244", "", "R", 50.49, 110.55, 0, 90],
		[101, "RL2_2", 1260, -3071.26, "B", "SMD", "IO18", "", "R", 50.49, 110.55, 0, 90],
		[102, "RL3_1", 2005.21, -3181.59, "B", "SMD", "$1N17270", "", "R", 50.49, 110.55, 0, 90],
		[103, "RL3_2", 2005.21, -3068.11, "B", "SMD", "IO17", "", "R", 50.49, 110.55, 0, 90],
		[104, "RL4_1", 2746, -3188.74, "B", "SMD", "$1N17296", "", "R", 50.49, 110.55, 0, 90],
		[105, "RL4_2", 2746, -3075.26, "B", "SMD", "IO4", "", "R", 50.49, 110.55, 0, 90],
		[106, "RL5_1", 731.73, 490.22, "B", "SMD", "$1N52929", "", "R", 50.49, 110.55, 0, 180],
		[107, "RL5_2", 618.25, 490.22, "B", "SMD", "$1N52957", "", "R", 50.49, 110.55, 0, 180],
		[108, "RL6_1", 728.74, 342, "B", "SMD", "$1N53158", "", "R", 50.49, 110.55, 0, 180],
		[109, "RL6_2", 615.26, 342, "B", "SMD", "IO3", "", "R", 50.49, 110.55, 0, 180],
		[110, "SW1_1", 173.99, -478.79, "T", "DIP", "3.3V", "", "C", 91.4, 91.4, 60, 180],
		[111, "SW1_1", 173.99, -478.79, "B", "DIP", "3.3V", "", "C", 91.4, 91.4, 60, 180],
		[112, "SW1_2", 427.99, -377.19, "T", "DIP", "IO1", "", "C", 91.4, 91.4, 60, 180],
		[113, "SW1_2", 427.99, -377.19, "B", "DIP", "IO1", "", "C", 91.4, 91.4, 60, 180],
		[114, "SW1_3", 478.79, -275.59, "T", "DIP", "SW1_3", "", "C", 92.1, 92.1, 68, 180],
		[115, "SW1_3", 478.79, -275.59, "B", "DIP", "SW1_3", "", "C", 92.1, 92.1, 68, 180],
		[116, "SW1_4", 72.39, -275.59, "T", "DIP", "SW1_4", "", "C", 92.1, 92.1, 68, 180],
		[117, "SW1_4", 72.39, -275.59, "B", "DIP", "SW1_4", "", "C", 92.1, 92.1, 68, 180],
		[118, "SW1_5", 275.59, -275.59, "T", "DIP", "SW1_5", "", "C", 183.5, 183.5, 159.6, 180],
		[119, "SW1_5", 275.59, -275.59, "B", "DIP", "SW1_5", "", "C", 183.5, 183.5, 159.6, 180],
		[120, "SW2_1", 925.17, -478.79, "T", "DIP", "3.3V", "", "C", 91.4, 91.4, 60, 180],
		[121, "SW2_1", 925.17, -478.79, "B", "DIP", "3.3V", "", "C", 91.4, 91.4, 60, 180],
		[122, "SW2_2", 1179.17, -377.19, "T", "DIP", "IO2", "", "C", 91.4, 91.4, 60, 180],
		[123, "SW2_2", 1179.17, -377.19, "B", "DIP", "IO2", "", "C", 91.4, 91.4, 60, 180],
		[124, "SW2_3", 1229.97, -275.59, "T", "DIP", "SW2_3", "", "C", 92.1, 92.1, 68, 180],
		[125, "SW2_3", 1229.97, -275.59, "B", "DIP", "SW2_3", "", "C", 92.1, 92.1, 68, 180],
		[126, "SW2_4", 823.57, -275.59, "T", "DIP", "SW2_4", "", "C", 92.1, 92.1, 68, 180],
		[127, "SW2_4", 823.57, -275.59, "B", "DIP", "SW2_4", "", "C", 92.1, 92.1, 68, 180],
		[128, "SW2_5", 1026.77, -275.59, "T", "DIP", "SW2_5", "", "C", 183.5, 183.5, 159.6, 180],
		[129, "SW2_5", 1026.77, -275.59, "B", "DIP", "SW2_5", "", "C", 183.5, 183.5, 159.6, 180],
		[130, "SW3_1", 1676.35, -478.79, "T", "DIP", "3.3V", "", "C", 91.4, 91.4, 60, 180],
		[131, "SW3_1", 1676.35, -478.79, "B", "DIP", "3.3V", "", "C", 91.4, 91.4, 60, 180],
		[132, "SW3_2", 1930.35, -377.19, "T", "DIP", "IO39", "", "C", 91.4, 91.4, 60, 180],
		[133, "SW3_2", 1930.35, -377.19, "B", "DIP", "IO39", "", "C", 91.4, 91.4, 60, 180],
		[134, "SW3_3", 1981.15, -275.59, "T", "DIP", "SW3_3", "", "C", 92.1, 92.1, 68, 180],
		[135, "SW3_3", 1981.15, -275.59, "B", "DIP", "SW3_3", "", "C", 92.1, 92.1, 68, 180],
		[136, "SW3_4", 1574.75, -275.59, "T", "DIP", "SW3_4", "", "C", 92.1, 92.1, 68, 180],
		[137, "SW3_4", 1574.75, -275.59, "B", "DIP", "SW3_4", "", "C", 92.1, 92.1, 68, 180],
		[138, "SW3_5", 1777.95, -275.59, "T", "DIP", "SW3_5", "", "C", 183.5, 183.5, 159.6, 180],
		[139, "SW3_5", 1777.95, -275.59, "B", "DIP", "SW3_5", "", "C", 183.5, 183.5, 159.6, 180],
		[140, "SW4_1", 2427.53, -478.79, "T", "DIP", "3.3V", "", "C", 91.4, 91.4, 60, 180],
		[141, "SW4_1", 2427.53, -478.79, "B", "DIP", "3.3V", "", "C", 91.4, 91.4, 60, 180],
		[142, "SW4_2", 2681.53, -377.19, "T", "DIP", "IO38", "", "C", 91.4, 91.4, 60, 180],
		[143, "SW4_2", 2681.53, -377.19, "B", "DIP", "IO38", "", "C", 91.4, 91.4, 60, 180],
		[144, "SW4_3", 2732.33, -275.59, "T", "DIP", "SW4_3", "", "C", 92.1, 92.1, 68, 180],
		[145, "SW4_3", 2732.33, -275.59, "B", "DIP", "SW4_3", "", "C", 92.1, 92.1, 68, 180],
		[146, "SW4_4", 2325.93, -275.59, "T", "DIP", "SW4_4", "", "C", 92.1, 92.1, 68, 180],
		[147, "SW4_4", 2325.93, -275.59, "B", "DIP", "SW4_4", "", "C", 92.1, 92.1, 68, 180],
		[148, "SW4_5", 2529.13, -275.59, "T", "DIP", "SW4_5", "", "C", 183.5, 183.5, 159.6, 180],
		[149, "SW4_5", 2529.13, -275.59, "B", "DIP", "SW4_5", "", "C", 183.5, 183.5, 159.6, 180],
		[150, "SW5_1", 173.99, -1229.97, "T", "DIP", "3.3V", "", "C", 91.4, 91.4, 60, 180],
		[151, "SW5_1", 173.99, -1229.97, "B", "DIP", "3.3V", "", "C", 91.4, 91.4, 60, 180],
		[152, "SW5_2", 427.99, -1128.37, "T", "DIP", "IO5", "", "C", 91.4, 91.4, 60, 180],
		[153, "SW5_2", 427.99, -1128.37, "B", "DIP", "IO5", "", "C", 91.4, 91.4, 60, 180],
		[154, "SW5_3", 478.79, -1026.77, "T", "DIP", "SW5_3", "", "C", 92.1, 92.1, 68, 180],
		[155, "SW5_3", 478.79, -1026.77, "B", "DIP", "SW5_3", "", "C", 92.1, 92.1, 68, 180],
		[156, "SW5_4", 72.39, -1026.77, "T", "DIP", "SW5_4", "", "C", 92.1, 92.1, 68, 180],
		[157, "SW5_4", 72.39, -1026.77, "B", "DIP", "SW5_4", "", "C", 92.1, 92.1, 68, 180],
		[158, "SW5_5", 275.59, -1026.77, "T", "DIP", "SW5_5", "", "C", 183.5, 183.5, 159.6, 180],
		[159, "SW5_5", 275.59, -1026.77, "B", "DIP", "SW5_5", "", "C", 183.5, 183.5, 159.6, 180],
		[160, "SW6_1", 925.17, -1229.97, "T", "DIP", "3.3V", "", "C", 91.4, 91.4, 60, 180],
		[161, "SW6_1", 925.17, -1229.97, "B", "DIP", "3.3V", "", "C", 91.4, 91.4, 60, 180],
		[162, "SW6_2", 1179.17, -1128.37, "T", "DIP", "IO6", "", "C", 91.4, 91.4, 60, 180],
		[163, "SW6_2", 1179.17, -1128.37, "B", "DIP", "IO6", "", "C", 91.4, 91.4, 60, 180],
		[164, "SW6_3", 1229.97, -1026.77, "T", "DIP", "SW6_3", "", "C", 92.1, 92.1, 68, 180],
		[165, "SW6_3", 1229.97, -1026.77, "B", "DIP", "SW6_3", "", "C", 92.1, 92.1, 68, 180],
		[166, "SW6_4", 823.57, -1026.77, "T", "DIP", "SW6_4", "", "C", 92.1, 92.1, 68, 180],
		[167, "SW6_4", 823.57, -1026.77, "B", "DIP", "SW6_4", "", "C", 92.1, 92.1, 68, 180],
		[168, "SW6_5", 1026.77, -1026.77, "T", "DIP", "SW6_5", "", "C", 183.5, 183.5, 159.6, 180],
		[169, "SW6_5", 1026.77, -1026.77, "B", "DIP", "SW6_5", "", "C", 183.5, 183.5, 159.6, 180],
		[170, "SW7_1", 1676.35, -1229.58, "T", "DIP", "3.3V", "", "C", 91.4, 91.4, 60, 180],
		[171, "SW7_1", 1676.35, -1229.58, "B", "DIP", "3.3V", "", "C", 91.4, 91.4, 60, 180],
		[172, "SW7_2", 1930.35, -1127.98, "T", "DIP", "IO7", "", "C", 91.4, 91.4, 60, 180],
		[173, "SW7_2", 1930.35, -1127.98, "B", "DIP", "IO7", "", "C", 91.4, 91.4, 60, 180],
		[174, "SW7_3", 1981.15, -1026.38, "T", "DIP", "SW7_3", "", "C", 92.1, 92.1, 68, 180],
		[175, "SW7_3", 1981.15, -1026.38, "B", "DIP", "SW7_3", "", "C", 92.1, 92.1, 68, 180],
		[176, "SW7_4", 1574.75, -1026.38, "T", "DIP", "SW7_4", "", "C", 92.1, 92.1, 68, 180],
		[177, "SW7_4", 1574.75, -1026.38, "B", "DIP", "SW7_4", "", "C", 92.1, 92.1, 68, 180],
		[178, "SW7_5", 1777.95, -1026.38, "T", "DIP", "SW7_5", "", "C", 183.5, 183.5, 159.6, 180],
		[179, "SW7_5", 1777.95, -1026.38, "B", "DIP", "SW7_5", "", "C", 183.5, 183.5, 159.6, 180],
		[180, "SW8_1", 2427.53, -1229.97, "T", "DIP", "3.3V", "", "C", 91.4, 91.4, 60, 180],
		[181, "SW8_1", 2427.53, -1229.97, "B", "DIP", "3.3V", "", "C", 91.4, 91.4, 60, 180],
		[182, "SW8_2", 2681.53, -1128.37, "T", "DIP", "IO8", "", "C", 91.4, 91.4, 60, 180],
		[183, "SW8_2", 2681.53, -1128.37, "B", "DIP", "IO8", "", "C", 91.4, 91.4, 60, 180],
		[184, "SW8_3", 2732.33, -1026.77, "T", "DIP", "SW8_3", "", "C", 92.1, 92.1, 68, 180],
		[185, "SW8_3", 2732.33, -1026.77, "B", "DIP", "SW8_3", "", "C", 92.1, 92.1, 68, 180],
		[186, "SW8_4", 2325.93, -1026.77, "T", "DIP", "SW8_4", "", "C", 92.1, 92.1, 68, 180],
		[187, "SW8_4", 2325.93, -1026.77, "B", "DIP", "SW8_4", "", "C", 92.1, 92.1, 68, 180],
		[188, "SW8_5", 2529.13, -1026.77, "T", "DIP", "SW8_5", "", "C", 183.5, 183.5, 159.6, 180],
		[189, "SW8_5", 2529.13, -1026.77, "B", "DIP", "SW8_5", "", "C", 183.5, 183.5, 159.6, 180],
		[190, "SW9_1", 173.99, -1981.15, "T", "DIP", "3.3V", "", "C", 91.4, 91.4, 60, 180],
		[191, "SW9_1", 173.99, -1981.15, "B", "DIP", "3.3V", "", "C", 91.4, 91.4, 60, 180],
		[192, "SW9_2", 427.99, -1879.55, "T", "DIP", "IO9", "", "C", 91.4, 91.4, 60, 180],
		[193, "SW9_2", 427.99, -1879.55, "B", "DIP", "IO9", "", "C", 91.4, 91.4, 60, 180],
		[194, "SW9_3", 478.79, -1777.95, "T", "DIP", "SW9_3", "", "C", 92.1, 92.1, 68, 180],
		[195, "SW9_3", 478.79, -1777.95, "B", "DIP", "SW9_3", "", "C", 92.1, 92.1, 68, 180],
		[196, "SW9_4", 72.39, -1777.95, "T", "DIP", "SW9_4", "", "C", 92.1, 92.1, 68, 180],
		[197, "SW9_4", 72.39, -1777.95, "B", "DIP", "SW9_4", "", "C", 92.1, 92.1, 68, 180],
		[198, "SW9_5", 275.59, -1777.95, "T", "DIP", "SW9_5", "", "C", 183.5, 183.5, 159.6, 180],
		[199, "SW9_5", 275.59, -1777.95, "B", "DIP", "SW9_5", "", "C", 183.5, 183.5, 159.6, 180],
		[200, "SW10_1", 925.17, -1981.15, "T", "DIP", "3.3V", "", "C", 91.4, 91.4, 60, 180],
		[201, "SW10_1", 925.17, -1981.15, "B", "DIP", "3.3V", "", "C", 91.4, 91.4, 60, 180],
		[202, "SW10_2", 1179.17, -1879.55, "T", "DIP", "IO10", "", "C", 91.4, 91.4, 60, 180],
		[203, "SW10_2", 1179.17, -1879.55, "B", "DIP", "IO10", "", "C", 91.4, 91.4, 60, 180],
		[204, "SW10_3", 1229.97, -1777.95, "T", "DIP", "SW10_3", "", "C", 92.1, 92.1, 68, 180],
		[205, "SW10_3", 1229.97, -1777.95, "B", "DIP", "SW10_3", "", "C", 92.1, 92.1, 68, 180],
		[206, "SW10_4", 823.57, -1777.95, "T", "DIP", "SW10_4", "", "C", 92.1, 92.1, 68, 180],
		[207, "SW10_4", 823.57, -1777.95, "B", "DIP", "SW10_4", "", "C", 92.1, 92.1, 68, 180],
		[208, "SW10_5", 1026.77, -1777.95, "T", "DIP", "SW10_5", "", "C", 183.5, 183.5, 159.6, 180],
		[209, "SW10_5", 1026.77, -1777.95, "B", "DIP", "SW10_5", "", "C", 183.5, 183.5, 159.6, 180],
		[210, "SW11_1", 1676.35, -1981.15, "T", "DIP", "3.3V", "", "C", 91.4, 91.4, 60, 180],
		[211, "SW11_1", 1676.35, -1981.15, "B", "DIP", "3.3V", "", "C", 91.4, 91.4, 60, 180],
		[212, "SW11_2", 1930.35, -1879.55, "T", "DIP", "IO11", "", "C", 91.4, 91.4, 60, 180],
		[213, "SW11_2", 1930.35, -1879.55, "B", "DIP", "IO11", "", "C", 91.4, 91.4, 60, 180],
		[214, "SW11_3", 1981.15, -1777.95, "T", "DIP", "SW11_3", "", "C", 92.1, 92.1, 68, 180],
		[215, "SW11_3", 1981.15, -1777.95, "B", "DIP", "SW11_3", "", "C", 92.1, 92.1, 68, 180],
		[216, "SW11_4", 1574.75, -1777.95, "T", "DIP", "SW11_4", "", "C", 92.1, 92.1, 68, 180],
		[217, "SW11_4", 1574.75, -1777.95, "B", "DIP", "SW11_4", "", "C", 92.1, 92.1, 68, 180],
		[218, "SW11_5", 1777.95, -1777.95, "T", "DIP", "SW11_5", "", "C", 183.5, 183.5, 159.6, 180],
		[219, "SW11_5", 1777.95, -1777.95, "B", "DIP", "SW11_5", "", "C", 183.5, 183.5, 159.6, 180],
		[220, "SW12_1", 2427.53, -1981.15, "T", "DIP", "3.3V", "", "C", 91.4, 91.4, 60, 180],
		[221, "SW12_1", 2427.53, -1981.15, "B", "DIP", "3.3V", "", "C", 91.4, 91.4, 60, 180],
		[222, "SW12_2", 2681.53, -1879.55, "T", "DIP", "IO12", "", "C", 91.4, 91.4, 60, 180],
		[223, "SW12_2", 2681.53, -1879.55, "B", "DIP", "IO12", "", "C", 91.4, 91.4, 60, 180],
		[224, "SW12_3", 2732.33, -1777.95, "T", "DIP", "SW12_3", "", "C", 92.1, 92.1, 68, 180],
		[225, "SW12_3", 2732.33, -1777.95, "B", "DIP", "SW12_3", "", "C", 92.1, 92.1, 68, 180],
		[226, "SW12_4", 2325.93, -1777.95, "T", "DIP", "SW12_4", "", "C", 92.1, 92.1, 68, 180],
		[227, "SW12_4", 2325.93, -1777.95, "B", "DIP", "SW12_4", "", "C", 92.1, 92.1, 68, 180],
		[228, "SW12_5", 2529.13, -1777.95, "T", "DIP", "SW12_5", "", "C", 183.5, 183.5, 159.6, 180],
		[229, "SW12_5", 2529.13, -1777.95, "B", "DIP", "SW12_5", "", "C", 183.5, 183.5, 159.6, 180],
		[230, "SW13_1", 173.99, -2732.33, "T", "DIP", "3.3V", "", "C", 91.4, 91.4, 60, 180],
		[231, "SW13_1", 173.99, -2732.33, "B", "DIP", "3.3V", "", "C", 91.4, 91.4, 60, 180],
		[232, "SW13_2", 427.99, -2630.73, "T", "DIP", "IO13", "", "C", 91.4, 91.4, 60, 180],
		[233, "SW13_2", 427.99, -2630.73, "B", "DIP", "IO13", "", "C", 91.4, 91.4, 60, 180],
		[234, "SW13_3", 478.79, -2529.13, "T", "DIP", "SW13_3", "", "C", 92.1, 92.1, 68, 180],
		[235, "SW13_3", 478.79, -2529.13, "B", "DIP", "SW13_3", "", "C", 92.1, 92.1, 68, 180],
		[236, "SW13_4", 72.39, -2529.13, "T", "DIP", "SW13_4", "", "C", 92.1, 92.1, 68, 180],
		[237, "SW13_4", 72.39, -2529.13, "B", "DIP", "SW13_4", "", "C", 92.1, 92.1, 68, 180],
		[238, "SW13_5", 275.59, -2529.13, "T", "DIP", "SW13_5", "", "C", 183.5, 183.5, 159.6, 180],
		[239, "SW13_5", 275.59, -2529.13, "B", "DIP", "SW13_5", "", "C", 183.5, 183.5, 159.6, 180],
		[240, "SW14_1", 925.17, -2732.33, "T", "DIP", "3.3V", "", "C", 91.4, 91.4, 60, 180],
		[241, "SW14_1", 925.17, -2732.33, "B", "DIP", "3.3V", "", "C", 91.4, 91.4, 60, 180],
		[242, "SW14_2", 1179.17, -2630.73, "T", "DIP", "IO14", "", "C", 91.4, 91.4, 60, 180],
		[243, "SW14_2", 1179.17, -2630.73, "B", "DIP", "IO14", "", "C", 91.4, 91.4, 60, 180],
		[244, "SW14_3", 1229.97, -2529.13, "T", "DIP", "SW14_3", "", "C", 92.1, 92.1, 68, 180],
		[245, "SW14_3", 1229.97, -2529.13, "B", "DIP", "SW14_3", "", "C", 92.1, 92.1, 68, 180],
		[246, "SW14_4", 823.57, -2529.13, "T", "DIP", "SW14_4", "", "C", 92.1, 92.1, 68, 180],
		[247, "SW14_4", 823.57, -2529.13, "B", "DIP", "SW14_4", "", "C", 92.1, 92.1, 68, 180],
		[248, "SW14_5", 1026.77, -2529.13, "T", "DIP", "SW14_5", "", "C", 183.5, 183.5, 159.6, 180],
		[249, "SW14_5", 1026.77, -2529.13, "B", "DIP", "SW14_5", "", "C", 183.5, 183.5, 159.6, 180],
		[250, "SW15_1", 1676.35, -2732.33, "T", "DIP", "3.3V", "", "C", 91.4, 91.4, 60, 180],
		[251, "SW15_1", 1676.35, -2732.33, "B", "DIP", "3.3V", "", "C", 91.4, 91.4, 60, 180],
		[252, "SW15_2", 1930.35, -2630.73, "T", "DIP", "IO15", "", "C", 91.4, 91.4, 60, 180],
		[253, "SW15_2", 1930.35, -2630.73, "B", "DIP", "IO15", "", "C", 91.4, 91.4, 60, 180],
		[254, "SW15_3", 1981.15, -2529.13, "T", "DIP", "SW15_3", "", "C", 92.1, 92.1, 68, 180],
		[255, "SW15_3", 1981.15, -2529.13, "B", "DIP", "SW15_3", "", "C", 92.1, 92.1, 68, 180],
		[256, "SW15_4", 1574.75, -2529.13, "T", "DIP", "SW15_4", "", "C", 92.1, 92.1, 68, 180],
		[257, "SW15_4", 1574.75, -2529.13, "B", "DIP", "SW15_4", "", "C", 92.1, 92.1, 68, 180],
		[258, "SW15_5", 1777.95, -2529.13, "T", "DIP", "SW15_5", "", "C", 183.5, 183.5, 159.6, 180],
		[259, "SW15_5", 1777.95, -2529.13, "B", "DIP", "SW15_5", "", "C", 183.5, 183.5, 159.6, 180],
		[260, "SW16_1", 2427.53, -2732.33, "T", "DIP", "3.3V", "", "C", 91.4, 91.4, 60, 180],
		[261, "SW16_1", 2427.53, -2732.33, "B", "DIP", "3.3V", "", "C", 91.4, 91.4, 60, 180],
		[262, "SW16_2", 2681.53, -2630.73, "T", "DIP", "IO16", "", "C", 91.4, 91.4, 60, 180],
		[263, "SW16_2", 2681.53, -2630.73, "B", "DIP", "IO16", "", "C", 91.4, 91.4, 60, 180],
		[264, "SW16_3", 2732.33, -2529.13, "T", "DIP", "SW16_3", "", "C", 92.1, 92.1, 68, 180],
		[265, "SW16_3", 2732.33, -2529.13, "B", "DIP", "SW16_3", "", "C", 92.1, 92.1, 68, 180],
		[266, "SW16_4", 2325.93, -2529.13, "T", "DIP", "SW16_4", "", "C", 92.1, 92.1, 68, 180],
		[267, "SW16_4", 2325.93, -2529.13, "B", "DIP", "SW16_4", "", "C", 92.1, 92.1, 68, 180],
		[268, "SW16_5", 2529.13, -2529.13, "T", "DIP", "SW16_5", "", "C", 183.5, 183.5, 159.6, 180],
		[269, "SW16_5", 2529.13, -2529.13, "B", "DIP", "SW16_5", "", "C", 183.5, 183.5, 159.6, 180],
		[270, "U11_1", 1402.97, 69.45, "B", "SMD", "GND", "GND", "R", 98.42, 43.31, 0, 180],
		[271, "U11_2", 1402.97, 160, "B", "SMD", "U11_2", "", "R", 98.42, 43.31, 0, 180],
		[272, "U11_3", 1402.97, 250.55, "B", "SMD", "5V", "", "R", 98.42, 43.31, 0, 180],
		[273, "U11_4", 1636.82, 160, "B", "SMD", "3.3V", "", "R", 92.13, 141.73, 0, 180],
		[274, "U13_1", 994, -2965.74, "B", "SMD", "EN", "", "R", 64.37, 106.3, 0, 90],
		[275, "U13_2", 994, -2846.26, "B", "SMD", "GND", "GND", "R", 64.37, 106.3, 0, 90],
		[276, "U14_1", 1686.26, -12.52, "B", "SMD", "GND", "GND", "R", 64.37, 106.3, 0, 270],
		[277, "U14_2", 1686.26, -132, "B", "SMD", "5V", "", "R", 64.37, 106.3, 0, 270],
		[278, "U15_1", 1544.26, -36.52, "B", "SMD", "GND", "GND", "R", 64.37, 106.3, 0, 270],
		[279, "U15_2", 1544.26, -156, "B", "SMD", "5V", "", "R", 64.37, 106.3, 0, 270],
		[280, "U16_1", 853.19, -2846.47, "B", "SMD", "IO0", "", "R", 64.37, 106.3, 0, 270],
		[281, "U16_2", 853.19, -2965.95, "B", "SMD", "GND", "GND", "R", 64.37, 106.3, 0, 270],
		[282, "U17_1", 2069.81, 580.49, "B", "SMD", "GND", "GND", "R", 59.05, 35.43, 0, 270],
		[283, "U17_2", 2119.81, 580.49, "B", "SMD", "3.3V", "", "R", 59.05, 35.43, 0, 270],
		[284, "U17_3", 2169.81, 580.49, "B", "SMD", "EN", "", "R", 59.05, 35.43, 0, 270],
		[285, "U17_4", 2219.81, 580.49, "B", "SMD", "IO4", "", "R", 59.05, 35.43, 0, 270],
		[286, "U17_5", 2269.81, 580.49, "B", "SMD", "IO5", "", "R", 59.05, 35.43, 0, 270],
		[287, "U17_6", 2319.81, 580.49, "B", "SMD", "IO6", "", "R", 59.05, 35.43, 0, 270],
		[288, "U17_7", 2369.81, 580.49, "B", "SMD", "IO7", "", "R", 59.05, 35.43, 0, 270],
		[289, "U17_8", 2419.81, 580.49, "B", "SMD", "IO15", "", "R", 59.05, 35.43, 0, 270],
		[290, "U17_9", 2469.81, 580.49, "B", "SMD", "IO16", "", "R", 59.05, 35.43, 0, 270],
		[291, "U17_10", 2519.81, 580.49, "B", "SMD", "IO17", "", "R", 59.05, 35.43, 0, 270],
		[292, "U17_11", 2569.81, 580.49, "B", "SMD", "IO18", "", "R", 59.05, 35.43, 0, 270],
		[293, "U17_12", 2619.81, 580.49, "B", "SMD", "IO8", "", "R", 59.05, 35.43, 0, 270],
		[294, "U17_13", 2669.81, 580.49, "B", "SMD", "IO19", "", "R", 59.05, 35.43, 0, 270],
		[295, "U17_14", 2719.81, 580.49, "B", "SMD", "IO20", "", "R", 59.05, 35.43, 0, 270],
		[296, "U17_15", 2770.19, 511, "B", "SMD", "IO3", "", "R", 59.05, 35.43, 0, 180],
		[297, "U17_16", 2770.19, 461, "B", "SMD", "IO46", "", "R", 59.05, 35.43, 0, 180],
		[298, "U17_17", 2770.19, 411, "B", "SMD", "IO9", "", "R", 59.05, 35.43, 0, 180],
		[299, "U17_18", 2770.19, 361, "B", "SMD", "IO10", "", "R", 59.05, 35.43, 0, 180],
		[300, "U17_19", 2770.19, 311, "B", "SMD", "IO11", "", "R", 59.05, 35.43, 0, 180],
		[301, "U17_20", 2770.19, 261, "B", "SMD", "IO12", "", "R", 59.05, 35.43, 0, 180],
		[302, "U17_21", 2770.19, 211, "B", "SMD", "IO13", "", "R", 59.05, 35.43, 0, 180],
		[303, "U17_22", 2770.19, 161, "B", "SMD", "IO14", "", "R", 59.05, 35.43, 0, 180],
		[304, "U17_23", 2770.19, 111, "B", "SMD", "IO21", "", "R", 59.05, 35.43, 0, 180],
		[305, "U17_24", 2770.19, 61, "B", "SMD", "IO47", "", "R", 59.05, 35.43, 0, 180],
		[306, "U17_25", 2770.19, 11, "B", "SMD", "IO48", "", "R", 59.05, 35.43, 0, 180],
		[307, "U17_26", 2769.01, -39, "B", "SMD", "IO45", "", "R", 59.05, 35.43, 0, 180],
		[308, "U17_27", 2719.81, -108.49, "B", "SMD", "IO0", "", "R", 59.05, 35.43, 0, 90],
		[309, "U17_28", 2669.81, -108.49, "B", "SMD", "IO35", "", "R", 59.05, 35.43, 0, 90],
		[310, "U17_29", 2619.81, -108.49, "B", "SMD", "IO36", "", "R", 59.05, 35.43, 0, 90],
		[311, "U17_30", 2569.81, -108.49, "B", "SMD", "IO37", "", "R", 59.05, 35.43, 0, 90],
		[312, "U17_31", 2519.81, -108.49, "B", "SMD", "IO38", "", "R", 59.05, 35.43, 0, 90],
		[313, "U17_32", 2469.81, -108.49, "B", "SMD", "IO39", "", "R", 59.05, 35.43, 0, 90],
		[314, "U17_33", 2419.81, -108.49, "B", "SMD", "IO40", "", "R", 59.05, 35.43, 0, 90],
		[315, "U17_34", 2369.81, -108.49, "B", "SMD", "IO41", "", "R", 59.05, 35.43, 0, 90],
		[316, "U17_35", 2319.81, -108.49, "B", "SMD", "IO42", "", "R", 59.05, 35.43, 0, 90],
		[317, "U17_36", 2269.81, -108.49, "B", "SMD", "RX", "", "R", 59.05, 35.43, 0, 90],
		[318, "U17_37", 2219.81, -108.49, "B", "SMD", "TX", "", "R", 59.05, 35.43, 0, 90],
		[319, "U17_38", 2169.81, -108.49, "B", "SMD", "IO2", "", "R", 59.05, 35.43, 0, 90],
		[320, "U17_39", 2119.81, -108.49, "B", "SMD", "IO1", "", "R", 59.05, 35.43, 0, 90],
		[321, "U17_40", 2069.81, -108.49, "B", "SMD", "U17_40", "", "R", 59.05, 35.43, 0, 90],
		[322, "U17_41", 2428.87, 239.94, "B", "SMD", "U17_41", "", "R", 35.43, 35.43, 0, 180],
		[323, "U17_41", 2428.87, 295.06, "B", "SMD", "U17_A_41", "", "R", 35.43, 35.43, 0, 180],
		[324, "U17_41", 2428.87, 350.18, "B", "SMD", "U17_B_41", "", "R", 35.43, 35.43, 0, 180],
		[325, "U17_41", 2318.63, 350.18, "B", "SMD", "U17_C_41", "", "R", 35.43, 35.43, 0, 180],
		[326, "U17_41", 2318.63, 295.06, "B", "SMD", "U17_D_41", "", "R", 35.43, 35.43, 0, 180],
		[327, "U17_41", 2318.63, 239.94, "B", "SMD", "U17_E_41", "", "R", 35.43, 35.43, 0, 180],
		[328, "U17_41", 2373.74, 239.94, "B", "SMD", "U17_F_41", "", "R", 35.43, 35.43, 0, 180],
		[329, "U17_41", 2373.74, 350.18, "B", "SMD", "U17_G_41", "", "R", 35.43, 35.43, 0, 180],
		[330, "U17_41", 2373.74, 295.06, "B", "SMD", "U17_H_41", "", "R", 35.43, 35.43, 0, 180],
		[331, "U18_1", 1042, -109.74, "B", "SMD", "GND", "GND", "R", 64.37, 106.3, 0, 0],
		[332, "U18_2", 1161.48, -109.74, "B", "SMD", "3.3V", "", "R", 64.37, 106.3, 0, 0],
		[333, "U19_1", 1282.21, -183.45, "B", "SMD", "GND", "GND", "R", 64.37, 106.3, 0, 90],
		[334, "U19_2", 1282.21, -63.97, "B", "SMD", "3.3V", "", "R", 64.37, 106.3, 0, 90],
		[335, "USB1_0", 1232.08, 446.84, "T", "DIP", "GND", "GND", "O", 47.24, 78.74, 62.99, 0],
		[336, "USB1_0", 1232.08, 446.84, "B", "DIP", "GND", "GND", "O", 47.24, 78.74, 62.99, 0],
		[337, "USB1_1", 1572.64, 446.84, "T", "DIP", "GND", "GND", "O", 47.24, 78.74, 62.99, 0],
		[338, "USB1_1", 1572.64, 446.84, "B", "DIP", "GND", "GND", "O", 47.24, 78.74, 62.99, 0],
		[339, "USB1_2", 1572.64, 611.41, "T", "DIP", "GND", "GND", "O", 47.24, 70.87, 55.12, 0],
		[340, "USB1_2", 1572.64, 611.41, "B", "DIP", "GND", "GND", "O", 47.24, 70.87, 55.12, 0],
		[341, "USB1_3", 1232.08, 611.41, "T", "DIP", "GND", "GND", "O", 47.24, 70.87, 55.12, 0],
		[342, "USB1_3", 1232.08, 611.41, "B", "DIP", "GND", "GND", "O", 47.24, 70.87, 55.12, 0],
		[343, "USB1_A1", 1270.47, 416.59, "B", "SMD", "GND", "GND", "R", 11.81, 51.18, 0, 0],
		[344, "USB1_A12", 1534.25, 416.59, "B", "SMD", "GND", "GND", "R", 11.81, 51.18, 0, 0],
		[345, "USB1_A4", 1301.97, 416.59, "B", "SMD", "5V", "", "R", 11.81, 51.18, 0, 0],
		[346, "USB1_A5", 1353.15, 416.59, "B", "SMD", "$1N41929", "", "R", 11.81, 51.18, 0, 0],
		[347, "USB1_A6", 1392.52, 416.59, "B", "SMD", "IO20", "", "R", 11.81, 51.18, 0, 0],
		[348, "USB1_A7", 1412.2, 416.59, "B", "SMD", "IO19", "", "R", 11.81, 51.18, 0, 0],
		[349, "USB1_A8", 1451.56, 416.59, "B", "SMD", "USB1_A8", "", "R", 11.81, 51.18, 0, 0],
		[350, "USB1_A9", 1502.76, 416.59, "B", "SMD", "5V", "", "R", 11.81, 51.18, 0, 0],
		[351, "USB1_B1", 1522.44, 416.59, "B", "SMD", "GND", "GND", "R", 11.81, 51.18, 0, 0],
		[352, "USB1_B12", 1282.28, 416.59, "B", "SMD", "GND", "GND", "R", 11.81, 51.18, 0, 0],
		[353, "USB1_B4", 1490.94, 416.59, "B", "SMD", "5V", "", "R", 11.81, 51.18, 0, 0],
		[354, "USB1_B5", 1471.26, 416.59, "B", "SMD", "$1N42156", "", "R", 11.81, 51.18, 0, 0],
		[355, "USB1_B6", 1431.89, 416.59, "B", "SMD", "IO20", "", "R", 11.81, 51.18, 0, 0],
		[356, "USB1_B7", 1372.83, 416.59, "B", "SMD", "IO19", "", "R", 11.81, 51.18, 0, 0],
		[357, "USB1_B8", 1333.46, 416.59, "B", "SMD", "USB1_B8", "", "R", 11.81, 51.18, 0, 0],
		[358, "USB1_B9", 1313.78, 416.59, "B", "SMD", "5V", "", "R", 11.81, 51.18, 0, 0]
	]
}
}