{
"lengthUnit": "mil",
"components": {
	"fields": ["COMPONENT_NO", "COMPONENT_NAME", "LAYER", "X_COORDINATE", "Y_COORDINATE", "ANGLE"],
	"rows": [
		[1, "C1", "T", 787.4, 1722.44, 0],
		[2, "C2", "T", 1033.46, 1722.44, 0],
		[3, "C3", "T", 1476.38, 1870.07, 0],
		[4, "LED1", "T", 1240, 1640, 90],
		[5, "R1", "T", 1033.46, 1525.59, 0],
		[6, "R2", "T", 1476.38, 1673.22, 0],
		[7, "R3", "T", 770, 1905, 0],
		[8, "U1", "T", 1181.1, 2066.93, 180],
		[9, "U2", "T", 1574.8, 2165.35, 0],
		[10, "U3", "T", 787.4, 2165.35, 0],
		[11, "U4", "T", 787.4, 1377.95, 0],
		[12, "U5", "T", 1574.8, 1377.95, 0],
		[13, "USB1", "T", 1181.1, 1377.95, 0],
		[14, "PAD1", "T", 1193.41, 1537.89, 0],
		[15, "PAD1", "B", 1193.41, 1537.89, 0],
		[16, "PAD2", "T", 1144.19, 1513.29, 0],
		[17, "PAD2", "B", 1144.19, 1513.29, 0],
		[18, "PAD3", "T", 1230.32, 1525.59, 0],
		[19, "PAD3", "B", 1230.32, 1525.59, 0],
		[20, "PAD4", "T", 904.9, 1771.65, 0],
		[21, "PAD4", "B", 904.9, 1771.65, 0],
		[22, "PAD5", "T", 1513.29, 1796.26, 0],
		[23, "PAD5", "B", 1513.29, 1796.26, 0],
		[24, "PAD6", "T", 1082.67, 1574.8, 0],
		[25, "PAD6", "B", 1082.67, 1574.8, 0],
		[26, "PAD7", "T", 1168.8, 1488.68, 0],
		[27, "PAD7", "B", 1168.8, 1488.68, 0],
		[28, "PAD8", "T", 1144.19, 1537.89, 0],
		[29, "PAD8", "B", 1144.19, 1537.89, 0],
		[30, "PAD9", "T", 730.63, 1834.37, 0],
		[31, "PAD9", "B", 730.63, 1834.37, 0],
		[32, "PAD10", "T", 765, 1800, 0],
		[33, "PAD10", "B", 765, 1800, 0]
	]
},
"pins": {
	"fields": ["PIN_NO", "PIN_NAME", "PIN_X", "PIN_Y", "LAYER", "PIN_TYPE", "NET_NAME", "NET_TYPE", "PAD_SHAPE", "PAD_SIZEX", "PAD_SIZEY", "HOLE_SIZE", "PAD_ANGLE"],
	"rows": [
		[1, "C1_1", 748.03, 1722.44, "T", "SMD", "GND", "GND", "R", 55.51, 53.15, 0, 0],
		[2, "C1_2", 826.77, 1722.44, "T", "SMD", "+5V", "", "R", 55.51, 53.15, 0, 0],
		[3, "C2_1", 994.09, 1722.44, "T", "SMD", "GND", "GND", "R", 55.51, 53.15, 0, 0],
		[4, "C2_2", 1072.83, 1722.44, "T", "SMD", "+5V", "", "R", 55.51, 53.15, 0, 0],
		[5, "C3_1", 1437, 1870.07, "T", "SMD", "GND", "GND", "R", 55.51, 53.15, 0, 0],
		[6, "C3_2", 1515.74, 1870.07, "T", "SMD", "+5V", "", "R", 55.51, 53.15, 0, 0],
		[7, "LED1_1", 1240, 1681.35, "T", "SMD", "DIODE", "", "R", 39.37, 55.1, 0, 270],
		[8, "LED1_2", 1240, 1598.65, "T", "SMD", "GND", "GND", "R", 39.37, 55.1, 0, 270],
		[9, "R1_1", 994.09, 1525.59, "T", "SMD", "GND", "GND", "R", 44.59, 54.21, 0, 0],
		[10, "R1_2", 1072.83, 1525.59, "T", "SMD", "CC2", "", "R", 44.59, 54.21, 0, 0],
		[11, "R2_1", 1437, 1673.22, "T", "SMD", "GND", "GND", "R", 44.59, 54.21, 0, 0],
		[12, "R2_2", 1515.74, 1673.22, "T", "SMD", "CC1", "", "R", 44.59, 54.21, 0, 0],
		[13, "R3_1", 730.63, 1905, "T", "SMD", "DIODE", "", "R", 44.59, 54.21, 0, 0],
		[14, "R3_2", 809.37, 1905, "T", "DIP", "+5V", "", "R", 44.59, 54.21, 26.8, 0],
		[15, "R3_2", 809.37, 1905, "B", "DIP", "+5V", "", "R", 44.59, 54.21, 26.8, 0],
		[16, "U1_1", 1281.1, 2066.92, "T", "DIP", "+5V", "", "R", 86.61, 86.61, 59.06, 180],
		[17, "U1_1", 1281.1, 2066.92, "B", "DIP", "+5V", "", "R", 86.61, 86.61, 59.06, 180],
		[18, "U1_2", 1081.1, 2066.92, "T", "DIP", "GND", "GND", "C", 86.61, 86.61, 59.06, 180],
		[19, "U1_2", 1081.1, 2066.92, "B", "DIP", "GND", "GND", "C", 86.61, 86.61, 59.06, 180],
		[20, "U2_2", 1574.8, 2165.35, "T", "DIP", "GND", "GND", "C", 295.27, 295.27, 106.3, 0],
		[21, "U2_2", 1574.8, 2165.35, "B", "DIP", "GND", "GND", "C", 295.27, 295.27, 106.3, 0],
		[22, "U3_2", 787.4, 2165.35, "T", "DIP", "GND", "GND", "C", 295.27, 295.27, 106.3, 0],
		[23, "U3_2", 787.4, 2165.35, "B", "DIP", "GND", "GND", "C", 295.27, 295.27, 106.3, 0],
		[24, "U4_2", 787.4, 1377.95, "T", "DIP", "GND", "GND", "C", 295.27, 295.27, 106.3, 0],
		[25, "U4_2", 787.4, 1377.95, "B", "DIP", "GND", "GND", "C", 295.27, 295.27, 106.3, 0],
		[26, "U5_2", 1574.8, 1377.95, "T", "DIP", "GND", "GND", "C", 295.27, 295.27, 106.3, 0],
		[27, "U5_2", 1574.8, 1377.95, "B", "DIP", "GND", "GND", "C", 295.27, 295.27, 106.3, 0],
		[28, "USB1_7", 1351.17, 1298.23, "T", "DIP", "GND", "GND", "O", 43.31, 66.93, 47.24, 0],
		[29, "USB1_7", 1351.17, 1298.23, "B", "DIP", "GND", "GND", "O", 43.31, 66.93, 47.24, 0],
		[30, "USB1_8", 1011.02, 1298.23, "T", "DIP", "GND", "GND", "O", 43.31, 66.93, 47.24, 0],
		[31, "USB1_8", 1011.02, 1298.23, "B", "DIP", "GND", "GND", "O", 43.31, 66.93, 47.24, 0],
		[32, "USB1_9", 1351.17, 1447.84, "T", "DIP", "GND", "GND", "O", 43.31, 66.93, 47.24, 0],
		[33, "USB1_9", 1351.17, 1447.84, "B", "DIP", "GND", "GND", "O", 43.31, 66.93, 47.24, 0],
		[34, "USB1_10", 1011.02, 1447.84, "T", "DIP", "GND", "GND", "O", 43.31, 66.93, 47.24, 0],
		[35, "USB1_10", 1011.02, 1447.84, "B", "DIP", "GND", "GND", "O", 43.31, 66.93, 47.24, 0],
		[36, "USB1_A12", 1287.39, 1457.68, "T", "SMD", "GND", "GND", "R", 31.5, 47.24, 0, 0],
		[37, "USB1_A5", 1161.41, 1457.68, "T", "SMD", "CC1", "", "R", 27.56, 47.24, 0, 0],
		[38, "USB1_A9", 1240.15, 1457.68, "T", "SMD", "+5V", "", "R", 27.56, 47.24, 0, 0],
		[39, "USB1_B12", 1074.8, 1457.68, "T", "SMD", "GND", "GND", "R", 31.5, 47.24, 0, 0],
		[40, "USB1_B5", 1200.78, 1457.68, "T", "SMD", "CC2", "", "R", 27.56, 47.24, 0, 0],
		[41, "USB1_B9", 1122.04, 1457.68, "T", "SMD", "+5V", "", "R", 27.56, 47.24, 0, 0],
		[42, "PAD1_4", 1193.41, 1537.89, "T", "DIP", "CC2", "", "C", 11.81, 11.81, 7.87, 0],
		[43, "PAD1_4", 1193.41, 1537.89, "B", "DIP", "CC2", "", "C", 11.81, 11.81, 7.87, 0],
		[44, "PAD2_4", 1144.19, 1513.29, "T", "DIP", "+5V", "", "C", 11.81, 11.81, 7.87, 0],
		[45, "PAD2_4", 1144.19, 1513.29, "B", "DIP", "+5V", "", "C", 11.81, 11.81, 7.87, 0],
		[46, "PAD3_4", 1230.32, 1525.59, "T", "DIP", "+5V", "", "C", 11.81, 11.81, 7.87, 0],
		[47, "PAD3_4", 1230.32, 1525.59, "B", "DIP", "+5V", "", "C", 11.81, 11.81, 7.87, 0],
		[48, "PAD4_4", 904.9, 1771.65, "T", "DIP", "+5V", "", "C", 11.81, 11.81, 7.87, 0],
		[49, "PAD4_4", 904.9, 1771.65, "B", "DIP", "+5V", "", "C", 11.81, 11.81, 7.87, 0],
		[50, "PAD5_4", 1513.29, 1796.26, "T", "DIP", "+5V", "", "C", 11.81, 11.81, 7.87, 0],
		[51, "PAD5_4", 1513.29, 1796.26, "B", "DIP", "+5V", "", "C", 11.81, 11.81, 7.87, 0],
		[52, "PAD6_4", 1082.67, 1574.8, "T", "DIP", "CC2", "", "C", 11.81, 11.81, 7.87, 0],
		[53, "PAD6_4", 1082.67, 1574.8, "B", "DIP", "CC2", "", "C", 11.81, 11.81, 7.87, 0],
		[54, "PAD7_1", 1168.8, 1488.68, "T", "DIP", "CC1", "", "C", 11.81, 11.81, 3.94, 0],
		[55, "PAD7_1", 1168.8, 1488.68, "B", "DIP", "CC1", "", "C", 11.81, 11.81, 3.94, 0],
		[56, "PAD8_1", 1144.19, 1537.89, "T", "DIP", "CC2", "", "C", 11.81, 11.81, 3.94, 0],
		[57, "PAD8_1", 1144.19, 1537.89, "B", "DIP", "CC2", "", "C", 11.81, 11.81, 3.94, 0],
		[58, "PAD9_1", 730.63, 1834.37, "T", "DIP", "DIODE", "", "C", 11.81, 11.81, 3.94, 0],
		[59, "PAD9_1", 730.63, 1834.37, "B", "DIP", "DIODE", "", "C", 11.81, 11.81, 3.94, 0],
		[60, "PAD10_2", 765, 1800, "T", "DIP", "DIODE", "", "C", 11.81, 11.81, 3.94, 0],
		[61, "PAD10_2", 765, 1800, "B", "DIP", "DIODE", "", "C", 11.81, 11.81, 3.94, 0]
	]
}
}