{
"lengthUnit": "mil",
"components": {
	"fields": ["COMPONENT_NO", "COMPONENT_NAME", "LAYER", "X_COORDINATE", "Y_COORDINATE", "ANGLE"],
	"rows": [
		[1, "C1", "T", 805, -1145, 0],
		[2, "C2", "T", 1474.62, -1118.63, 0],
		[3, "C3", "T", 95, -1125, 0],
		[4, "C4", "T", 1072.52, -749.43, 0],
		[5, "C5", "T", 1494.26, -1555.44, 0],
		[6, "C6", "T", 295, -1115, 0],
		[7, "C7", "T", 140, -1635, 0],
		[8, "C8", "T", 348, -1627.84, 0],
		[9, "C9", "T", 677.13, -1752.84, 0],
		[10, "C10", "T", 128, -1885.16, 0],
		[11, "C11", "T", 352.13, -1885.16, 0],
		[12, "C12", "T", 687.37, -1628.37, 0],
		[13, "C13", "T", 525.98, -1628.37, 0],
		[14, "C14", "T", 685.11, -1888.97, 0],
		[15, "C15", "T", 139.51, -1758.97, 0],
		[16, "C16", "T", 1340, -1560, 0],
		[17, "C17", "T", 855.63, -1865.76, 0],
		[18, "C18", "T", 510, -1880, 0],
		[19, "C19", "T", 860, -1610, 0],
		[20, "CN1", "T", 1325, -1740, 270],
		[21, "D1", "T", 1140, -1160, 0],
		[22, "D2", "T", 1072.52, -888.49, 0],
		[23, "D3", "T", 1080, -1000, 0],
		[24, "D4", "T", 520, -1755, 0],
		[25, "H1", "T", 893, -801.79, 90],
		[26, "R1", "T", 1191.07, -591.79, 0],
		[27, "R2", "T", 608.49, -1135.27, 0],
		[28, "R3", "T", 608.49, -1212.97, 0],
		[29, "R5", "T", 1479.62, -1252.97, 0],
		[30, "R6", "T", 352.57, -1748.97, 0],
		[31, "R7", "T", 837.57, -1723.97, 0],
		[32, "SW1", "T", 655, -1380, 0],
		[33, "SW2", "T", 1505, -1395, 0],
		[34, "U1", "T", 430, -640, 0],
		[35, "U2", "T", 1145, -1395, 0],
		[36, "U3", "T", 1040, -395, 0],
		[37, "U4", "T", 285, -1390, 0],
		[38, "USB1", "T", 1495, -850, 90]
	]
},
"pins": {
	"fields": ["PIN_NO", "PIN_NAME", "PIN_X", "PIN_Y", "LAYER", "PIN_TYPE", "NET_NAME", "NET_TYPE", "PAD_SHAPE", "PAD_SIZEX", "PAD_SIZEY", "HOLE_SIZE", "PAD_ANGLE"],
	"rows": [
		[1, "C1_1", 777.44, -1145, "T", "SMD", "+5V", "", "R", 31.5, 35.43, 0, 0],
		[2, "C1_2", 832.56, -1145, "T", "SMD", "GND", "GND", "R", 31.5, 35.43, 0, 0],
		[3, "C2_1", 1447.06, -1118.63, "T", "SMD", "VCC", "", "R", 31.5, 35.43, 0, 0],
		[4, "C2_2", 1502.18, -1118.63, "T", "SMD", "GND", "GND", "R", 31.5, 35.43, 0, 0],
		[5, "C3_1", 67.44, -1125, "T", "SMD", "VCC", "", "R", 31.5, 35.43, 0, 0],
		[6, "C3_2", 122.56, -1125, "T", "SMD", "GND", "GND", "R", 31.5, 35.43, 0, 0],
		[7, "C4_1", 1044.96, -749.43, "T", "SMD", "EN", "", "R", 31.5, 35.43, 0, 0],
		[8, "C4_2", 1100.08, -749.43, "T", "SMD", "GND", "GND", "R", 31.5, 35.43, 0, 0],
		[9, "C5_1", 1466.7, -1555.44, "T", "SMD", "$1N1952", "", "R", 31.5, 35.43, 0, 0],
		[10, "C5_2", 1521.82, -1555.44, "T", "SMD", "GND", "GND", "R", 31.5, 35.43, 0, 0],
		[11, "C6_1", 267.44, -1115, "T", "SMD", "VCC", "", "R", 31.5, 35.43, 0, 0],
		[12, "C6_2", 322.56, -1115, "T", "SMD", "GND", "GND", "R", 31.5, 35.43, 0, 0],
		[13, "C7_1", 112.44, -1635, "T", "SMD", "VCC", "", "R", 31.5, 35.43, 0, 0],
		[14, "C7_2", 167.56, -1635, "T", "SMD", "GND", "GND", "R", 31.5, 35.43, 0, 0],
		[15, "C8_1", 320.44, -1627.84, "T", "SMD", "GND", "GND", "R", 31.5, 35.43, 0, 0],
		[16, "C8_2", 375.56, -1627.84, "T", "SMD", "VCC", "", "R", 31.5, 35.43, 0, 0],
		[17, "C9_1", 649.57, -1752.84, "T", "SMD", "GND", "GND", "R", 31.5, 35.43, 0, 0],
		[18, "C9_2", 704.69, -1752.84, "T", "SMD", "VCC", "", "R", 31.5, 35.43, 0, 0],
		[19, "C10_1", 100.44, -1885.16, "T", "SMD", "$1N5599", "", "R", 31.5, 35.43, 0, 0],
		[20, "C10_2", 155.56, -1885.16, "T", "SMD", "GND", "GND", "R", 31.5, 35.43, 0, 0],
		[21, "C11_1", 324.57, -1885.16, "T", "SMD", "$1N5599", "", "R", 31.5, 35.43, 0, 0],
		[22, "C11_2", 379.69, -1885.16, "T", "SMD", "GND", "GND", "R", 31.5, 35.43, 0, 0],
		[23, "C12_1", 659.81, -1628.37, "T", "SMD", "AVCC", "", "R", 31.5, 35.43, 0, 0],
		[24, "C12_2", 714.93, -1628.37, "T", "SMD", "AGND", "", "R", 31.5, 35.43, 0, 0],
		[25, "C13_1", 498.42, -1628.37, "T", "SMD", "AVCC", "", "R", 31.5, 35.43, 0, 0],
		[26, "C13_2", 553.54, -1628.37, "T", "SMD", "AGND", "", "R", 31.5, 35.43, 0, 0],
		[27, "C14_1", 657.55, -1888.97, "T", "SMD", "$1N6006", "", "R", 31.5, 35.43, 0, 0],
		[28, "C14_2", 712.67, -1888.97, "T", "SMD", "$1N6011", "", "R", 31.5, 35.43, 0, 0],
		[29, "C15_1", 111.95, -1758.97, "T", "SMD", "AGND", "", "R", 31.5, 35.43, 0, 0],
		[30, "C15_2", 167.07, -1758.97, "T", "SMD", "$1N6124", "", "R", 31.5, 35.43, 0, 0],
		[31, "C16_1", 1312.44, -1560, "T", "SMD", "$1N6150", "", "R", 31.5, 35.43, 0, 0],
		[32, "C16_2", 1367.56, -1560, "T", "SMD", "AGND", "", "R", 31.5, 35.43, 0, 0],
		[33, "C17_1", 828.07, -1865.76, "T", "SMD", "AVCC", "", "R", 31.5, 35.43, 0, 0],
		[34, "C17_2", 883.19, -1865.76, "T", "SMD", "$1N6258", "", "R", 31.5, 35.43, 0, 0],
		[35, "C18_1", 482.44, -1880, "T", "SMD", "AVCC", "", "R", 31.5, 35.43, 0, 0],
		[36, "C18_2", 537.56, -1880, "T", "SMD", "$1N6258", "", "R", 31.5, 35.43, 0, 0],
		[37, "C19_1", 832.44, -1610, "T", "SMD", "$1N6006", "", "R", 31.5, 35.43, 0, 0],
		[38, "C19_2", 887.56, -1610, "T", "SMD", "$1N6258", "", "R", 31.5, 35.43, 0, 0],
		[39, "CN1_1", 1165.55, -1621.89, "T", "SMD", "AGND", "", "R", 118.11, 55.12, 0, 270],
		[40, "CN1_2", 1484.45, -1858.11, "T", "SMD", "PLUGGED", "", "R", 118.11, 55.12, 0, 270],
		[41, "CN1_3", 1366.34, -1858.11, "T", "SMD", "$1N6124", "", "R", 118.11, 55.12, 0, 270],
		[42, "CN1_4", 1208.86, -1858.11, "T", "SMD", "$1N6150", "", "R", 118.11, 55.12, 0, 270],
		[43, "D1_1", 968.74, -1160, "T", "DIP", "+5V", "", "C", 70.87, 70.87, 39.37, 0],
		[44, "D1_1", 968.74, -1160, "B", "DIP", "+5V", "", "C", 70.87, 70.87, 39.37, 0],
		[45, "D1_2", 1311.26, -1160, "T", "DIP", "$1N2265", "", "C", 70.87, 70.87, 39.37, 0],
		[46, "D1_2", 1311.26, -1160, "B", "DIP", "$1N2265", "", "C", 70.87, 70.87, 39.37, 0],
		[47, "D2_1", 1042.99, -888.49, "T", "SMD", "GND", "GND", "R", 23.62, 15.75, 0, 0],
		[48, "D2_2", 1102.04, -888.49, "T", "SMD", "USB+", "", "R", 23.62, 15.75, 0, 180],
		[49, "D3_1", 1050.47, -1000, "T", "SMD", "GND", "GND", "R", 23.62, 15.75, 0, 0],
		[50, "D3_2", 1109.52, -1000, "T", "SMD", "USB-", "", "R", 23.62, 15.75, 0, 180],
		[51, "D4_1", 490.47, -1755, "T", "SMD", "GND", "GND", "R", 23.62, 15.75, 0, 0],
		[52, "D4_2", 549.53, -1755, "T", "SMD", "$1N2265", "", "R", 23.62, 15.75, 0, 180],
		[53, "H1_1", 893, -951.79, "T", "DIP", "VCC", "", "R", 66.93, 66.93, 43.31, 90],
		[54, "H1_1", 893, -951.79, "B", "DIP", "VCC", "", "R", 66.93, 66.93, 43.31, 90],
		[55, "H1_2", 893, -851.79, "T", "DIP", "$1N2152", "", "C", 66.93, 66.93, 43.31, 90],
		[56, "H1_2", 893, -851.79, "B", "DIP", "$1N2152", "", "C", 66.93, 66.93, 43.31, 90],
		[57, "H1_3", 893, -751.79, "T", "DIP", "$1N2156", "", "C", 66.93, 66.93, 43.31, 90],
		[58, "H1_3", 893, -751.79, "B", "DIP", "$1N2156", "", "C", 66.93, 66.93, 43.31, 90],
		[59, "H1_4", 893, -651.79, "T", "DIP", "GND", "GND", "C", 66.93, 66.93, 43.31, 90],
		[60, "H1_4", 893, -651.79, "B", "DIP", "GND", "GND", "C", 66.93, 66.93, 43.31, 90],
		[61, "R1_1", 1161.41, -591.79, "T", "SMD", "EN", "", "R", 31.75, 34.02, 0, 0],
		[62, "R1_2", 1220.73, -591.79, "T", "SMD", "VCC", "", "R", 31.75, 34.02, 0, 0],
		[63, "R2_1", 578.83, -1135.27, "T", "SMD", "BOOT", "", "R", 31.75, 34.02, 0, 0],
		[64, "R2_2", 638.15, -1135.27, "T", "SMD", "VCC", "", "R", 31.75, 34.02, 0, 0],
		[65, "R3_1", 578.83, -1212.97, "T", "SMD", "$1N1748", "", "R", 31.75, 34.02, 0, 0],
		[66, "R3_2", 638.15, -1212.97, "T", "SMD", "BOOT", "", "R", 31.75, 34.02, 0, 0],
		[67, "R5_1", 1449.96, -1252.97, "T", "SMD", "$1N1952", "", "R", 31.75, 34.02, 0, 0],
		[68, "R5_2", 1509.28, -1252.97, "T", "SMD", "EN", "", "R", 31.75, 34.02, 0, 0],
		[69, "R6_1", 322.91, -1748.97, "T", "SMD", "$1N6092", "", "R", 31.75, 34.02, 0, 0],
		[70, "R6_2", 382.23, -1748.97, "T", "SMD", "$1N6124", "", "R", 31.75, 34.02, 0, 0],
		[71, "R7_1", 807.91, -1723.97, "T", "SMD", "$1N6096", "", "R", 31.75, 34.02, 0, 0],
		[72, "R7_2", 867.23, -1723.97, "T", "SMD", "$1N6150", "", "R", 31.75, 34.02, 0, 0],
		[73, "SW1_1", 568.98, -1380, "T", "SMD", "GND", "GND", "R", 48.42, 53.54, 0, 0],
		[74, "SW1_2", 741.02, -1380, "T", "SMD", "$1N1748", "", "R", 48.42, 53.54, 0, 0],
		[75, "SW2_1", 1418.98, -1395, "T", "SMD", "GND", "GND", "R", 48.42, 53.54, 0, 0],
		[76, "SW2_2", 1591.02, -1395, "T", "SMD", "$1N1952", "", "R", 48.42, 53.54, 0, 0],
		[77, "U1_1", 85.51, -289.81, "T", "SMD", "GND", "GND", "R", 59.05, 35.43, 0, 0],
		[78, "U1_2", 85.51, -339.81, "T", "SMD", "VCC", "", "R", 59.05, 35.43, 0, 0],
		[79, "U1_3", 85.51, -389.81, "T", "SMD", "EN", "", "R", 59.05, 35.43, 0, 0],
		[80, "U1_4", 85.51, -439.81, "T", "SMD", "U1_4", "", "R", 59.05, 35.43, 0, 0],
		[81, "U1_5", 85.51, -489.81, "T", "SMD", "U1_5", "", "R", 59.05, 35.43, 0, 0],
		[82, "U1_6", 85.51, -539.81, "T", "SMD", "U1_6", "", "R", 59.05, 35.43, 0, 0],
		[83, "U1_7", 85.51, -589.81, "T", "SMD", "U1_7", "", "R", 59.05, 35.43, 0, 0],
		[84, "U1_8", 85.51, -639.81, "T", "SMD", "TOSLINK", "", "R", 59.05, 35.43, 0, 0],
		[85, "U1_9", 85.51, -689.81, "T", "SMD", "U1_9", "", "R", 59.05, 35.43, 0, 0],
		[86, "U1_10", 85.51, -739.81, "T", "SMD", "U1_10", "", "R", 59.05, 35.43, 0, 0],
		[87, "U1_11", 85.51, -789.81, "T", "SMD", "U1_11", "", "R", 59.05, 35.43, 0, 0],
		[88, "U1_12", 85.51, -839.81, "T", "SMD", "U1_12", "", "R", 59.05, 35.43, 0, 0],
		[89, "U1_13", 85.51, -889.81, "T", "SMD", "USB-", "", "R", 59.05, 35.43, 0, 0],
		[90, "U1_14", 85.51, -939.81, "T", "SMD", "USB+", "", "R", 59.05, 35.43, 0, 0],
		[91, "U1_15", 155, -990.19, "T", "SMD", "U1_15", "", "R", 59.05, 35.43, 0, 90],
		[92, "U1_16", 205, -990.19, "T", "SMD", "U1_16", "", "R", 59.05, 35.43, 0, 90],
		[93, "U1_17", 255, -990.19, "T", "SMD", "U1_17", "", "R", 59.05, 35.43, 0, 90],
		[94, "U1_18", 305, -990.19, "T", "SMD", "U1_18", "", "R", 59.05, 35.43, 0, 90],
		[95, "U1_19", 355, -990.19, "T", "SMD", "U1_19", "", "R", 59.05, 35.43, 0, 90],
		[96, "U1_20", 405, -990.19, "T", "SMD", "U1_20", "", "R", 59.05, 35.43, 0, 90],
		[97, "U1_21", 455, -990.19, "T", "SMD", "U1_21", "", "R", 59.05, 35.43, 0, 90],
		[98, "U1_22", 505, -990.19, "T", "SMD", "U1_22", "", "R", 59.05, 35.43, 0, 90],
		[99, "U1_23", 555, -990.19, "T", "SMD", "U1_23", "", "R", 59.05, 35.43, 0, 90],
		[100, "U1_24", 605, -990.19, "T", "SMD", "U1_24", "", "R", 59.05, 35.43, 0, 90],
		[101, "U1_25", 655, -990.19, "T", "SMD", "U1_25", "", "R", 59.05, 35.43, 0, 90],
		[102, "U1_26", 705, -989.01, "T", "SMD", "PLUGGED", "", "R", 59.05, 35.43, 0, 90],
		[103, "U1_27", 774.49, -939.81, "T", "SMD", "BOOT", "", "R", 59.05, 35.43, 0, 180],
		[104, "U1_28", 774.49, -889.81, "T", "SMD", "U1_28", "", "R", 59.05, 35.43, 0, 180],
		[105, "U1_29", 774.49, -839.81, "T", "SMD", "MUTE", "", "R", 59.05, 35.43, 0, 180],
		[106, "U1_30", 774.49, -789.81, "T", "SMD", "I2S_BCK", "", "R", 59.05, 35.43, 0, 180],
		[107, "U1_31", 774.49, -739.81, "T", "SMD", "I2S_DIN", "", "R", 59.05, 35.43, 0, 180],
		[108, "U1_32", 774.49, -689.81, "T", "SMD", "I2S_LRCK", "", "R", 59.05, 35.43, 0, 180],
		[109, "U1_33", 774.49, -639.81, "T", "SMD", "U1_33", "", "R", 59.05, 35.43, 0, 180],
		[110, "U1_34", 774.49, -589.81, "T", "SMD", "U1_34", "", "R", 59.05, 35.43, 0, 180],
		[111, "U1_35", 774.49, -539.81, "T", "SMD", "U1_35", "", "R", 59.05, 35.43, 0, 180],
		[112, "U1_36", 774.49, -489.81, "T", "SMD", "$1N2156", "", "R", 59.05, 35.43, 0, 180],
		[113, "U1_37", 774.49, -439.81, "T", "SMD", "$1N2152", "", "R", 59.05, 35.43, 0, 180],
		[114, "U1_38", 774.49, -389.81, "T", "SMD", "U1_38", "", "R", 59.05, 35.43, 0, 180],
		[115, "U1_39", 774.49, -339.81, "T", "SMD", "U1_39", "", "R", 59.05, 35.43, 0, 180],
		[116, "U1_40", 774.49, -289.81, "T", "SMD", "GND", "GND", "R", 59.05, 35.43, 0, 180],
		[117, "U1_41", 426.06, -648.87, "T", "SMD", "GND", "GND", "R", 35.43, 35.43, 0, 90],
		[118, "U1_41", 370.94, -648.87, "T", "SMD", "GND", "GND", "R", 35.43, 35.43, 0, 90],
		[119, "U1_41", 315.82, -648.87, "T", "SMD", "GND", "GND", "R", 35.43, 35.43, 0, 90],
		[120, "U1_41", 315.82, -538.63, "T", "SMD", "GND", "GND", "R", 35.43, 35.43, 0, 90],
		[121, "U1_41", 370.94, -538.63, "T", "SMD", "GND", "GND", "R", 35.43, 35.43, 0, 90],
		[122, "U1_41", 426.06, -538.63, "T", "SMD", "GND", "GND", "R", 35.43, 35.43, 0, 90],
		[123, "U1_41", 426.06, -593.75, "T", "SMD", "GND", "GND", "R", 35.43, 35.43, 0, 90],
		[124, "U1_41", 315.82, -593.75, "T", "SMD", "GND", "GND", "R", 35.43, 35.43, 0, 90],
		[125, "U1_41", 370.94, -593.75, "T", "SMD", "GND", "GND", "R", 35.43, 35.43, 0, 90],
		[126, "U2_1", 1045, -1394.81, "T", "DIP", "GND", "GND", "R", 70.87, 102.36, 47.24, 0],
		[127, "U2_1", 1045, -1394.81, "B", "DIP", "GND", "GND", "R", 70.87, 102.36, 47.24, 0],
		[128, "U2_2", 1145, -1394.81, "T", "DIP", "VCC", "", "O", 70.87, 102.36, 47.24, 0],
		[129, "U2_2", 1145, -1394.81, "B", "DIP", "VCC", "", "O", 70.87, 102.36, 47.24, 0],
		[130, "U2_3", 1245, -1395.19, "T", "DIP", "+5V", "", "O", 70.87, 102.36, 47.24, 0],
		[131, "U2_3", 1245, -1395.19, "B", "DIP", "+5V", "", "O", 70.87, 102.36, 47.24, 0],
		[132, "U3_1", 1140, -446.57, "T", "DIP", "TOSLINK", "", "R", 55.12, 55.12, 35.43, 0],
		[133, "U3_1", 1140, -446.57, "B", "DIP", "TOSLINK", "", "R", 55.12, 55.12, 35.43, 0],
		[134, "U3_2", 1040, -446.57, "T", "DIP", "VCC", "", "C", 55.12, 55.12, 35.43, 0],
		[135, "U3_2", 1040, -446.57, "B", "DIP", "VCC", "", "C", 55.12, 55.12, 35.43, 0],
		[136, "U3_3", 940, -446.57, "T", "DIP", "GND", "GND", "C", 55.12, 55.12, 35.43, 0],
		[137, "U3_3", 940, -446.57, "B", "DIP", "GND", "GND", "C", 55.12, 55.12, 35.43, 0],
		[138, "U3_4", 1140, -343.43, "T", "DIP", "U3_4", "", "C", 70.87, 70.87, 47.24, 0],
		[139, "U3_4", 1140, -343.43, "B", "DIP", "U3_4", "", "C", 70.87, 70.87, 47.24, 0],
		[140, "U3_5", 940, -343.43, "T", "DIP", "U3_5", "", "C", 70.87, 70.87, 47.24, 0],
		[141, "U3_5", 940, -343.43, "B", "DIP", "U3_5", "", "C", 70.87, 70.87, 47.24, 0],
		[142, "U4_1", 169.84, -1503.03, "T", "SMD", "AVCC", "", "O", 14.33, 68.58, 0, 0],
		[143, "U4_2", 195.43, -1503.03, "T", "SMD", "$1N6011", "", "O", 14.33, 68.58, 0, 0],
		[144, "U4_3", 221.02, -1503.03, "T", "SMD", "$1N6258", "", "O", 14.33, 68.58, 0, 0],
		[145, "U4_4", 246.61, -1503.03, "T", "SMD", "$1N6006", "", "O", 14.33, 68.58, 0, 0],
		[146, "U4_5", 272.21, -1503.03, "T", "SMD", "$1N6006", "", "O", 14.33, 68.58, 0, 0],
		[147, "U4_6", 297.8, -1503.03, "T", "SMD", "$1N6096", "", "O", 14.33, 68.58, 0, 0],
		[148, "U4_7", 323.39, -1503.03, "T", "SMD", "$1N6092", "", "O", 14.33, 68.58, 0, 0],
		[149, "U4_8", 348.98, -1503.03, "T", "SMD", "AVCC", "", "O", 14.33, 68.58, 0, 0],
		[150, "U4_9", 374.57, -1503.03, "T", "SMD", "AGND", "", "O", 14.33, 68.58, 0, 0],
		[151, "U4_10", 400.16, -1503.03, "T", "SMD", "GND", "GND", "O", 14.33, 68.58, 0, 0],
		[152, "U4_11", 400.16, -1276.97, "T", "SMD", "GND", "GND", "O", 14.33, 68.58, 0, 0],
		[153, "U4_12", 374.57, -1276.97, "T", "SMD", "GND", "GND", "O", 14.33, 68.58, 0, 0],
		[154, "U4_13", 348.98, -1276.97, "T", "SMD", "I2S_BCK", "", "O", 14.33, 68.58, 0, 0],
		[155, "U4_14", 323.39, -1276.97, "T", "SMD", "I2S_DIN", "", "O", 14.33, 68.58, 0, 0],
		[156, "U4_15", 297.8, -1276.97, "T", "SMD", "I2S_LRCK", "", "O", 14.33, 68.58, 0, 0],
		[157, "U4_16", 272.21, -1276.97, "T", "SMD", "GND", "GND", "O", 14.33, 68.58, 0, 0],
		[158, "U4_17", 246.61, -1276.97, "T", "SMD", "MUTE", "", "O", 14.33, 68.58, 0, 0],
		[159, "U4_18", 221.02, -1276.97, "T", "SMD", "$1N5599", "", "O", 14.33, 68.58, 0, 0],
		[160, "U4_19", 195.43, -1276.97, "T", "SMD", "GND", "GND", "O", 14.33, 68.58, 0, 0],
		[161, "U4_20", 169.84, -1276.97, "T", "SMD", "VCC", "", "O", 14.33, 68.58, 0, 0],
		[162, "USB1_1", 1432.15, -901.18, "T", "SMD", "$1N2265", "", "R", 62.99, 15.75, 0, 0],
		[163, "USB1_2", 1432.15, -875.59, "T", "SMD", "USB-", "", "R", 62.99, 15.75, 0, 0],
		[164, "USB1_3", 1432.15, -850, "T", "SMD", "USB+", "", "R", 62.99, 15.75, 0, 0],
		[165, "USB1_4", 1432.15, -824.41, "T", "SMD", "USB1_4", "", "R", 62.99, 15.75, 0, 0],
		[166, "USB1_5", 1432.15, -798.82, "T", "SMD", "GND", "GND", "R", 62.99, 15.75, 0, 0],
		[167, "USB1_6", 1452.72, -754.53, "T", "DIP", "USB1_6", "", "C", 51.18, 51.18, 27.56, 90],
		[168, "USB1_6", 1452.72, -754.53, "B", "DIP", "USB1_6", "", "C", 51.18, 51.18, 27.56, 90],
		[169, "USB1_7", 1557.85, -707.29, "T", "DIP", "USB1_7", "", "O", 51.18, 70.87, 43.31, 90],
		[170, "USB1_7", 1557.85, -707.29, "B", "DIP", "USB1_7", "", "O", 51.18, 70.87, 43.31, 90],
		[171, "USB1_8", 1557.85, -992.71, "T", "DIP", "USB1_8", "", "O", 51.18, 70.87, 43.31, 90],
		[172, "USB1_8", 1557.85, -992.71, "B", "DIP", "USB1_8", "", "O", 51.18, 70.87, 43.31, 90],
		[173, "USB1_9", 1452.73, -945.47, "T", "DIP", "USB1_9", "", "C", 51.18, 51.18, 27.56, 90],
		[174, "USB1_9", 1452.73, -945.47, "B", "DIP", "USB1_9", "", "C", 51.18, 51.18, 27.56, 90]
	]
}
}