﻿Designator,Mid X,Mid Y,Layer,Rotation,Package,Value
"at24c256","8.2948mm","-7.8783mm","Top",0,"",""
"BMP390","-10.41mm","2.35mm","Top",90,"",""
"Ctrl","18.65mm","-19.35mm","Top",0,"",""
"J1","-12.0071mm","32.8074mm","Top",0,"",""
"J2","11.2602mm","32.8074mm","Top",0,"",""
"J3","11.2708mm","25.0078mm","Top",270,"",""
"L9110","8.2948mm","4.8751mm","Top",0,"",""
"MPU6050","-11.9mm","8.685mm","Top",90,"",""
"Power","17.2825mm","-6.6083mm","Top",180,"BLACKSWIFT_GENERIC_LED_PTH_5MM",""
"R1","18.2402mm","-0.9499mm","Top",0,"","220Ω"
"R2","18.2402mm","6.6393mm","Top",0,"","220
Ω"
"R3","7.4502mm","21.4338mm","Top",0,"H_AXIAL-P7.62_D2.5","1MΩ"
"R4","7.4502mm","15.0122mm","Top",0,"H_AXIAL-P7.62_D2.5","1MΩ"
"Signal","17.2825mm","13.1403mm","Top",180,"BLACKSWIFT_GENERIC_LED_PTH_5MM",""
"TEENSY1","-4.7mm","-24.1mm","Top",90,"",""
"User","18.65mm","-27.75mm","Top",0,"",""
