{
"lengthUnit": "mil",
"components": {
	"fields": ["COMPONENT_NO", "COMPONENT_NAME", "LAYER", "X_COORDINATE", "Y_COORDINATE", "ANGLE"],
	"rows": [
		[1, "C1", "T", 765.53, 179.8, 180],
		[2, "U1", "T", 765.53, 294.8, 0],
		[3, "U2", "T", 763.16, 755.95, 0]
	]
},
"pins": {
	"fields": ["PIN_NO", "PIN_NAME", "PIN_X", "PIN_Y", "LAYER", "PIN_TYPE", "NET_NAME", "NET_TYPE", "PAD_SHAPE", "PAD_SIZEX", "PAD_SIZEY", "HOLE_SIZE", "PAD_ANGLE"],
	"rows": [
		[1, "C1_1", 786.99, 179.8, "T", "SMD", "U1_6", "", "R", 31.11, 21.26, 0, 180],
		[2, "C1_2", 744.07, 179.8, "T", "SMD", "U1_2", "", "R", 31.11, 21.26, 0, 180],
		[3, "U1_1", 741.9, 314.48, "T", "SMD", "U1_1", "", "R", 15.75, 11.02, 0, 0],
		[4, "U1_2", 741.9, 294.8, "T", "SMD", "U1_2", "", "R", 15.75, 8.66, 0, 0],
		[5, "U1_3", 741.9, 275.12, "T", "SMD", "U1_3", "", "R", 15.75, 8.66, 0, 0],
		[6, "U1_4", 765.53, 271.18, "T", "SMD", "U1_4", "", "R", 15.75, 8.66, 0, 90],
		[7, "U1_5", 789.15, 275.11, "T", "SMD", "U1_5", "", "R", 15.75, 8.66, 0, 0],
		[8, "U1_6", 789.15, 294.8, "T", "SMD", "U1_6", "", "R", 15.75, 8.66, 0, 0],
		[9, "U1_7", 789.15, 314.48, "T", "SMD", "U1_7", "", "R", 15.75, 8.66, 0, 0],
		[10, "U1_8", 765.53, 318.42, "T", "SMD", "U1_8", "", "R", 15.75, 8.66, 0, 90],
		[11, "U2_LA", 723.16, 795.95, "B", "SMD", "U1_1", "", "C", 19.68, 19.68, 0, 0],
		[12, "U2_LB", 723.16, 755.95, "B", "SMD", "U1_8", "", "C", 19.68, 19.68, 0, 0]
	]
}
}