{
"lengthUnit": "mil",
"components": {
	"fields": ["COMPONENT_NO", "COMPONENT_NAME", "LAYER", "X_COORDINATE", "Y_COORDINATE", "ANGLE"],
	"rows": [
		[1, "C1", "T", 735, 995, 0],
		[2, "C2", "T", 616.87, 997.41, 0],
		[3, "C5", "T", 865, 1960, 180],
		[4, "C6", "T", 870, 2065, 180],
		[5, "C7", "T", 1020, 1960, 180],
		[6, "C8", "T", 1025, 2065, 180],
		[7, "C9", "T", 705, 1960, 180],
		[8, "C10", "T", 710, 2065, 180],
		[9, "C11", "T", 1155, 1395, 0],
		[10, "C12", "T", 475, 1610, 0],
		[11, "C13", "T", 475, 1695, 0],
		[12, "C14", "T", 1155, 1310, 0],
		[13, "C15", "T", 2400, 890, 180],
		[14, "C16", "T", 2400, 970, 180],
		[15, "F1", "T", 340, 1695, 0],
		[16, "H1", "T", 1395, 2070, 0],
		[17, "H2", "T", 1890.54, 2069.62, 0],
		[18, "H3", "T", 2390, 2070, 0],
		[19, "H4", "T", 1545, 680, 0],
		[20, "H5", "T", 1000, 680, 0],
		[21, "H6", "T", 2485, 680, 0],
		[22, "LDO1", "T", 705, 1805, 0],
		[23, "LDO2", "T", 865, 1805, 0],
		[24, "LED2", "T", 272.53, 972.53, 0],
		[25, "LED3", "T", 270, 845, 0],
		[26, "LED4", "T", 145, 1755, 0],
		[27, "R1", "T", 335, 1610, 0],
		[28, "R2", "T", 315, 1150, 0],
		[29, "R5", "T", 109.63, 1068.96, 0],
		[30, "R6", "T", 109.63, 987.53, 0],
		[31, "R7", "T", 109.63, 834.62, 0],
		[32, "R8", "T", 109.63, 753.19, 0],
		[33, "R9", "T", 1155, 1475, 0],
		[34, "R10", "T", 1725, 925, 0],
		[35, "R11", "T", 1995, 925, 0],
		[36, "R12", "T", 2130, 925, 0],
		[37, "R13", "T", 1860, 925, 0],
		[38, "R14", "T", 145, 1875, 0],
		[39, "SK1", "T", 1980, 1380, 0],
		[40, "SW2", "T", 550, 770, 0],
		[41, "U2", "T", 705.64, 1397.88, 0],
		[42, "U3", "T", 1025, 1805, 270],
		[43, "USB1", "T", 135, 1380, 270],
		[44, "X1", "T", 475, 1065, 270]
	]
},
"pins": {
	"fields": ["PIN_NO", "PIN_NAME", "PIN_X", "PIN_Y", "LAYER", "PIN_TYPE", "NET_NAME", "NET_TYPE", "PAD_SHAPE", "PAD_SIZEX", "PAD_SIZEY", "HOLE_SIZE", "PAD_ANGLE"],
	"rows": [
		[1, "C1_1", 713.54, 995, "T", "SMD", "GND", "GND", "R", 31.11, 21.26, 0, 0],
		[2, "C1_2", 756.46, 995, "T", "SMD", "XO", "", "R", 31.11, 21.26, 0, 0],
		[3, "C2_1", 595.4, 997.41, "T", "SMD", "XI", "", "R", 31.11, 21.26, 0, 0],
		[4, "C2_2", 638.33, 997.41, "T", "SMD", "GND", "GND", "R", 31.11, 21.26, 0, 0],
		[5, "C5_1", 892.56, 1960, "T", "SMD", "GND", "GND", "R", 31.5, 35.43, 0, 180],
		[6, "C5_2", 837.44, 1960, "T", "SMD", "VIO", "", "R", 31.5, 35.43, 0, 180],
		[7, "C6_1", 897.56, 2065, "T", "SMD", "+5V", "", "R", 31.5, 35.43, 0, 180],
		[8, "C6_2", 842.44, 2065, "T", "SMD", "GND", "GND", "R", 31.5, 35.43, 0, 180],
		[9, "C7_1", 1047.56, 1960, "T", "SMD", "+5V", "", "R", 31.5, 35.43, 0, 180],
		[10, "C7_2", 992.44, 1960, "T", "SMD", "GND", "GND", "R", 31.5, 35.43, 0, 180],
		[11, "C8_1", 1052.56, 2065, "T", "SMD", "GND", "GND", "R", 31.5, 35.43, 0, 180],
		[12, "C8_2", 997.44, 2065, "T", "SMD", "VIO", "", "R", 31.5, 35.43, 0, 180],
		[13, "C9_1", 732.56, 1960, "T", "SMD", "GND", "GND", "R", 31.5, 35.43, 0, 180],
		[14, "C9_2", 677.44, 1960, "T", "SMD", "VCC", "", "R", 31.5, 35.43, 0, 180],
		[15, "C10_1", 737.56, 2065, "T", "SMD", "+5V", "", "R", 31.5, 35.43, 0, 180],
		[16, "C10_2", 682.44, 2065, "T", "SMD", "GND", "GND", "R", 31.5, 35.43, 0, 180],
		[17, "C11_1", 1127.44, 1395, "T", "SMD", "RST#", "", "R", 31.5, 35.43, 0, 0],
		[18, "C11_2", 1182.56, 1395, "T", "SMD", "GND", "GND", "R", 31.5, 35.43, 0, 0],
		[19, "C12_1", 447.44, 1610, "T", "SMD", "VIO", "", "R", 31.5, 35.43, 0, 0],
		[20, "C12_2", 502.56, 1610, "T", "SMD", "GND", "GND", "R", 31.5, 35.43, 0, 0],
		[21, "C13_1", 447.44, 1695, "T", "SMD", "VIO", "", "R", 31.5, 35.43, 0, 0],
		[22, "C13_2", 502.56, 1695, "T", "SMD", "GND", "GND", "R", 31.5, 35.43, 0, 0],
		[23, "C14_1", 1127.44, 1310, "T", "SMD", "VCC", "", "R", 31.5, 35.43, 0, 0],
		[24, "C14_2", 1182.56, 1310, "T", "SMD", "GND", "GND", "R", 31.5, 35.43, 0, 0],
		[25, "C15_1", 2427.56, 890, "T", "SMD", "VIO", "", "R", 31.5, 35.43, 0, 180],
		[26, "C15_2", 2372.44, 890, "T", "SMD", "GND", "GND", "R", 31.5, 35.43, 0, 180],
		[27, "C16_1", 2427.56, 970, "T", "SMD", "VIO", "", "R", 31.5, 35.43, 0, 180],
		[28, "C16_2", 2372.44, 970, "T", "SMD", "GND", "GND", "R", 31.5, 35.43, 0, 180],
		[29, "F1_1", 310.34, 1695, "T", "SMD", "USBC-5V", "", "R", 31.75, 34.02, 0, 0],
		[30, "F1_2", 369.66, 1695, "T", "SMD", "+5V", "", "R", 31.75, 34.02, 0, 0],
		[31, "H1_1", 1295, 2070, "T", "DIP", "+5V", "", "R", 66.93, 66.93, 43.31, 0],
		[32, "H1_1", 1295, 2070, "B", "DIP", "+5V", "", "R", 66.93, 66.93, 43.31, 0],
		[33, "H1_2", 1395, 2070, "T", "DIP", "+5V", "", "C", 66.93, 66.93, 43.31, 0],
		[34, "H1_2", 1395, 2070, "B", "DIP", "+5V", "", "C", 66.93, 66.93, 43.31, 0],
		[35, "H1_3", 1495, 2070, "T", "DIP", "+5V", "", "C", 66.93, 66.93, 43.31, 0],
		[36, "H1_3", 1495, 2070, "B", "DIP", "+5V", "", "C", 66.93, 66.93, 43.31, 0],
		[37, "H2_1", 1790.54, 2069.62, "T", "DIP", "VIO", "", "R", 66.93, 66.93, 43.31, 0],
		[38, "H2_1", 1790.54, 2069.62, "B", "DIP", "VIO", "", "R", 66.93, 66.93, 43.31, 0],
		[39, "H2_2", 1890.54, 2069.62, "T", "DIP", "VIO", "", "C", 66.93, 66.93, 43.31, 0],
		[40, "H2_2", 1890.54, 2069.62, "B", "DIP", "VIO", "", "C", 66.93, 66.93, 43.31, 0],
		[41, "H2_3", 1990.54, 2069.62, "T", "DIP", "VIO", "", "C", 66.93, 66.93, 43.31, 0],
		[42, "H2_3", 1990.54, 2069.62, "B", "DIP", "VIO", "", "C", 66.93, 66.93, 43.31, 0],
		[43, "H3_1", 2290, 2070, "T", "DIP", "GND", "GND", "R", 66.93, 66.93, 43.31, 0],
		[44, "H3_1", 2290, 2070, "B", "DIP", "GND", "GND", "R", 66.93, 66.93, 43.31, 0],
		[45, "H3_2", 2390, 2070, "T", "DIP", "GND", "GND", "C", 66.93, 66.93, 43.31, 0],
		[46, "H3_2", 2390, 2070, "B", "DIP", "GND", "GND", "C", 66.93, 66.93, 43.31, 0],
		[47, "H3_3", 2490, 2070, "T", "DIP", "GND", "GND", "C", 66.93, 66.93, 43.31, 0],
		[48, "H3_3", 2490, 2070, "B", "DIP", "GND", "GND", "C", 66.93, 66.93, 43.31, 0],
		[49, "H4_1", 1295, 680, "T", "DIP", "U0_TX", "", "R", 66.93, 66.93, 43.31, 0],
		[50, "H4_1", 1295, 680, "B", "DIP", "U0_TX", "", "R", 66.93, 66.93, 43.31, 0],
		[51, "H4_2", 1395, 680, "T", "DIP", "U0_RX", "", "C", 66.93, 66.93, 43.31, 0],
		[52, "H4_2", 1395, 680, "B", "DIP", "U0_RX", "", "C", 66.93, 66.93, 43.31, 0],
		[53, "H4_3", 1495, 680, "T", "DIP", "U0_RTS", "", "C", 66.93, 66.93, 43.31, 0],
		[54, "H4_3", 1495, 680, "B", "DIP", "U0_RTS", "", "C", 66.93, 66.93, 43.31, 0],
		[55, "H4_4", 1595, 680, "T", "DIP", "U0_CTS", "", "C", 66.93, 66.93, 43.31, 0],
		[56, "H4_4", 1595, 680, "B", "DIP", "U0_CTS", "", "C", 66.93, 66.93, 43.31, 0],
		[57, "H4_5", 1695, 680, "T", "DIP", "U0_DTR", "", "C", 66.93, 66.93, 43.31, 0],
		[58, "H4_5", 1695, 680, "B", "DIP", "U0_DTR", "", "C", 66.93, 66.93, 43.31, 0],
		[59, "H4_6", 1795, 680, "T", "DIP", "GND", "GND", "C", 66.93, 66.93, 43.31, 0],
		[60, "H4_6", 1795, 680, "B", "DIP", "GND", "GND", "C", 66.93, 66.93, 43.31, 0],
		[61, "H5_1", 900, 680, "T", "DIP", "U1_TX", "", "R", 66.93, 66.93, 43.31, 0],
		[62, "H5_1", 900, 680, "B", "DIP", "U1_TX", "", "R", 66.93, 66.93, 43.31, 0],
		[63, "H5_2", 1000, 680, "T", "DIP", "U1_RX", "", "C", 66.93, 66.93, 43.31, 0],
		[64, "H5_2", 1000, 680, "B", "DIP", "U1_RX", "", "C", 66.93, 66.93, 43.31, 0],
		[65, "H5_3", 1100, 680, "T", "DIP", "GND", "GND", "C", 66.93, 66.93, 43.31, 0],
		[66, "H5_3", 1100, 680, "B", "DIP", "GND", "GND", "C", 66.93, 66.93, 43.31, 0],
		[67, "H6_1", 2185, 680, "T", "DIP", "J_TDI", "", "R", 66.93, 66.93, 43.31, 0],
		[68, "H6_1", 2185, 680, "B", "DIP", "J_TDI", "", "R", 66.93, 66.93, 43.31, 0],
		[69, "H6_2", 2285, 680, "T", "DIP", "J_TDO", "", "C", 66.93, 66.93, 43.31, 0],
		[70, "H6_2", 2285, 680, "B", "DIP", "J_TDO", "", "C", 66.93, 66.93, 43.31, 0],
		[71, "H6_3", 2385, 680, "T", "DIP", "J_TMS", "", "C", 66.93, 66.93, 43.31, 0],
		[72, "H6_3", 2385, 680, "B", "DIP", "J_TMS", "", "C", 66.93, 66.93, 43.31, 0],
		[73, "H6_4", 2485, 680, "T", "DIP", "J_TCK", "", "C", 66.93, 66.93, 43.31, 0],
		[74, "H6_4", 2485, 680, "B", "DIP", "J_TCK", "", "C", 66.93, 66.93, 43.31, 0],
		[75, "H6_5", 2585, 680, "T", "DIP", "J_TRST", "", "C", 66.93, 66.93, 43.31, 0],
		[76, "H6_5", 2585, 680, "B", "DIP", "J_TRST", "", "C", 66.93, 66.93, 43.31, 0],
		[77, "H6_6", 2685, 680, "T", "DIP", "J_SRST", "", "C", 66.93, 66.93, 43.31, 0],
		[78, "H6_6", 2685, 680, "B", "DIP", "J_SRST", "", "C", 66.93, 66.93, 43.31, 0],
		[79, "H6_7", 2785, 680, "T", "DIP", "GND", "GND", "C", 66.93, 66.93, 43.31, 0],
		[80, "H6_7", 2785, 680, "B", "DIP", "GND", "GND", "C", 66.93, 66.93, 43.31, 0],
		[81, "LDO1_1", 667.6, 1759.58, "T", "SMD", "+5V", "", "R", 19.29, 45.55, 0, 0],
		[82, "LDO1_2", 705, 1759.58, "T", "SMD", "GND", "GND", "R", 19.29, 45.55, 0, 0],
		[83, "LDO1_3", 742.4, 1759.58, "T", "SMD", "+5V", "", "R", 19.29, 45.55, 0, 0],
		[84, "LDO1_4", 742.4, 1850.42, "T", "SMD", "LDO1_4", "", "R", 19.29, 46.26, 0, 0],
		[85, "LDO1_5", 667.6, 1850.42, "T", "SMD", "VCC", "", "R", 19.29, 46.26, 0, 0],
		[86, "LDO2_1", 827.6, 1759.58, "T", "SMD", "+5V", "", "R", 19.29, 45.55, 0, 0],
		[87, "LDO2_2", 865, 1759.58, "T", "SMD", "GND", "GND", "R", 19.29, 45.55, 0, 0],
		[88, "LDO2_3", 902.4, 1759.58, "T", "SMD", "ENABLE_3.3V", "", "R", 19.29, 45.55, 0, 0],
		[89, "LDO2_4", 902.4, 1850.42, "T", "SMD", "LDO2_4", "", "R", 19.29, 46.26, 0, 0],
		[90, "LDO2_5", 827.6, 1850.42, "T", "SMD", "VIO", "", "R", 19.29, 46.26, 0, 0],
		[91, "LED2_1", 241.06, 972.39, "T", "SMD", "GND", "GND", "R", 31.5, 31.5, 0, 90],
		[92, "LED2_2", 304.01, 972.66, "T", "SMD", "$1N4164", "", "R", 31.5, 31.5, 0, 90],
		[93, "LED3_1", 238.52, 844.86, "T", "SMD", "GND", "GND", "R", 31.5, 31.5, 0, 90],
		[94, "LED3_2", 301.47, 845.14, "T", "SMD", "$1N4166", "", "R", 31.5, 31.5, 0, 90],
		[95, "LED4_1", 113.52, 1754.87, "T", "SMD", "J_SRST", "", "R", 31.5, 31.5, 0, 90],
		[96, "LED4_2", 176.48, 1755.13, "T", "SMD", "$1N7010", "", "R", 31.5, 31.5, 0, 90],
		[97, "R1_1", 305.34, 1610, "T", "SMD", "$1N3218", "", "R", 31.75, 34.02, 0, 0],
		[98, "R1_2", 364.66, 1610, "T", "SMD", "GND", "GND", "R", 31.75, 34.02, 0, 0],
		[99, "R2_1", 285.34, 1150, "T", "SMD", "GND", "GND", "R", 31.75, 34.02, 0, 0],
		[100, "R2_2", 344.66, 1150, "T", "SMD", "$1N3257", "", "R", 31.75, 34.02, 0, 0],
		[101, "R5_1", 79.97, 1068.96, "T", "SMD", "GND", "GND", "R", 31.75, 34.02, 0, 0],
		[102, "R5_2", 139.29, 1068.96, "T", "SMD", "ENABLE_3.3V", "", "R", 31.75, 34.02, 0, 0],
		[103, "R6_1", 79.97, 987.53, "T", "SMD", "$1N4164", "", "R", 31.75, 34.02, 0, 0],
		[104, "R6_2", 139.29, 987.53, "T", "SMD", "ENABLE_3.3V", "", "R", 31.75, 34.02, 0, 0],
		[105, "R7_1", 79.97, 834.62, "T", "SMD", "GND", "GND", "R", 31.75, 34.02, 0, 0],
		[106, "R7_2", 139.29, 834.62, "T", "SMD", "ENABLE_1.8V", "", "R", 31.75, 34.02, 0, 0],
		[107, "R8_1", 79.97, 753.19, "T", "SMD", "$1N4166", "", "R", 31.75, 34.02, 0, 0],
		[108, "R8_2", 139.29, 753.19, "T", "SMD", "ENABLE_1.8V", "", "R", 31.75, 34.02, 0, 0],
		[109, "R9_1", 1125.34, 1475, "T", "SMD", "VCC", "", "R", 31.75, 34.02, 0, 0],
		[110, "R9_2", 1184.66, 1475, "T", "SMD", "RST#", "", "R", 31.75, 34.02, 0, 0],
		[111, "R10_1", 1695.34, 925, "T", "SMD", "VIO", "", "R", 31.75, 34.02, 0, 0],
		[112, "R10_2", 1754.66, 925, "T", "SMD", "$1N5733", "", "R", 31.75, 34.02, 0, 0],
		[113, "R11_1", 1965.34, 925, "T", "SMD", "24_SDA", "", "R", 31.75, 34.02, 0, 0],
		[114, "R11_2", 2024.66, 925, "T", "SMD", "VIO", "", "R", 31.75, 34.02, 0, 0],
		[115, "R12_1", 2100.34, 925, "T", "SMD", "24_SCL", "", "R", 31.75, 34.02, 0, 0],
		[116, "R12_2", 2159.66, 925, "T", "SMD", "VIO", "", "R", 31.75, 34.02, 0, 0],
		[117, "R13_1", 1830.34, 925, "T", "SMD", "$1N6054", "", "R", 31.75, 34.02, 0, 0],
		[118, "R13_2", 1889.66, 925, "T", "SMD", "VIO", "", "R", 31.75, 34.02, 0, 0],
		[119, "R14_1", 115.34, 1875, "T", "SMD", "$1N7010", "", "R", 31.75, 34.02, 0, 0],
		[120, "R14_2", 174.66, 1875, "T", "SMD", "VCC", "", "R", 31.75, 34.02, 0, 0],
		[121, "SK1_1", 2330, 1530, "T", "DIP", "GND", "GND", "R", 62.99, 62.99, 39.37, 180],
		[122, "SK1_1", 2330, 1530, "B", "DIP", "GND", "GND", "R", 62.99, 62.99, 39.37, 180],
		[123, "SK1_2", 2230, 1530, "T", "DIP", "GND", "GND", "C", 62.99, 62.99, 39.37, 0],
		[124, "SK1_2", 2230, 1530, "B", "DIP", "GND", "GND", "C", 62.99, 62.99, 39.37, 0],
		[125, "SK1_3", 2130, 1530, "T", "DIP", "GND", "GND", "C", 62.99, 62.99, 39.37, 180],
		[126, "SK1_3", 2130, 1530, "B", "DIP", "GND", "GND", "C", 62.99, 62.99, 39.37, 180],
		[127, "SK1_4", 2030, 1530, "T", "DIP", "GND", "GND", "C", 62.99, 62.99, 39.37, 0],
		[128, "SK1_4", 2030, 1530, "B", "DIP", "GND", "GND", "C", 62.99, 62.99, 39.37, 0],
		[129, "SK1_5", 1930, 1530, "T", "DIP", "25_SCS0", "", "C", 62.99, 62.99, 39.37, 180],
		[130, "SK1_5", 1930, 1530, "B", "DIP", "25_SCS0", "", "C", 62.99, 62.99, 39.37, 180],
		[131, "SK1_6", 1830, 1530, "T", "DIP", "25_MISO", "", "C", 62.99, 62.99, 39.37, 0],
		[132, "SK1_6", 1830, 1530, "B", "DIP", "25_MISO", "", "C", 62.99, 62.99, 39.37, 0],
		[133, "SK1_7", 1730, 1530, "T", "DIP", "$1N5733", "", "C", 62.99, 62.99, 39.37, 0],
		[134, "SK1_7", 1730, 1530, "B", "DIP", "$1N5733", "", "C", 62.99, 62.99, 39.37, 0],
		[135, "SK1_8", 1630, 1530, "T", "DIP", "GND", "GND", "C", 62.99, 62.99, 39.37, 180],
		[136, "SK1_8", 1630, 1530, "B", "DIP", "GND", "GND", "C", 62.99, 62.99, 39.37, 180],
		[137, "SK1_9", 1630, 1230, "T", "DIP", "25_MOSI", "", "C", 62.99, 62.99, 39.37, 0],
		[138, "SK1_9", 1630, 1230, "B", "DIP", "25_MOSI", "", "C", 62.99, 62.99, 39.37, 0],
		[139, "SK1_10", 1730, 1230, "T", "DIP", "25_SCK", "", "C", 62.99, 62.99, 39.37, 180],
		[140, "SK1_10", 1730, 1230, "B", "DIP", "25_SCK", "", "C", 62.99, 62.99, 39.37, 180],
		[141, "SK1_11", 1830, 1230, "T", "DIP", "$1N6054", "", "C", 62.99, 62.99, 39.37, 0],
		[142, "SK1_11", 1830, 1230, "B", "DIP", "$1N6054", "", "C", 62.99, 62.99, 39.37, 0],
		[143, "SK1_12", 1930, 1230, "T", "DIP", "VIO", "", "C", 62.99, 62.99, 39.37, 180],
		[144, "SK1_12", 1930, 1230, "B", "DIP", "VIO", "", "C", 62.99, 62.99, 39.37, 180],
		[145, "SK1_13", 2030, 1230, "T", "DIP", "24_SDA", "", "C", 62.99, 62.99, 39.37, 0],
		[146, "SK1_13", 2030, 1230, "B", "DIP", "24_SDA", "", "C", 62.99, 62.99, 39.37, 0],
		[147, "SK1_14", 2130, 1230, "T", "DIP", "24_SCL", "", "C", 62.99, 62.99, 39.37, 180],
		[148, "SK1_14", 2130, 1230, "B", "DIP", "24_SCL", "", "C", 62.99, 62.99, 39.37, 180],
		[149, "SK1_15", 2230, 1230, "T", "DIP", "GND", "GND", "C", 62.99, 62.99, 39.37, 0],
		[150, "SK1_15", 2230, 1230, "B", "DIP", "GND", "GND", "C", 62.99, 62.99, 39.37, 0],
		[151, "SK1_16", 2330, 1230, "T", "DIP", "VIO", "", "C", 62.99, 62.99, 39.37, 180],
		[152, "SK1_16", 2330, 1230, "B", "DIP", "VIO", "", "C", 62.99, 62.99, 39.37, 180],
		[153, "SW2_1", 451.58, 645.78, "T", "SMD", "ENABLE_3.3V", "", "R", 55.12, 110.24, 0, 0],
		[154, "SW2_2", 550, 894.22, "T", "SMD", "+5V", "", "R", 55.12, 110.24, 0, 0],
		[155, "SW2_3", 648.42, 645.78, "T", "SMD", "ENABLE_1.8V", "", "R", 55.12, 110.24, 0, 0],
		[156, "U2_1", 658.4, 1319.14, "T", "SMD", "XI", "", "R", 7.87, 27.56, 0, 0],
		[157, "U2_2", 674.14, 1319.14, "T", "SMD", "XO", "", "R", 7.87, 27.56, 0, 0],
		[158, "U2_3", 689.9, 1319.14, "T", "SMD", "RST#", "", "R", 7.87, 27.56, 0, 0],
		[159, "U2_4", 705.6, 1319.14, "T", "SMD", "U1_TX", "", "R", 7.87, 27.56, 0, 0],
		[160, "U2_5", 721.39, 1319.14, "T", "SMD", "U1_RX", "", "R", 7.87, 27.56, 0, 0],
		[161, "U2_6", 737.14, 1319.14, "T", "SMD", "VIO", "", "R", 7.87, 27.56, 0, 0],
		[162, "U2_7", 752.88, 1319.14, "T", "SMD", "U2_7", "", "R", 7.87, 27.56, 0, 0],
		[163, "U2_8", 784.38, 1350.64, "T", "SMD", "J_SRST", "", "R", 27.56, 7.87, 0, 0],
		[164, "U2_9", 784.38, 1366.38, "T", "SMD", "J_TRST", "", "R", 27.56, 7.87, 0, 0],
		[165, "U2_10", 784.38, 1382.13, "T", "SMD", "U0_DTR", "", "R", 27.56, 7.87, 0, 0],
		[166, "U2_11", 784.35, 1397.88, "T", "SMD", "24_SCL", "", "R", 27.56, 7.87, 0, 0],
		[167, "U2_12", 784.38, 1413.62, "T", "SMD", "24_SDA", "", "R", 27.56, 7.87, 0, 0],
		[168, "U2_13", 784.38, 1429.38, "T", "SMD", "25_SCS0", "", "R", 27.56, 7.87, 0, 0],
		[169, "U2_14", 784.38, 1445.12, "T", "SMD", "25_SCK", "", "R", 27.56, 7.87, 0, 0],
		[170, "U2_15", 752.88, 1476.62, "T", "SMD", "25_MISO", "", "R", 7.87, 27.56, 0, 0],
		[171, "U2_16", 737.14, 1476.62, "T", "SMD", "25_MOSI", "", "R", 7.87, 27.56, 0, 0],
		[172, "U2_17", 721.38, 1476.62, "T", "SMD", "U0_CTS", "", "R", 7.87, 27.56, 0, 0],
		[173, "U2_18", 705.64, 1476.62, "T", "SMD", "U0_RTS", "", "R", 7.87, 27.56, 0, 0],
		[174, "U2_19", 689.9, 1476.62, "T", "SMD", "U0_TX", "", "R", 7.87, 27.56, 0, 0],
		[175, "U2_20", 674.14, 1476.62, "T", "SMD", "GND", "GND", "R", 7.87, 27.56, 0, 0],
		[176, "U2_21", 658.4, 1476.62, "T", "SMD", "VCC", "", "R", 7.87, 27.56, 0, 0],
		[177, "U2_22", 626.9, 1445.12, "T", "SMD", "U0_RX", "", "R", 27.56, 7.87, 0, 0],
		[178, "U2_23", 626.9, 1429.38, "T", "SMD", "J_TCK", "", "R", 27.56, 7.87, 0, 0],
		[179, "U2_24", 626.9, 1413.62, "T", "SMD", "J_TDO", "", "R", 27.56, 7.87, 0, 0],
		[180, "U2_25", 626.91, 1397.88, "T", "SMD", "J_TDI", "", "R", 27.56, 7.87, 0, 0],
		[181, "U2_26", 626.9, 1382.14, "T", "SMD", "J_TMS", "", "R", 27.56, 7.87, 0, 0],
		[182, "U2_27", 626.9, 1366.38, "T", "SMD", "D-", "", "R", 27.56, 7.87, 0, 0],
		[183, "U2_28", 626.9, 1350.64, "T", "SMD", "D+", "", "R", 27.56, 7.87, 0, 0],
		[184, "U2_29", 705.65, 1397.88, "T", "SMD", "GND", "GND", "R", 106.3, 106.3, 0, 0],
		[185, "U3_1", 987.6, 1753.81, "T", "SMD", "+5V", "", "R", 43.31, 23.62, 0, 270],
		[186, "U3_2", 1025, 1753.81, "T", "SMD", "GND", "GND", "R", 43.31, 23.62, 0, 270],
		[187, "U3_3", 1062.4, 1753.81, "T", "SMD", "ENABLE_1.8V", "", "R", 43.31, 23.62, 0, 270],
		[188, "U3_4", 1062.4, 1856.19, "T", "SMD", "U3_4", "", "R", 43.31, 23.62, 0, 270],
		[189, "U3_5", 987.6, 1856.19, "T", "SMD", "VIO", "", "R", 43.31, 23.62, 0, 270],
		[190, "USB1_0", 202.16, 1550.28, "T", "DIP", "GND", "GND", "O", 47.24, 78.74, 62.99, 270],
		[191, "USB1_0", 202.16, 1550.28, "B", "DIP", "GND", "GND", "O", 47.24, 78.74, 62.99, 270],
		[192, "USB1_1", 202.16, 1209.72, "T", "DIP", "GND", "GND", "O", 47.24, 78.74, 62.99, 270],
		[193, "USB1_1", 202.16, 1209.72, "B", "DIP", "GND", "GND", "O", 47.24, 78.74, 62.99, 270],
		[194, "USB1_2", 37.6, 1209.72, "T", "DIP", "GND", "GND", "O", 47.24, 70.87, 55.12, 270],
		[195, "USB1_2", 37.6, 1209.72, "B", "DIP", "GND", "GND", "O", 47.24, 70.87, 55.12, 270],
		[196, "USB1_3", 37.6, 1550.28, "T", "DIP", "GND", "GND", "O", 47.24, 70.87, 55.12, 270],
		[197, "USB1_3", 37.6, 1550.28, "B", "DIP", "GND", "GND", "O", 47.24, 70.87, 55.12, 270],
		[198, "USB1_A1", 232.41, 1511.89, "T", "SMD", "GND", "GND", "R", 11.81, 51.18, 0, 270],
		[199, "USB1_A12", 232.41, 1248.11, "T", "SMD", "GND", "GND", "R", 11.81, 51.18, 0, 270],
		[200, "USB1_A4", 232.41, 1480.39, "T", "SMD", "USBC-5V", "", "R", 11.81, 51.18, 0, 270],
		[201, "USB1_A5", 232.41, 1429.21, "T", "SMD", "$1N3218", "", "R", 11.81, 51.18, 0, 270],
		[202, "USB1_A6", 232.41, 1389.84, "T", "SMD", "D+", "", "R", 11.81, 51.18, 0, 270],
		[203, "USB1_A7", 232.41, 1370.16, "T", "SMD", "D-", "", "R", 11.81, 51.18, 0, 270],
		[204, "USB1_A8", 232.41, 1330.8, "T", "SMD", "USB1_A8", "", "R", 11.81, 51.18, 0, 270],
		[205, "USB1_A9", 232.41, 1279.6, "T", "SMD", "USBC-5V", "", "R", 11.81, 51.18, 0, 270],
		[206, "USB1_B1", 232.41, 1259.92, "T", "SMD", "GND", "GND", "R", 11.81, 51.18, 0, 270],
		[207, "USB1_B12", 232.41, 1500.08, "T", "SMD", "GND", "GND", "R", 11.81, 51.18, 0, 270],
		[208, "USB1_B4", 232.41, 1291.42, "T", "SMD", "USBC-5V", "", "R", 11.81, 51.18, 0, 270],
		[209, "USB1_B5", 232.41, 1311.1, "T", "SMD", "$1N3257", "", "R", 11.81, 51.18, 0, 270],
		[210, "USB1_B6", 232.41, 1350.47, "T", "SMD", "D+", "", "R", 11.81, 51.18, 0, 270],
		[211, "USB1_B7", 232.41, 1409.53, "T", "SMD", "D-", "", "R", 11.81, 51.18, 0, 270],
		[212, "USB1_B8", 232.41, 1448.9, "T", "SMD", "USB1_B8", "", "R", 11.81, 51.18, 0, 270],
		[213, "USB1_B9", 232.41, 1468.58, "T", "SMD", "USBC-5V", "", "R", 11.81, 51.18, 0, 270],
		[214, "X1_1", 441.54, 1108.31, "T", "SMD", "XI", "", "R", 55.12, 47.24, 0, 270],
		[215, "X1_2", 441.54, 1021.69, "T", "SMD", "GND", "GND", "R", 55.12, 47.24, 0, 270],
		[216, "X1_3", 508.46, 1021.69, "T", "SMD", "XO", "", "R", 55.12, 47.24, 0, 270],
		[217, "X1_4", 508.46, 1108.31, "T", "SMD", "GND", "GND", "R", 55.12, 47.24, 0, 270]
	]
}
}