{
"lengthUnit": "mil",
"components": {
	"fields": ["COMPONENT_NO", "COMPONENT_NAME", "LAYER", "X_COORDINATE", "Y_COORDINATE", "ANGLE"],
	"rows": [
		[1, "C2", "T", 3376.31, -1144.53, 0],
		[2, "C3", "T", 3375, -1230, 0],
		[3, "C4", "T", 3375, -1315, 0],
		[4, "C5", "T", 2825, -1320, 0],
		[5, "C6", "T", 2635, -1320, 0],
		[6, "D1", "T", 3375, -1065, 0],
		[7, "R2", "T", 2800, -1070, 0],
		[8, "R3", "T", 2800, -1180, 0],
		[9, "R4", "T", 2540, -1070, 0],
		[10, "R5", "T", 2540, -1180, 0],
		[11, "U2", "T", 3105, -1210, 270],
		[12, "USB1", "T", 3635, -1215, 90],
		[13, "USB2", "T", 2660, -1575, 0],
		[14, "USB3", "T", 1915, -1575, 0],
		[15, "USBC2", "T", 1280, -1710, 0],
		[16, "USBC3", "T", 790, -1710, 0]
	]
},
"pins": {
	"fields": ["PIN_NO", "PIN_NAME", "PIN_X", "PIN_Y", "LAYER", "PIN_TYPE", "NET_NAME", "NET_TYPE", "PAD_SHAPE", "PAD_SIZEX", "PAD_SIZEY", "HOLE_SIZE", "PAD_ANGLE"],
	"rows": [
		[1, "C2_1", 3348.75, -1144.53, "T", "SMD", "+5V", "", "R", 31.5, 35.43, 0, 0],
		[2, "C2_2", 3403.87, -1144.53, "T", "SMD", "GND", "GND", "R", 31.5, 35.43, 0, 0],
		[3, "C3_1", 3347.44, -1230, "T", "SMD", "$1N1182", "", "R", 31.5, 35.43, 0, 0],
		[4, "C3_2", 3402.56, -1230, "T", "SMD", "GND", "GND", "R", 31.5, 35.43, 0, 0],
		[5, "C4_1", 3347.44, -1315, "T", "SMD", "$1N1183", "", "R", 31.5, 35.43, 0, 0],
		[6, "C4_2", 3402.56, -1315, "T", "SMD", "GND", "GND", "R", 31.5, 35.43, 0, 0],
		[7, "C5_1", 2797.44, -1320, "T", "SMD", "+5V", "", "R", 31.5, 35.43, 0, 0],
		[8, "C5_2", 2852.56, -1320, "T", "SMD", "GND", "GND", "R", 31.5, 35.43, 0, 0],
		[9, "C6_1", 2607.44, -1320, "T", "SMD", "+5V", "", "R", 31.5, 35.43, 0, 0],
		[10, "C6_2", 2662.56, -1320, "T", "SMD", "GND", "GND", "R", 31.5, 35.43, 0, 0],
		[11, "D1_1", 3328.84, -1065, "T", "SMD", "+5V", "", "R", 39.37, 29.53, 0, 0],
		[12, "D1_2", 3421.16, -1065, "T", "SMD", "$1N1175", "", "R", 39.37, 29.53, 0, 0],
		[13, "R2_1", 2741.78, -1070, "T", "SMD", "$1N1191", "", "R", 47.54, 66.97, 0, 360],
		[14, "R2_2", 2858.22, -1070, "T", "SMD", "GND", "GND", "R", 47.54, 66.97, 0, 360],
		[15, "R3_1", 2741.78, -1180, "T", "SMD", "GND", "GND", "R", 47.54, 66.97, 0, 360],
		[16, "R3_2", 2858.22, -1180, "T", "SMD", "$1N1192", "", "R", 47.54, 66.97, 0, 360],
		[17, "R4_1", 2481.78, -1070, "T", "SMD", "$1N1194", "", "R", 47.54, 66.97, 0, 0],
		[18, "R4_2", 2598.22, -1070, "T", "SMD", "GND", "GND", "R", 47.54, 66.97, 0, 0],
		[19, "R5_1", 2481.78, -1180, "T", "SMD", "GND", "GND", "R", 47.54, 66.97, 0, 0],
		[20, "R5_2", 2598.22, -1180, "T", "SMD", "$1N1193", "", "R", 47.54, 66.97, 0, 0],
		[21, "U2_1", 2991.91, -1035, "T", "SMD", "$1N1195", "", "O", 22.05, 68.7, 0, 270],
		[22, "U2_2", 2991.91, -1085, "T", "SMD", "$1N1196", "", "O", 22.05, 68.7, 0, 270],
		[23, "U2_3", 2991.91, -1135, "T", "SMD", "$1N1190", "", "O", 22.05, 68.7, 0, 270],
		[24, "U2_4", 2991.91, -1185, "T", "SMD", "$1N1189", "", "O", 22.05, 68.7, 0, 270],
		[25, "U2_5", 2991.91, -1235, "T", "SMD", "$1N1187", "", "O", 22.05, 68.7, 0, 270],
		[26, "U2_6", 2991.91, -1285, "T", "SMD", "$1N1188", "", "O", 22.05, 68.7, 0, 270],
		[27, "U2_7", 2991.91, -1335, "T", "SMD", "$1N1178", "", "O", 22.05, 68.7, 0, 270],
		[28, "U2_8", 2991.91, -1385, "T", "SMD", "$1N1179", "", "O", 22.05, 68.7, 0, 270],
		[29, "U2_9", 3218.09, -1385, "T", "SMD", "$1N1174", "", "O", 22.05, 68.7, 0, 270],
		[30, "U2_10", 3218.09, -1335, "T", "SMD", "$1N1173", "", "O", 22.05, 68.7, 0, 270],
		[31, "U2_11", 3218.09, -1285, "T", "SMD", "+5V", "", "O", 22.05, 68.7, 0, 270],
		[32, "U2_12", 3218.09, -1235, "T", "SMD", "GND", "GND", "O", 22.05, 68.7, 0, 270],
		[33, "U2_13", 3218.09, -1185, "T", "SMD", "$1N1183", "", "O", 22.05, 68.7, 0, 270],
		[34, "U2_14", 3218.09, -1135, "T", "SMD", "$1N1182", "", "O", 22.05, 68.7, 0, 270],
		[35, "U2_15", 3218.09, -1085, "T", "SMD", "U2_15", "", "O", 22.05, 68.7, 0, 270],
		[36, "U2_16", 3218.09, -1035, "T", "SMD", "GND", "GND", "O", 22.05, 68.7, 0, 270],
		[37, "USB1_1", 3595.63, -1077.21, "T", "DIP", "$1N1175", "", "C", 62.99, 62.99, 39.37, 0],
		[38, "USB1_1", 3595.63, -1077.21, "B", "DIP", "$1N1175", "", "C", 62.99, 62.99, 39.37, 0],
		[39, "USB1_2", 3595.63, -1175.63, "T", "DIP", "$1N1174", "", "C", 62.99, 62.99, 39.37, 0],
		[40, "USB1_2", 3595.63, -1175.63, "B", "DIP", "$1N1174", "", "C", 62.99, 62.99, 39.37, 0],
		[41, "USB1_3", 3595.63, -1254.37, "T", "DIP", "$1N1173", "", "C", 62.99, 62.99, 39.37, 0],
		[42, "USB1_3", 3595.63, -1254.37, "B", "DIP", "$1N1173", "", "C", 62.99, 62.99, 39.37, 0],
		[43, "USB1_4", 3595.63, -1352.8, "T", "DIP", "GND", "GND", "C", 62.99, 62.99, 39.37, 0],
		[44, "USB1_4", 3595.63, -1352.8, "B", "DIP", "GND", "GND", "C", 62.99, 62.99, 39.37, 0],
		[45, "USB1_MH1", 3674.37, -978.78, "T", "DIP", "GND", "GND", "C", 133.86, 133.86, 102.36, 0],
		[46, "USB1_MH1", 3674.37, -978.78, "B", "DIP", "GND", "GND", "C", 133.86, 133.86, 102.36, 0],
		[47, "USB1_MH2", 3674.37, -1451.22, "T", "DIP", "GND", "GND", "C", 133.86, 133.86, 102.36, 0],
		[48, "USB1_MH2", 3674.37, -1451.22, "B", "DIP", "GND", "GND", "C", 133.86, 133.86, 102.36, 0],
		[49, "USB2_1", 2522.2, -1521.65, "T", "DIP", "+5V", "", "R", 60, 60, 36.22, 0],
		[50, "USB2_1", 2522.2, -1521.65, "B", "DIP", "+5V", "", "R", 60, 60, 36.22, 0],
		[51, "USB2_2", 2620.63, -1521.65, "T", "DIP", "$1N1187", "", "C", 60, 60, 36.22, 0],
		[52, "USB2_2", 2620.63, -1521.65, "B", "DIP", "$1N1187", "", "C", 60, 60, 36.22, 0],
		[53, "USB2_3", 2699.37, -1521.65, "T", "DIP", "$1N1188", "", "C", 60, 60, 36.22, 0],
		[54, "USB2_3", 2699.37, -1521.65, "B", "DIP", "$1N1188", "", "C", 60, 60, 36.22, 0],
		[55, "USB2_4", 2797.79, -1521.65, "T", "DIP", "GND", "GND", "C", 60, 60, 36.22, 0],
		[56, "USB2_4", 2797.79, -1521.65, "B", "DIP", "GND", "GND", "C", 60, 60, 36.22, 0],
		[57, "USB2_5", 2935.59, -1628.34, "T", "DIP", "GND", "GND", "C", 102.36, 102.36, 82.68, 0],
		[58, "USB2_5", 2935.59, -1628.34, "B", "DIP", "GND", "GND", "C", 102.36, 102.36, 82.68, 0],
		[59, "USB2_6", 2384.41, -1628.34, "T", "DIP", "GND", "GND", "C", 102.36, 102.36, 82.68, 0],
		[60, "USB2_6", 2384.41, -1628.34, "B", "DIP", "GND", "GND", "C", 102.36, 102.36, 82.68, 0],
		[61, "USB3_1", 1777.2, -1521.65, "T", "DIP", "+5V", "", "R", 60, 60, 36.22, 0],
		[62, "USB3_1", 1777.2, -1521.65, "B", "DIP", "+5V", "", "R", 60, 60, 36.22, 0],
		[63, "USB3_2", 1875.63, -1521.65, "T", "DIP", "$1N1178", "", "C", 60, 60, 36.22, 0],
		[64, "USB3_2", 1875.63, -1521.65, "B", "DIP", "$1N1178", "", "C", 60, 60, 36.22, 0],
		[65, "USB3_3", 1954.37, -1521.65, "T", "DIP", "$1N1179", "", "C", 60, 60, 36.22, 0],
		[66, "USB3_3", 1954.37, -1521.65, "B", "DIP", "$1N1179", "", "C", 60, 60, 36.22, 0],
		[67, "USB3_4", 2052.79, -1521.65, "T", "DIP", "GND", "GND", "C", 60, 60, 36.22, 0],
		[68, "USB3_4", 2052.79, -1521.65, "B", "DIP", "GND", "GND", "C", 60, 60, 36.22, 0],
		[69, "USB3_5", 2190.59, -1628.34, "T", "DIP", "GND", "GND", "C", 102.36, 102.36, 82.68, 0],
		[70, "USB3_5", 2190.59, -1628.34, "B", "DIP", "GND", "GND", "C", 102.36, 102.36, 82.68, 0],
		[71, "USB3_6", 1639.41, -1628.34, "T", "DIP", "GND", "GND", "C", 102.36, 102.36, 82.68, 0],
		[72, "USB3_6", 1639.41, -1628.34, "B", "DIP", "GND", "GND", "C", 102.36, 102.36, 82.68, 0],
		[73, "USBC2_0", 1109.72, -1642.84, "T", "DIP", "USBC2_0", "", "O", 47.24, 78.74, 62.99, 0],
		[74, "USBC2_0", 1109.72, -1642.84, "B", "DIP", "USBC2_0", "", "O", 47.24, 78.74, 62.99, 0],
		[75, "USBC2_1", 1450.28, -1642.84, "T", "DIP", "USBC2_1", "", "O", 47.24, 78.74, 62.99, 0],
		[76, "USBC2_1", 1450.28, -1642.84, "B", "DIP", "USBC2_1", "", "O", 47.24, 78.74, 62.99, 0],
		[77, "USBC2_2", 1450.28, -1807.4, "T", "DIP", "USBC2_2", "", "O", 47.24, 70.87, 55.12, 0],
		[78, "USBC2_2", 1450.28, -1807.4, "B", "DIP", "USBC2_2", "", "O", 47.24, 70.87, 55.12, 0],
		[79, "USBC2_3", 1109.72, -1807.4, "T", "DIP", "USBC2_3", "", "O", 47.24, 70.87, 55.12, 0],
		[80, "USBC2_3", 1109.72, -1807.4, "B", "DIP", "USBC2_3", "", "O", 47.24, 70.87, 55.12, 0],
		[81, "USBC2_A1", 1148.11, -1612.6, "T", "SMD", "GND", "GND", "R", 11.81, 51.18, 0, 0],
		[82, "USBC2_A12", 1411.89, -1612.59, "T", "SMD", "GND", "GND", "R", 11.81, 51.18, 0, 0],
		[83, "USBC2_A4", 1179.61, -1612.6, "T", "SMD", "+5V", "", "R", 11.81, 51.18, 0, 0],
		[84, "USBC2_A5", 1230.79, -1612.59, "T", "SMD", "$1N1192", "", "R", 11.81, 51.18, 0, 0],
		[85, "USBC2_A6", 1270.16, -1612.59, "T", "SMD", "$1N1189", "", "R", 11.81, 51.18, 0, 0],
		[86, "USBC2_A7", 1289.84, -1612.59, "T", "SMD", "$1N1190", "", "R", 11.81, 51.18, 0, 0],
		[87, "USBC2_A8", 1329.2, -1612.59, "T", "SMD", "USBC2_A8", "", "R", 11.81, 51.18, 0, 0],
		[88, "USBC2_A9", 1380.4, -1612.59, "T", "SMD", "+5V", "", "R", 11.81, 51.18, 0, 0],
		[89, "USBC2_B1", 1400.08, -1612.59, "T", "SMD", "GND", "GND", "R", 11.81, 51.18, 0, 0],
		[90, "USBC2_B12", 1159.92, -1612.59, "T", "SMD", "GND", "GND", "R", 11.81, 51.18, 0, 0],
		[91, "USBC2_B4", 1368.58, -1612.6, "T", "SMD", "+5V", "", "R", 11.81, 51.18, 0, 0],
		[92, "USBC2_B5", 1348.9, -1612.59, "T", "SMD", "$1N1191", "", "R", 11.81, 51.18, 0, 0],
		[93, "USBC2_B6", 1309.53, -1612.59, "T", "SMD", "$1N1189", "", "R", 11.81, 51.18, 0, 0],
		[94, "USBC2_B7", 1250.47, -1612.59, "T", "SMD", "$1N1190", "", "R", 11.81, 51.18, 0, 0],
		[95, "USBC2_B8", 1211.1, -1612.59, "T", "SMD", "USBC2_B8", "", "R", 11.81, 51.18, 0, 0],
		[96, "USBC2_B9", 1191.42, -1612.59, "T", "SMD", "+5V", "", "R", 11.81, 51.18, 0, 0],
		[97, "USBC3_0", 619.72, -1642.84, "T", "DIP", "USBC3_0", "", "O", 47.24, 78.74, 62.99, 0],
		[98, "USBC3_0", 619.72, -1642.84, "B", "DIP", "USBC3_0", "", "O", 47.24, 78.74, 62.99, 0],
		[99, "USBC3_1", 960.28, -1642.84, "T", "DIP", "USBC3_1", "", "O", 47.24, 78.74, 62.99, 0],
		[100, "USBC3_1", 960.28, -1642.84, "B", "DIP", "USBC3_1", "", "O", 47.24, 78.74, 62.99, 0],
		[101, "USBC3_2", 960.28, -1807.4, "T", "DIP", "USBC3_2", "", "O", 47.24, 70.87, 55.12, 0],
		[102, "USBC3_2", 960.28, -1807.4, "B", "DIP", "USBC3_2", "", "O", 47.24, 70.87, 55.12, 0],
		[103, "USBC3_3", 619.72, -1807.4, "T", "DIP", "USBC3_3", "", "O", 47.24, 70.87, 55.12, 0],
		[104, "USBC3_3", 619.72, -1807.4, "B", "DIP", "USBC3_3", "", "O", 47.24, 70.87, 55.12, 0],
		[105, "USBC3_A1", 658.11, -1612.6, "T", "SMD", "GND", "GND", "R", 11.81, 51.18, 0, 0],
		[106, "USBC3_A12", 921.89, -1612.59, "T", "SMD", "GND", "GND", "R", 11.81, 51.18, 0, 0],
		[107, "USBC3_A4", 689.61, -1612.6, "T", "SMD", "+5V", "", "R", 11.81, 51.18, 0, 0],
		[108, "USBC3_A5", 740.79, -1612.59, "T", "SMD", "$1N1193", "", "R", 11.81, 51.18, 0, 0],
		[109, "USBC3_A6", 780.16, -1612.59, "T", "SMD", "$1N1196", "", "R", 11.81, 51.18, 0, 0],
		[110, "USBC3_A7", 799.84, -1612.59, "T", "SMD", "$1N1195", "", "R", 11.81, 51.18, 0, 0],
		[111, "USBC3_A8", 839.2, -1612.59, "T", "SMD", "USBC3_A8", "", "R", 11.81, 51.18, 0, 0],
		[112, "USBC3_A9", 890.4, -1612.59, "T", "SMD", "+5V", "", "R", 11.81, 51.18, 0, 0],
		[113, "USBC3_B1", 910.08, -1612.59, "T", "SMD", "GND", "GND", "R", 11.81, 51.18, 0, 0],
		[114, "USBC3_B12", 669.92, -1612.59, "T", "SMD", "GND", "GND", "R", 11.81, 51.18, 0, 0],
		[115, "USBC3_B4", 878.58, -1612.6, "T", "SMD", "+5V", "", "R", 11.81, 51.18, 0, 0],
		[116, "USBC3_B5", 858.9, -1612.59, "T", "SMD", "$1N1194", "", "R", 11.81, 51.18, 0, 0],
		[117, "USBC3_B6", 819.53, -1612.59, "T", "SMD", "$1N1196", "", "R", 11.81, 51.18, 0, 0],
		[118, "USBC3_B7", 760.47, -1612.59, "T", "SMD", "$1N1195", "", "R", 11.81, 51.18, 0, 0],
		[119, "USBC3_B8", 721.1, -1612.59, "T", "SMD", "USBC3_B8", "", "R", 11.81, 51.18, 0, 0],
		[120, "USBC3_B9", 701.42, -1612.59, "T", "SMD", "+5V", "", "R", 11.81, 51.18, 0, 0]
	]
}
}