{
"lengthUnit": "mil",
"components": {
	"fields": ["COMPONENT_NO", "COMPONENT_NAME", "LAYER", "X_COORDINATE", "Y_COORDINATE", "ANGLE"],
	"rows": [
		[1, "C1", "T", 250, -280, 90],
		[2, "C2", "T", 140, -280, 90],
		[3, "C3", "T", 544.33, -680.9, 270],
		[4, "C4", "T", 699.07, -683.03, 270],
		[5, "C5", "T", 546.61, -451.53, 270],
		[6, "C6", "T", 699.07, -451.53, 270],
		[7, "C7", "T", 830, -619.56, 270],
		[8, "C8", "T", 829.33, -505.9, 270],
		[9, "L1", "T", 325, -565.68, 0],
		[10, "U1", "T", 620, -155, 90],
		[11, "U2", "T", 1010, -435, 270],
		[12, "PAD1", "T", 140, -105, 0],
		[13, "PAD1", "B", 140, -105, 0],
		[14, "PAD2", "T", 145, -800, 0],
		[15, "PAD2", "B", 145, -800, 0],
		[16, "PAD3", "T", 1010, -795, 0],
		[17, "PAD3", "B", 1010, -795, 0],
		[18, "PAD4", "T", 1010, -100, 0],
		[19, "PAD4", "B", 1010, -100, 0]
	]
},
"pins": {
	"fields": ["PIN_NO", "PIN_NAME", "PIN_X", "PIN_Y", "LAYER", "PIN_TYPE", "NET_NAME", "NET_TYPE", "PAD_SHAPE", "PAD_SIZEX", "PAD_SIZEY", "HOLE_SIZE", "PAD_ANGLE"],
	"rows": [
		[1, "C1_1", 250, -342.7, "T", "SMD", "AGND", "", "R", 58.47, 68.03, 0, 90],
		[2, "C1_2", 250, -217.3, "T", "SMD", "+BATT", "", "R", 58.47, 68.03, 0, 90],
		[3, "C2_1", 140, -342.7, "T", "SMD", "PGND", "", "R", 58.47, 68.03, 0, 90],
		[4, "C2_2", 140, -217.3, "T", "SMD", "+BATT", "", "R", 58.47, 68.03, 0, 90],
		[5, "C3_1", 544.33, -618.2, "T", "SMD", "+DIODE", "", "R", 58.47, 68.03, 0, 270],
		[6, "C3_2", 544.33, -743.6, "T", "SMD", "PGND", "", "R", 58.47, 68.03, 0, 270],
		[7, "C4_1", 699.07, -620.33, "T", "SMD", "+DIODE", "", "R", 58.47, 68.03, 0, 270],
		[8, "C4_2", 699.07, -745.73, "T", "SMD", "PGND", "", "R", 58.47, 68.03, 0, 270],
		[9, "C5_1", 546.61, -388.83, "T", "SMD", "PGND", "", "R", 58.47, 68.03, 0, 270],
		[10, "C5_2", 546.61, -514.23, "T", "SMD", "+DIODE", "", "R", 58.47, 68.03, 0, 270],
		[11, "C6_1", 699.07, -388.83, "T", "SMD", "PGND", "", "R", 58.47, 68.03, 0, 270],
		[12, "C6_2", 699.07, -514.23, "T", "SMD", "+DIODE", "", "R", 58.47, 68.03, 0, 270],
		[13, "C7_1", 830, -598.1, "T", "SMD", "+DIODE", "", "R", 31.11, 21.26, 0, 270],
		[14, "C7_2", 830, -641.02, "T", "SMD", "PGND", "", "R", 31.11, 21.26, 0, 270],
		[15, "C8_1", 829.33, -484.44, "T", "SMD", "PGND", "", "R", 31.11, 21.26, 0, 270],
		[16, "C8_2", 829.33, -527.36, "T", "SMD", "+DIODE", "", "R", 31.11, 21.26, 0, 270],
		[17, "L1_1", 263.98, -565.68, "T", "SMD", "$1N550", "", "R", 74.8, 177.16, 0, 0],
		[18, "L1_2", 386.02, -565.68, "T", "SMD", "+DIODE", "", "R", 74.8, 177.16, 0, 0],
		[19, "U1_1", 729.02, -230, "T", "SMD", "+BATT", "", "O", 22.6, 80.24, 0, 90],
		[20, "U1_2", 729.02, -180, "T", "SMD", "+BATT", "", "O", 22.6, 80.24, 0, 90],
		[21, "U1_3", 729.02, -130, "T", "SMD", "-DIODE", "", "O", 22.6, 80.24, 0, 90],
		[22, "U1_4", 729.02, -80, "T", "SMD", "AGND", "", "O", 22.6, 80.24, 0, 90],
		[23, "U1_5", 510.98, -80, "T", "SMD", "U1_5", "", "O", 22.6, 80.24, 0, 90],
		[24, "U1_6", 510.98, -130, "T", "SMD", "+BATT", "", "O", 22.6, 80.24, 0, 90],
		[25, "U1_7", 510.98, -180, "T", "SMD", "$1N550", "", "O", 22.6, 80.24, 0, 90],
		[26, "U1_8", 510.98, -230, "T", "SMD", "PGND", "", "O", 22.6, 80.24, 0, 90],
		[27, "U1_9", 620, -155, "T", "SMD", "AGND", "", "R", 125.98, 94.49, 0, 90],
		[28, "U2_1", 1010, -179.09, "T", "DIP", "AGND", "", "C", 59.05, 59.05, 31.5, 270],
		[29, "U2_1", 1010, -179.09, "B", "DIP", "AGND", "", "C", 59.05, 59.05, 31.5, 270],
		[30, "U2_2", 1010, -690.91, "T", "DIP", "-DIODE", "", "C", 59.05, 59.05, 31.5, 270],
		[31, "U2_2", 1010, -690.91, "B", "DIP", "-DIODE", "", "C", 59.05, 59.05, 31.5, 270],
		[32, "PAD1_1", 140, -105, "T", "DIP", "+BATT", "", "C", 60, 60, 36, 0],
		[33, "PAD1_1", 140, -105, "B", "DIP", "+BATT", "", "C", 60, 60, 36, 0],
		[34, "PAD2_2", 145, -800, "T", "DIP", "PGND", "", "C", 60, 60, 36, 0],
		[35, "PAD2_2", 145, -800, "B", "DIP", "PGND", "", "C", 60, 60, 36, 0],
		[36, "PAD3_3", 1010, -795, "T", "DIP", "-DIODE", "", "C", 60, 60, 36, 0],
		[37, "PAD3_3", 1010, -795, "B", "DIP", "-DIODE", "", "C", 60, 60, 36, 0],
		[38, "PAD4_4", 1010, -100, "T", "DIP", "+DIODE", "", "C", 60, 60, 36, 0],
		[39, "PAD4_4", 1010, -100, "B", "DIP", "+DIODE", "", "C", 60, 60, 36, 0]
	]
}
}