{
"lengthUnit": "mil",
"components": {
	"fields": ["COMPONENT_NO", "COMPONENT_NAME", "LAYER", "X_COORDINATE", "Y_COORDINATE", "ANGLE"],
	"rows": [
		[1, "AND", "T", 395, -235, 0],
		[2, "C1", "T", 2565, -180, 0],
		[3, "C2", "T", 2200, -630, 0],
		[4, "CN1", "T", 437.06, -819, 0],
		[5, "H1", "T", 699.37, -1111.9, 0],
		[6, "H2", "T", 60, -1125, 0],
		[7, "LED1", "T", 2690, -695, 0],
		[8, "LED2", "T", 2680, -440, 0],
		[9, "OR", "T", 1280, -835, 0],
		[10, "R1", "T", 1840, -615, 0],
		[11, "R2", "T", 1955, -845, 0],
		[12, "R4", "T", 1775, -1090, 0],
		[13, "R5", "T", 2055, -1015, 0],
		[14, "R6", "T", 1870, -350, 0],
		[15, "R7", "T", 1740, -145, 0],
		[16, "U2", "T", 2165, -245, 0],
		[17, "U3", "T", 2455, -1000, 0],
		[18, "XOR", "T", 1260, -250, 0]
	]
},
"pins": {
	"fields": ["PIN_NO", "PIN_NAME", "PIN_X", "PIN_Y", "LAYER", "PIN_TYPE", "NET_NAME", "NET_TYPE", "PAD_SHAPE", "PAD_SIZEX", "PAD_SIZEY", "HOLE_SIZE", "PAD_ANGLE"],
	"rows": [
		[1, "AND_1", 95, -400.35, "T", "DIP", "$1N1506", "", "R", 63, 63, 32, 0],
		[2, "AND_1", 95, -400.35, "B", "DIP", "$1N1506", "", "R", 63, 63, 32, 0],
		[3, "AND_2", 195, -400.35, "T", "DIP", "$1N1580", "", "C", 63, 63, 32, 0],
		[4, "AND_2", 195, -400.35, "B", "DIP", "$1N1580", "", "C", 63, 63, 32, 0],
		[5, "AND_3", 295, -400.35, "T", "DIP", "$1N1632", "", "C", 63, 63, 32, 0],
		[6, "AND_3", 295, -400.35, "B", "DIP", "$1N1632", "", "C", 63, 63, 32, 0],
		[7, "AND_4", 395, -400.35, "T", "DIP", "$1N1640", "", "C", 63, 63, 32, 0],
		[8, "AND_4", 395, -400.35, "B", "DIP", "$1N1640", "", "C", 63, 63, 32, 0],
		[9, "AND_5", 495, -400.35, "T", "DIP", "$1N1596", "", "C", 63, 63, 32, 0],
		[10, "AND_5", 495, -400.35, "B", "DIP", "$1N1596", "", "C", 63, 63, 32, 0],
		[11, "AND_6", 595, -400.35, "T", "DIP", "$1N1669", "", "C", 63, 63, 32, 0],
		[12, "AND_6", 595, -400.35, "B", "DIP", "$1N1669", "", "C", 63, 63, 32, 0],
		[13, "AND_7", 695, -400.35, "T", "DIP", "$1N2104", "", "C", 63, 63, 32, 0],
		[14, "AND_7", 695, -400.35, "B", "DIP", "$1N2104", "", "C", 63, 63, 32, 0],
		[15, "AND_8", 695, -69.65, "T", "DIP", "AND_8", "", "C", 63, 63, 32, 0],
		[16, "AND_8", 695, -69.65, "B", "DIP", "AND_8", "", "C", 63, 63, 32, 0],
		[17, "AND_9", 595, -69.65, "T", "DIP", "AND_9", "", "C", 63, 63, 32, 0],
		[18, "AND_9", 595, -69.65, "B", "DIP", "AND_9", "", "C", 63, 63, 32, 0],
		[19, "AND_10", 495, -69.65, "T", "DIP", "AND_10", "", "C", 63, 63, 32, 0],
		[20, "AND_10", 495, -69.65, "B", "DIP", "AND_10", "", "C", 63, 63, 32, 0],
		[21, "AND_11", 395, -69.65, "T", "DIP", "AND_11", "", "C", 63, 63, 32, 0],
		[22, "AND_11", 395, -69.65, "B", "DIP", "AND_11", "", "C", 63, 63, 32, 0],
		[23, "AND_12", 295, -69.65, "T", "DIP", "AND_12", "", "C", 63, 63, 32, 0],
		[24, "AND_12", 295, -69.65, "B", "DIP", "AND_12", "", "C", 63, 63, 32, 0],
		[25, "AND_13", 195, -69.65, "T", "DIP", "AND_13", "", "C", 63, 63, 32, 0],
		[26, "AND_13", 195, -69.65, "B", "DIP", "AND_13", "", "C", 63, 63, 32, 0],
		[27, "AND_14", 95, -69.65, "T", "DIP", "$1N2683", "", "C", 63, 63, 32, 0],
		[28, "AND_14", 95, -69.65, "B", "DIP", "$1N2683", "", "C", 63, 63, 32, 0],
		[29, "C1_1", 2496.1, -180, "T", "DIP", "$1N3180", "", "C", 62.99, 62.99, 39.37, 90],
		[30, "C1_1", 2496.1, -180, "B", "DIP", "$1N3180", "", "C", 62.99, 62.99, 39.37, 90],
		[31, "C1_2", 2633.9, -180, "T", "DIP", "$1N2104", "", "C", 62.99, 62.99, 39.37, 90],
		[32, "C1_2", 2633.9, -180, "B", "DIP", "$1N2104", "", "C", 62.99, 62.99, 39.37, 90],
		[33, "C2_1", 2131.1, -630, "T", "DIP", "$1N3184", "", "C", 62.99, 62.99, 39.37, 90],
		[34, "C2_1", 2131.1, -630, "B", "DIP", "$1N3184", "", "C", 62.99, 62.99, 39.37, 90],
		[35, "C2_2", 2268.9, -630, "T", "DIP", "$1N2104", "", "C", 62.99, 62.99, 39.37, 90],
		[36, "C2_2", 2268.9, -630, "B", "DIP", "$1N2104", "", "C", 62.99, 62.99, 39.37, 90],
		[37, "CN1_1", 87.06, -969, "T", "DIP", "$1N2683", "", "C", 62.99, 62.99, 39.37, 90],
		[38, "CN1_1", 87.06, -969, "B", "DIP", "$1N2683", "", "C", 62.99, 62.99, 39.37, 90],
		[39, "CN1_2", 187.06, -969, "T", "DIP", "$1N2683", "", "C", 62.99, 62.99, 39.37, 90],
		[40, "CN1_2", 187.06, -969, "B", "DIP", "$1N2683", "", "C", 62.99, 62.99, 39.37, 90],
		[41, "CN1_3", 287.06, -969, "T", "DIP", "$1N2683", "", "C", 62.99, 62.99, 39.37, 90],
		[42, "CN1_3", 287.06, -969, "B", "DIP", "$1N2683", "", "C", 62.99, 62.99, 39.37, 90],
		[43, "CN1_4", 387.06, -969, "T", "DIP", "CN1_4", "", "C", 62.99, 62.99, 39.37, 90],
		[44, "CN1_4", 387.06, -969, "B", "DIP", "CN1_4", "", "C", 62.99, 62.99, 39.37, 90],
		[45, "CN1_5", 487.06, -969, "T", "DIP", "CN1_5", "", "C", 62.99, 62.99, 39.37, 90],
		[46, "CN1_5", 487.06, -969, "B", "DIP", "CN1_5", "", "C", 62.99, 62.99, 39.37, 90],
		[47, "CN1_6", 587.06, -969, "T", "DIP", "CN1_6", "", "C", 62.99, 62.99, 39.37, 90],
		[48, "CN1_6", 587.06, -969, "B", "DIP", "CN1_6", "", "C", 62.99, 62.99, 39.37, 90],
		[49, "CN1_7", 687.06, -969, "T", "DIP", "CN1_7", "", "C", 62.99, 62.99, 39.37, 90],
		[50, "CN1_7", 687.06, -969, "B", "DIP", "CN1_7", "", "C", 62.99, 62.99, 39.37, 90],
		[51, "CN1_8", 787.06, -969, "T", "DIP", "CN1_8", "", "C", 62.99, 62.99, 39.37, 90],
		[52, "CN1_8", 787.06, -969, "B", "DIP", "CN1_8", "", "C", 62.99, 62.99, 39.37, 90],
		[53, "CN1_9", 787.06, -669, "T", "DIP", "CN1_9", "", "C", 62.99, 62.99, 32, 90],
		[54, "CN1_9", 787.06, -669, "B", "DIP", "CN1_9", "", "C", 62.99, 62.99, 32, 90],
		[55, "CN1_10", 687.06, -669, "T", "DIP", "CN1_10", "", "C", 62.99, 62.99, 32, 90],
		[56, "CN1_10", 687.06, -669, "B", "DIP", "CN1_10", "", "C", 62.99, 62.99, 32, 90],
		[57, "CN1_11", 587.06, -669, "T", "DIP", "CN1_11", "", "C", 62.99, 62.99, 32, 90],
		[58, "CN1_11", 587.06, -669, "B", "DIP", "CN1_11", "", "C", 62.99, 62.99, 32, 90],
		[59, "CN1_12", 487.06, -669, "T", "DIP", "CN1_12", "", "C", 62.99, 62.99, 32, 90],
		[60, "CN1_12", 487.06, -669, "B", "DIP", "CN1_12", "", "C", 62.99, 62.99, 32, 90],
		[61, "CN1_13", 387.06, -669, "T", "DIP", "CN1_13", "", "C", 62.99, 62.99, 32, 90],
		[62, "CN1_13", 387.06, -669, "B", "DIP", "CN1_13", "", "C", 62.99, 62.99, 32, 90],
		[63, "CN1_14", 287.06, -669, "T", "DIP", "$1N1596", "", "C", 62.99, 62.99, 32, 90],
		[64, "CN1_14", 287.06, -669, "B", "DIP", "$1N1596", "", "C", 62.99, 62.99, 32, 90],
		[65, "CN1_15", 187.06, -669, "T", "DIP", "$1N1580", "", "C", 62.99, 62.99, 32, 90],
		[66, "CN1_15", 187.06, -669, "B", "DIP", "$1N1580", "", "C", 62.99, 62.99, 32, 90],
		[67, "CN1_16", 87.06, -669, "T", "DIP", "$1N1506", "", "C", 62.99, 62.99, 32, 90],
		[68, "CN1_16", 87.06, -669, "B", "DIP", "$1N1506", "", "C", 62.99, 62.99, 32, 90],
		[69, "H1_1", 699.37, -1111.9, "T", "DIP", "$1N2104", "", "R", 55.12, 55.12, 35.43, 0],
		[70, "H1_1", 699.37, -1111.9, "B", "DIP", "$1N2104", "", "R", 55.12, 55.12, 35.43, 0],
		[71, "H2_1", 60, -1125, "T", "DIP", "$1N2683", "", "R", 55.12, 55.12, 35.43, 0],
		[72, "H2_1", 60, -1125, "B", "DIP", "$1N2683", "", "R", 55.12, 55.12, 35.43, 0],
		[73, "LED1_1", 2640, -695, "T", "DIP", "$1N3053", "", "C", 47.24, 47.24, 23.62, 0],
		[74, "LED1_1", 2640, -695, "B", "DIP", "$1N3053", "", "C", 47.24, 47.24, 23.62, 0],
		[75, "LED1_2", 2740, -695, "T", "DIP", "$1N2104", "", "C", 47.24, 47.24, 23.62, 0],
		[76, "LED1_2", 2740, -695, "B", "DIP", "$1N2104", "", "C", 47.24, 47.24, 23.62, 0],
		[77, "LED2_1", 2630, -440, "T", "DIP", "$1N3057", "", "C", 47.24, 47.24, 23.62, 0],
		[78, "LED2_1", 2630, -440, "B", "DIP", "$1N3057", "", "C", 47.24, 47.24, 23.62, 0],
		[79, "LED2_2", 2730, -440, "T", "DIP", "$1N2104", "", "C", 47.24, 47.24, 23.62, 0],
		[80, "LED2_2", 2730, -440, "B", "DIP", "$1N2104", "", "C", 47.24, 47.24, 23.62, 0],
		[81, "OR_1", 980, -985, "T", "DIP", "$1N1632", "", "R", 78.74, 59.05, 39.37, 90],
		[82, "OR_1", 980, -985, "B", "DIP", "$1N1632", "", "R", 78.74, 59.05, 39.37, 90],
		[83, "OR_2", 1080, -985, "T", "DIP", "$1N1669", "", "O", 78.74, 59.05, 39.37, 90],
		[84, "OR_2", 1080, -985, "B", "DIP", "$1N1669", "", "O", 78.74, 59.05, 39.37, 90],
		[85, "OR_3", 1180, -985, "T", "DIP", "$1N1676", "", "O", 78.74, 59.05, 39.37, 90],
		[86, "OR_3", 1180, -985, "B", "DIP", "$1N1676", "", "O", 78.74, 59.05, 39.37, 90],
		[87, "OR_4", 1280, -985, "T", "DIP", "OR_4", "", "O", 78.74, 59.05, 39.37, 90],
		[88, "OR_4", 1280, -985, "B", "DIP", "OR_4", "", "O", 78.74, 59.05, 39.37, 90],
		[89, "OR_5", 1380, -985, "T", "DIP", "OR_5", "", "O", 78.74, 59.05, 39.37, 90],
		[90, "OR_5", 1380, -985, "B", "DIP", "OR_5", "", "O", 78.74, 59.05, 39.37, 90],
		[91, "OR_6", 1480, -985, "T", "DIP", "OR_6", "", "O", 78.74, 59.05, 39.37, 90],
		[92, "OR_6", 1480, -985, "B", "DIP", "OR_6", "", "O", 78.74, 59.05, 39.37, 90],
		[93, "OR_7", 1580, -985, "T", "DIP", "$1N2104", "", "O", 78.74, 59.05, 39.37, 90],
		[94, "OR_7", 1580, -985, "B", "DIP", "$1N2104", "", "O", 78.74, 59.05, 39.37, 90],
		[95, "OR_8", 1580, -685, "T", "DIP", "OR_8", "", "O", 78.74, 59.05, 39.37, 90],
		[96, "OR_8", 1580, -685, "B", "DIP", "OR_8", "", "O", 78.74, 59.05, 39.37, 90],
		[97, "OR_9", 1480, -685, "T", "DIP", "OR_9", "", "O", 78.74, 59.05, 39.37, 90],
		[98, "OR_9", 1480, -685, "B", "DIP", "OR_9", "", "O", 78.74, 59.05, 39.37, 90],
		[99, "OR_10", 1380, -685, "T", "DIP", "OR_10", "", "O", 78.74, 59.05, 39.37, 90],
		[100, "OR_10", 1380, -685, "B", "DIP", "OR_10", "", "O", 78.74, 59.05, 39.37, 90],
		[101, "OR_11", 1280, -685, "T", "DIP", "OR_11", "", "O", 78.74, 59.05, 39.37, 90],
		[102, "OR_11", 1280, -685, "B", "DIP", "OR_11", "", "O", 78.74, 59.05, 39.37, 90],
		[103, "OR_12", 1180, -685, "T", "DIP", "OR_12", "", "O", 78.74, 59.05, 39.37, 90],
		[104, "OR_12", 1180, -685, "B", "DIP", "OR_12", "", "O", 78.74, 59.05, 39.37, 90],
		[105, "OR_13", 1080, -685, "T", "DIP", "OR_13", "", "O", 78.74, 59.05, 39.37, 90],
		[106, "OR_13", 1080, -685, "B", "DIP", "OR_13", "", "O", 78.74, 59.05, 39.37, 90],
		[107, "OR_14", 980, -685, "T", "DIP", "$1N2683", "", "O", 78.74, 59.05, 39.37, 90],
		[108, "OR_14", 980, -685, "B", "DIP", "$1N2683", "", "O", 78.74, 59.05, 39.37, 90],
		[109, "R1_1", 1822.96, -615, "T", "SMD", "$1N1676", "", "R", 22.27, 21.26, 0, 0],
		[110, "R1_2", 1857.04, -615, "T", "SMD", "$1N3028", "", "R", 22.27, 21.26, 0, 0],
		[111, "R2_1", 1937.96, -845, "T", "SMD", "$1N1682", "", "R", 22.27, 21.26, 0, 0],
		[112, "R2_2", 1972.04, -845, "T", "SMD", "$1N2694", "", "R", 22.27, 21.26, 0, 0],
		[113, "R4_1", 1757.96, -1090, "T", "SMD", "$1N2694", "", "R", 22.27, 21.26, 0, 0],
		[114, "R4_2", 1792.04, -1090, "T", "SMD", "$1N2779", "", "R", 22.27, 21.26, 0, 0],
		[115, "R5_1", 2037.96, -1015, "T", "SMD", "$1N2779", "", "R", 22.27, 21.26, 0, 0],
		[116, "R5_2", 2072.04, -1015, "T", "SMD", "$1N2876", "", "R", 22.27, 21.26, 0, 0],
		[117, "R6_1", 1852.96, -350, "T", "SMD", "$1N3011", "", "R", 22.27, 21.26, 0, 0],
		[118, "R6_2", 1887.04, -350, "T", "SMD", "$1N2935", "", "R", 22.27, 21.26, 0, 0],
		[119, "R7_1", 1722.96, -145, "T", "SMD", "$1N3028", "", "R", 22.27, 21.26, 0, 0],
		[120, "R7_2", 1757.04, -145, "T", "SMD", "$1N3011", "", "R", 22.27, 21.26, 0, 0],
		[121, "U2_1", 2015, -395, "T", "DIP", "$1N2104", "", "R", 70.87, 70.87, 39.37, 0],
		[122, "U2_1", 2015, -395, "B", "DIP", "$1N2104", "", "R", 70.87, 70.87, 39.37, 0],
		[123, "U2_2", 2115, -395, "T", "DIP", "$1N3180", "", "C", 70.87, 70.87, 39.37, 0],
		[124, "U2_2", 2115, -395, "B", "DIP", "$1N3180", "", "C", 70.87, 70.87, 39.37, 0],
		[125, "U2_3", 2215, -395, "T", "DIP", "$1N3057", "", "C", 70.87, 70.87, 39.37, 0],
		[126, "U2_3", 2215, -395, "B", "DIP", "$1N3057", "", "C", 70.87, 70.87, 39.37, 0],
		[127, "U2_4", 2315, -395, "T", "DIP", "$1N2687", "", "C", 70.87, 70.87, 39.37, 0],
		[128, "U2_4", 2315, -395, "B", "DIP", "$1N2687", "", "C", 70.87, 70.87, 39.37, 0],
		[129, "U2_5", 2315, -95, "T", "DIP", "U2_5", "", "C", 70.87, 70.87, 39.37, 0],
		[130, "U2_5", 2315, -95, "B", "DIP", "U2_5", "", "C", 70.87, 70.87, 39.37, 0],
		[131, "U2_6", 2215, -95, "T", "DIP", "$1N2935", "", "C", 70.87, 70.87, 39.37, 0],
		[132, "U2_6", 2215, -95, "B", "DIP", "$1N2935", "", "C", 70.87, 70.87, 39.37, 0],
		[133, "U2_7", 2115, -95, "T", "DIP", "$1N3011", "", "C", 70.87, 70.87, 39.37, 0],
		[134, "U2_7", 2115, -95, "B", "DIP", "$1N3011", "", "C", 70.87, 70.87, 39.37, 0],
		[135, "U2_8", 2015, -95, "T", "DIP", "$1N2687", "", "C", 70.87, 70.87, 39.37, 0],
		[136, "U2_8", 2015, -95, "B", "DIP", "$1N2687", "", "C", 70.87, 70.87, 39.37, 0],
		[137, "U3_1", 2305, -1150, "T", "DIP", "$1N2104", "", "R", 70.87, 70.87, 39.37, 0],
		[138, "U3_1", 2305, -1150, "B", "DIP", "$1N2104", "", "R", 70.87, 70.87, 39.37, 0],
		[139, "U3_2", 2405, -1150, "T", "DIP", "$1N3184", "", "C", 70.87, 70.87, 39.37, 0],
		[140, "U3_2", 2405, -1150, "B", "DIP", "$1N3184", "", "C", 70.87, 70.87, 39.37, 0],
		[141, "U3_3", 2505, -1150, "T", "DIP", "$1N3053", "", "C", 70.87, 70.87, 39.37, 0],
		[142, "U3_3", 2505, -1150, "B", "DIP", "$1N3053", "", "C", 70.87, 70.87, 39.37, 0],
		[143, "U3_4", 2605, -1150, "T", "DIP", "$1N2694", "", "C", 70.87, 70.87, 39.37, 0],
		[144, "U3_4", 2605, -1150, "B", "DIP", "$1N2694", "", "C", 70.87, 70.87, 39.37, 0],
		[145, "U3_5", 2605, -850, "T", "DIP", "U3_5", "", "C", 70.87, 70.87, 39.37, 0],
		[146, "U3_5", 2605, -850, "B", "DIP", "U3_5", "", "C", 70.87, 70.87, 39.37, 0],
		[147, "U3_6", 2505, -850, "T", "DIP", "$1N2876", "", "C", 70.87, 70.87, 39.37, 0],
		[148, "U3_6", 2505, -850, "B", "DIP", "$1N2876", "", "C", 70.87, 70.87, 39.37, 0],
		[149, "U3_7", 2405, -850, "T", "DIP", "$1N2779", "", "C", 70.87, 70.87, 39.37, 0],
		[150, "U3_7", 2405, -850, "B", "DIP", "$1N2779", "", "C", 70.87, 70.87, 39.37, 0],
		[151, "U3_8", 2305, -850, "T", "DIP", "$1N2694", "", "C", 70.87, 70.87, 39.37, 0],
		[152, "U3_8", 2305, -850, "B", "DIP", "$1N2694", "", "C", 70.87, 70.87, 39.37, 0],
		[153, "XOR_1", 960, -400, "T", "DIP", "$1N1506", "", "R", 63, 63, 35.43, 0],
		[154, "XOR_1", 960, -400, "B", "DIP", "$1N1506", "", "R", 63, 63, 35.43, 0],
		[155, "XOR_2", 1060, -400, "T", "DIP", "$1N1580", "", "C", 63, 63, 35.43, 0],
		[156, "XOR_2", 1060, -400, "B", "DIP", "$1N1580", "", "C", 63, 63, 35.43, 0],
		[157, "XOR_3", 1160, -400, "T", "DIP", "$1N1640", "", "C", 63, 63, 35.43, 0],
		[158, "XOR_3", 1160, -400, "B", "DIP", "$1N1640", "", "C", 63, 63, 35.43, 0],
		[159, "XOR_4", 1260, -400, "T", "DIP", "$1N1640", "", "C", 63, 63, 35.43, 0],
		[160, "XOR_4", 1260, -400, "B", "DIP", "$1N1640", "", "C", 63, 63, 35.43, 0],
		[161, "XOR_5", 1360, -400, "T", "DIP", "$1N1596", "", "C", 63, 63, 35.43, 0],
		[162, "XOR_5", 1360, -400, "B", "DIP", "$1N1596", "", "C", 63, 63, 35.43, 0],
		[163, "XOR_6", 1460, -400, "T", "DIP", "$1N1682", "", "C", 63, 63, 35.43, 0],
		[164, "XOR_6", 1460, -400, "B", "DIP", "$1N1682", "", "C", 63, 63, 35.43, 0],
		[165, "XOR_7", 1560, -400, "T", "DIP", "$1N2104", "", "C", 63, 63, 35.43, 0],
		[166, "XOR_7", 1560, -400, "B", "DIP", "$1N2104", "", "C", 63, 63, 35.43, 0],
		[167, "XOR_8", 1560, -100, "T", "DIP", "XOR_8", "", "C", 63, 63, 35.43, 0],
		[168, "XOR_8", 1560, -100, "B", "DIP", "XOR_8", "", "C", 63, 63, 35.43, 0],
		[169, "XOR_9", 1460, -100, "T", "DIP", "XOR_9", "", "C", 63, 63, 35.43, 0],
		[170, "XOR_9", 1460, -100, "B", "DIP", "XOR_9", "", "C", 63, 63, 35.43, 0],
		[171, "XOR_10", 1360, -100, "T", "DIP", "XOR_10", "", "C", 63, 63, 35.43, 0],
		[172, "XOR_10", 1360, -100, "B", "DIP", "XOR_10", "", "C", 63, 63, 35.43, 0],
		[173, "XOR_11", 1260, -100, "T", "DIP", "XOR_11", "", "C", 63, 63, 35.43, 0],
		[174, "XOR_11", 1260, -100, "B", "DIP", "XOR_11", "", "C", 63, 63, 35.43, 0],
		[175, "XOR_12", 1160, -100, "T", "DIP", "XOR_12", "", "C", 63, 63, 35.43, 0],
		[176, "XOR_12", 1160, -100, "B", "DIP", "XOR_12", "", "C", 63, 63, 35.43, 0],
		[177, "XOR_13", 1060, -100, "T", "DIP", "XOR_13", "", "C", 63, 63, 35.43, 0],
		[178, "XOR_13", 1060, -100, "B", "DIP", "XOR_13", "", "C", 63, 63, 35.43, 0],
		[179, "XOR_14", 960, -100, "T", "DIP", "$1N2683", "", "C", 63, 63, 35.43, 0],
		[180, "XOR_14", 960, -100, "B", "DIP", "$1N2683", "", "C", 63, 63, 35.43, 0]
	]
}
}