{
"lengthUnit": "mil",
"components": {
	"fields": ["COMPONENT_NO", "COMPONENT_NAME", "LAYER", "X_COORDINATE", "Y_COORDINATE", "ANGLE"],
	"rows": [
		[1, "D1", "T", -1290, 320, 90],
		[2, "D2", "T", -1289.76, 190, 90],
		[3, "R1", "T", -900, 70, 0],
		[4, "R2", "T", -1020, 70, 0],
		[5, "R3", "T", -755, 315, 90],
		[6, "R4", "T", -755, 195, 90],
		[7, "S1", "T", -935, 255, 270],
		[8, "S2", "T", -1160, 260, 90],
		[9, "PAD1", "B", -1242.64, 340, 0],
		[10, "PAD2", "B", -1171.77, 340, 0],
		[11, "PAD3", "B", -1100.91, 340, 0],
		[12, "PAD4", "B", -1030.04, 340, 0],
		[13, "PAD5", "B", -959.17, 340, 0],
		[14, "PAD6", "B", -888.31, 340, 0],
		[15, "PAD7", "B", -817.44, 340, 0]
	]
},
"pins": {
	"fields": ["PIN_NO", "PIN_NAME", "PIN_X", "PIN_Y", "LAYER", "PIN_TYPE", "NET_NAME", "NET_TYPE", "PAD_SHAPE", "PAD_SIZEX", "PAD_SIZEY", "HOLE_SIZE", "PAD_ANGLE"],
	"rows": [
		[1, "D1_1", -1290, 287.52, "T", "SMD", "$1N370", "", "R", 31.5, 31.5, 0, 90],
		[2, "D1_2", -1290, 352.48, "T", "SMD", "D1", "", "R", 31.5, 31.5, 0, 90],
		[3, "D2_1", -1289.76, 160.47, "T", "SMD", "D2", "", "R", 31.5, 31.5, 0, 90],
		[4, "D2_2", -1289.76, 219.53, "T", "SMD", "$1N368", "", "R", 31.5, 31.5, 0, 90],
		[5, "R1_1", -929.66, 70, "T", "SMD", "$1N370", "", "R", 31.75, 34.02, 0, 0],
		[6, "R1_2", -870.34, 70, "T", "SMD", "GND", "GND", "R", 31.75, 34.02, 0, 0],
		[7, "R2_1", -1049.66, 70, "T", "SMD", "$1N368", "", "R", 31.75, 34.02, 0, 0],
		[8, "R2_2", -990.34, 70, "T", "SMD", "GND", "GND", "R", 31.75, 34.02, 0, 0],
		[9, "R3_1", -755, 285.34, "T", "SMD", "VCC", "", "R", 31.75, 34.02, 0, 90],
		[10, "R3_2", -755, 344.66, "T", "SMD", "S1-1", "", "R", 31.75, 34.02, 0, 90],
		[11, "R4_1", -755, 165.34, "T", "SMD", "VCC", "", "R", 31.75, 34.02, 0, 90],
		[12, "R4_2", -755, 224.66, "T", "SMD", "S1-2", "", "R", 31.75, 34.02, 0, 90],
		[13, "S1_1", -846.42, 371.14, "T", "SMD", "S1-1", "", "R", 39.37, 43.31, 0, 0],
		[14, "S1_2", -846.42, 138.86, "T", "SMD", "GND", "GND", "R", 39.37, 43.31, 0, 0],
		[15, "S1_3", -1023.58, 371.14, "T", "SMD", "GND", "GND", "R", 39.37, 43.31, 0, 0],
		[16, "S1_4", -1023.58, 138.86, "T", "SMD", "S1-2", "", "R", 39.37, 43.31, 0, 0],
		[17, "S1_5", -814.92, 255, "T", "SMD", "S1_5", "", "R", 39.37, 27.56, 0, 90],
		[18, "S1_6", -1055.08, 255, "T", "SMD", "S1_6", "", "R", 39.37, 27.56, 0, 90],
		[19, "S2_1", -1207.24, 160, "T", "SMD", "S2_1", "", "R", 39.37, 62.99, 0, 90],
		[20, "S2_2", -1207.24, 260, "T", "SMD", "S2_2", "", "R", 39.37, 62.99, 0, 90],
		[21, "S2_3", -1207.24, 360, "T", "SMD", "S2_3", "", "R", 39.37, 62.99, 0, 90],
		[22, "S2_5", -1112.76, 160, "T", "SMD", "S2_5", "", "R", 39.37, 62.99, 0, 90],
		[23, "S2_6", -1112.76, 260, "T", "SMD", "S2", "", "R", 39.37, 62.99, 0, 90],
		[24, "S2_7", -1112.76, 360, "T", "SMD", "GND", "GND", "R", 39.37, 62.99, 0, 90],
		[25, "PAD1_1", -1242.64, 340, "B", "SMD", "D2", "", "C", 60, 60, 0, 0],
		[26, "PAD2_1", -1171.77, 340, "B", "SMD", "D1", "", "C", 60, 60, 0, 0],
		[27, "PAD3_1", -1100.91, 340, "B", "SMD", "S1-2", "", "C", 60, 60, 0, 0],
		[28, "PAD4_1", -1030.04, 340, "B", "SMD", "S2", "", "C", 60, 60, 0, 0],
		[29, "PAD5_1", -959.17, 340, "B", "SMD", "S1-1", "", "C", 60, 60, 0, 0],
		[30, "PAD6_1", -888.31, 340, "B", "SMD", "GND", "GND", "C", 60, 60, 0, 0],
		[31, "PAD7_1", -817.44, 340, "B", "SMD", "VCC", "", "C", 60, 60, 0, 0]
	]
}
}