{
  "editorVersion": "6.5.50",
  "docType": "5",
  "title": "4444",
  "description": "",
  "colors": {},
  "schematics": [
    {
      "docType": "1",
      "title": "Sheet_4",
      "description": "",
      "dataStr": {
        "head": {
          "docType": "1",
          "editorVersion": "6.5.50",
          "newgId": true,
          "c_para": {
            "Prefix Start": "1"
          },
          "c_spiceCmd": "null",
          "uuid": "ac35df99c34443439f6d25bd016a46f5",
          "x": "0",
          "y": "0",
          "portOfADImportHack": "",
          "importFlag": 0,
          "transformList": "",
          "hasIdFlag": true
        },
        "canvas": "CA~1000~1000~#FFFFFF~yes~#CCCCCC~5~1000~1000~line~5~pixel~5~0~0",
        "shape": [
          "LIB~0~-806~package`NONE`Manufacturer Part`?`spicePre`.`~~0~frame_lib_1~~~0~5145b437b45c093f~yes~yes~~~#@$T~N~571~-809~0~#000080~Arial~~~~~comment~A~0~start~gge223~0~pinpart#@$PT~M 206 -796 L 206 -806 M 206 -10 L 206 0 M 402 -796 L 402 -806 M 402 -10 L 402 0 M 598 -796 L 598 -806 M 598 -10 L 598 0 M 794 -796 L 794 -806 M 794 -10 L 794 0 M 990 -796 L 990 -806 M 990 -10 L 990 0 M 10 -600 L 0 -600 M 1139 -600 L 1149 -600 M 10 -404 L 0 -404 M 1139 -404 L 1149 -404 M 10 -208 L 0 -208 M 1139 -208 L 1149 -208 M 10 -12 L 0 -12 M 1139 -12 L 1149 -12~#880000~1~0~none~gge10~0~frame_tick#@$T~P~571~-819~0~#000080~Arial~~~~~comment~A~0~start~gge220~0~pinpart#@$T~L~1.5~-698~0~#880000~~~~~~comment~A~1~start~gge13~0~frame_tick#@$T~L~1140.5~-698~0~#880000~~~~~~comment~A~1~start~gge19~0~frame_tick#@$T~L~1.5~-502~0~#880000~~~~~~comment~B~1~start~gge25~0~frame_tick#@$T~L~1140.5~-502~0~#880000~~~~~~comment~B~1~start~gge31~0~frame_tick#@$T~L~1.5~-306~0~#880000~~~~~~comment~C~1~start~gge37~0~frame_tick#@$T~L~1140.5~-306~0~#880000~~~~~~comment~C~1~start~gge43~0~frame_tick#@$T~L~1.5~-110~0~#880000~~~~~~comment~D~1~start~gge49~0~frame_tick#@$T~L~1140.5~-110~0~#880000~~~~~~comment~D~1~start~gge55~0~frame_tick#@$T~L~108~-797.5~0~#880000~~~~~~comment~1~1~start~gge61~0~frame_tick#@$T~L~108~-1.5~0~#880000~~~~~~comment~1~1~start~gge67~0~frame_tick#@$T~L~304~-797.5~0~#880000~~~~~~comment~2~1~start~gge73~0~frame_tick#@$T~L~304~-1.5~0~#880000~~~~~~comment~2~1~start~gge79~0~frame_tick#@$T~L~500~-797.5~0~#880000~~~~~~comment~3~1~start~gge85~0~frame_tick#@$T~L~500~-1.5~0~#880000~~~~~~comment~3~1~start~gge91~0~frame_tick#@$T~L~696~-797.5~0~#880000~~~~~~comment~4~1~start~gge97~0~frame_tick#@$T~L~696~-1.5~0~#880000~~~~~~comment~4~1~start~gge103~0~frame_tick#@$T~L~892~-797.5~0~#880000~~~~~~comment~5~1~start~gge109~0~frame_tick#@$T~L~892~-1.5~0~#880000~~~~~~comment~5~1~start~gge115~0~frame_tick#@$R~10~-796~~~1129~786~#880000~1~0~none~gge121~0~frame_innerbox#@$R~0~-806~~~1149~806~#880000~1~0~none~gge124~0~frame_outbox#@$R~694.99995~-90~~~444~80~#880000~1~0~none~gge127~0~frame_hitarea#@$PL~695.1 -50.75 1138.63 -50.75~#880000~1~0~none~gge130~0#@$PL~799.63 -30.75 1138.63 -30.75~#880000~1~0~none~gge133~0#@$PL~1059.61 -89.93 1059.63 -50.75~#880000~1~0~none~gge136~0#@$PL~1059.63 -50.75 1059.63 -30.75~#880000~1~0~none~gge139~0#@$T~L~699.99995~-77~0~#880000~~8pt~~~~comment~TITLE:~1~start~gge142~0~pinpart#@$T~L~1064.62495~-63.75~0~#880000~~8pt~~~~comment~REV:~1~start~gge154~0~pinpart#@$T~L~804.62495~-15~0~#880000~~8pt~~~~comment~Date:~1~start~gge166~0~pinpart#@$T~L~1063.62495~-35~0~#880000~~8pt~~~~comment~Sheet:~1~start~gge178~0~pinpart#@$T~L~943.62495~-14.75~0~#880000~~8pt~~~~comment~Drawn By:~1~start~gge190~0~pinpart#@$T~L~804.62495~-36.75~0~#880000~~8pt~~~~comment~Company:~1~start~gge202~0~pinpart#@$PL~799.63 -50.75 799.63 -10.75~#880000~1~0~none~gge214~0",
          "F~part_netLabel_gnD~1005~-275~180~gge1861~~0^^1005~-275^^GND~#000000~992.22~-294.46~0~start~1~Times New Roman~9pt~flag_gge748^^PL~1005 -285 1005 -275~#000000~1~0~transparent~gge1873~0^^PL~1014 -285 996 -285~#000000~1~0~transparent~gge1876~0^^PL~1011 -287 999 -287~#000000~1~0~transparent~gge1879~0^^PL~1008 -289 1002 -289~#000000~1~0~transparent~gge1882~0^^PL~1006 -291 1004 -291~#000000~1~0~transparent~gge1885~0",
          "F~part_netLabel_gnD~1055~-305~180~gge1969~~0^^1055~-305^^GND~#000000~1042.22~-324.46~0~start~1~Times New Roman~9pt~flag_gge751^^PL~1055 -315 1055 -305~#000000~1~0~transparent~gge1981~0^^PL~1064 -315 1046 -315~#000000~1~0~transparent~gge1984~0^^PL~1061 -317 1049 -317~#000000~1~0~transparent~gge1987~0^^PL~1058 -319 1052 -319~#000000~1~0~transparent~gge1990~0^^PL~1056 -321 1054 -321~#000000~1~0~transparent~gge1993~0",
          "F~part_netLabel_gnD~970~-200~0~gge1996~~0^^970~-200^^GND~#000000~957.22~-173.13~0~start~1~Times New Roman~9pt~flag_gge754^^PL~970 -190 970 -200~#000000~1~0~transparent~gge2008~0^^PL~961 -190 979 -190~#000000~1~0~transparent~gge2011~0^^PL~964 -188 976 -188~#000000~1~0~transparent~gge2014~0^^PL~967 -186 973 -186~#000000~1~0~transparent~gge2017~0^^PL~969 -184 971 -184~#000000~1~0~transparent~gge2020~0",
          "W~680 -230 595 -230 595 -220~#008800~1~0~none~gge2053~0",
          "W~680 -240 585 -240 585 -220~#008800~1~0~none~gge2056~0",
          "W~680 -250 550 -250 550 -260 465 -260~#008800~1~0~none~gge2059~0",
          "F~part_netLabel_gnD~645~-190~90~gge2108~~0^^645~-190^^GND~#000000~661.5~-186.25~0~start~1~Times New Roman~9pt~flag_gge757^^PL~655 -190 645 -190~#000000~1~0~transparent~gge2120~0^^PL~655 -181 655 -199~#000000~1~0~transparent~gge2123~0^^PL~657 -184 657 -196~#000000~1~0~transparent~gge2126~0^^PL~659 -187 659 -193~#000000~1~0~transparent~gge2129~0^^PL~661 -189 661 -191~#000000~1~0~transparent~gge2132~0",
          "F~part_netLabel_gnD~645~-350~90~gge2135~~0^^645~-350^^GND~#000000~661.5~-346.25~0~start~1~Times New Roman~9pt~flag_gge760^^PL~655 -350 645 -350~#000000~1~0~transparent~gge2147~0^^PL~655 -341 655 -359~#000000~1~0~transparent~gge2150~0^^PL~657 -344 657 -356~#000000~1~0~transparent~gge2153~0^^PL~659 -347 659 -353~#000000~1~0~transparent~gge2156~0^^PL~661 -349 661 -351~#000000~1~0~transparent~gge2159~0",
          "F~part_netLabel_gnD~470~-350~180~gge2162~~0^^470~-350^^GND~#000000~457.25~-369.5~0~start~1~Times New Roman~9pt~flag_gge763^^PL~470 -360 470 -350~#000000~1~0~transparent~gge2174~0^^PL~479 -360 461 -360~#000000~1~0~transparent~gge2177~0^^PL~476 -362 464 -362~#000000~1~0~transparent~gge2180~0^^PL~473 -364 467 -364~#000000~1~0~transparent~gge2183~0^^PL~471 -366 469 -366~#000000~1~0~transparent~gge2186~0",
          "F~part_netLabel_gnD~435~-180~0~gge2189~~0^^435~-180^^GND~#000000~422.25~-153~0~start~1~Times New Roman~9pt~flag_gge766^^PL~435 -170 435 -180~#000000~1~0~transparent~gge2201~0^^PL~426 -170 444 -170~#000000~1~0~transparent~gge2204~0^^PL~429 -168 441 -168~#000000~1~0~transparent~gge2207~0^^PL~432 -166 438 -166~#000000~1~0~transparent~gge2210~0^^PL~434 -164 436 -164~#000000~1~0~transparent~gge2213~0",
          "W~535 -190 535 -180 435 -180 435 -210~#008800~1~0~none~gge2243~0",
          "W~535 -350 435 -350 435 -320~#008800~1~0~none~gge2254~0",
          "F~part_netLabel_gnD~465~-240~90~gge2261~~0^^465~-240^^GND~#000000~481.5~-235.92~0~start~1~Times New Roman~9pt~flag_gge769^^PL~475 -240 465 -240~#000000~1~0~transparent~gge2273~0^^PL~475 -231 475 -249~#000000~1~0~transparent~gge2276~0^^PL~477 -234 477 -246~#000000~1~0~transparent~gge2279~0^^PL~479 -237 479 -243~#000000~1~0~transparent~gge2282~0^^PL~481 -239 481 -241~#000000~1~0~transparent~gge2285~0",
          "F~part_netLabel_gnD~575~-320~270~gge2342~~0^^575~-320^^GND~#000000~533~-316.25~0~start~1~Times New Roman~9pt~flag_gge772^^PL~565 -320 575 -320~#000000~1~0~transparent~gge2354~0^^PL~565 -329 565 -311~#000000~1~0~transparent~gge2357~0^^PL~563 -326 563 -314~#000000~1~0~transparent~gge2360~0^^PL~561 -323 561 -317~#000000~1~0~transparent~gge2363~0^^PL~559 -321 559 -319~#000000~1~0~transparent~gge2366~0",
          "F~part_netLabel_gnD~605~-220~90~gge2369~~0^^605~-220^^GND~#000000~621.5~-216.25~0~start~1~Times New Roman~9pt~flag_gge775^^PL~615 -220 605 -220~#000000~1~0~transparent~gge2381~0^^PL~615 -211 615 -229~#000000~1~0~transparent~gge2384~0^^PL~617 -214 617 -226~#000000~1~0~transparent~gge2387~0^^PL~619 -217 619 -223~#000000~1~0~transparent~gge2390~0^^PL~621 -219 621 -221~#000000~1~0~transparent~gge2393~0",
          "F~part_netLabel_+5V~575~-230~0~gge2423~~0^^575~-230^^+5V~#000000~564.5~-243.5~0~start~1~Times New Roman~9pt~flag_gge778^^PL~575 -240 575 -230~#000000~1~0~transparent~gge2435~0^^PL~570 -240 580 -240~#000000~1~0~transparent~gge2438~0",
          "F~part_netLabel_+5V~470~-280~270~gge2441~~0^^470~-280^^+5V~#000000~479.26~-275.93~0~start~1~Times New Roman~9pt~flag_gge781^^PL~480 -280 470 -280~#000000~1~0~transparent~gge2453~0^^PL~480 -285 480 -275~#000000~1~0~transparent~gge2456~0",
          "F~part_netLabel_+5V~620~-320~180~gge2459~~0^^620~-320^^+5V~#000000~609.5~-299~0~start~1~Times New Roman~9pt~flag_gge784^^PL~620 -310 620 -320~#000000~1~0~transparent~gge2471~0^^PL~625 -310 615 -310~#000000~1~0~transparent~gge2474~0",
          "F~part_netLabel_+5V~880~-220~90~gge2659~~0^^880~-220^^+5V~#000000~848.5~-216.25~0~start~1~Times New Roman~9pt~flag_gge787^^PL~870 -220 880 -220~#000000~1~0~transparent~gge2671~0^^PL~870 -215 870 -225~#000000~1~0~transparent~gge2674~0",
          "W~880 -220 880 -190 895 -190~#008800~1~0~none~gge2774~0",
          "W~935 -190 950 -190 950 -200 1055 -200 1055 -215~#008800~1~0~none~gge2777~0",
          "W~485 -205 485 -180~#008800~1~0~none~gge3071~0",
          "W~525 -205 525 -230 575 -230 575 -220~#008800~1~0~none~gge3103~0",
          "W~645 -310 635 -310 635 -320 605 -320~#008800~1~0~none~gge3202~0",
          "O~680~-290~gge3294~M 676 -294 L 684 -286 M 684 -294 L 676 -286~#33cc33~0",
          "O~680~-300~gge3300~M 676 -304 L 684 -296 M 684 -304 L 676 -296~#33cc33~0",
          "O~800~-290~gge3306~M 796 -294 L 804 -286 M 804 -294 L 796 -286~#33cc33~0",
          "W~800 -270 895 -270 895 -330~#008800~1~0~none~gge3489~0",
          "W~800 -280 845 -280 845 -360~#008800~1~0~none~gge3492~0",
          "F~part_netLabel_gnD~935~-330~180~gge3495~~0^^935~-330^^GND~#000000~922.22~-349.46~0~start~1~Times New Roman~9pt~flag_gge790^^PL~935 -340 935 -330~#000000~1~0~transparent~gge3507~0^^PL~944 -340 926 -340~#000000~1~0~transparent~gge3510~0^^PL~941 -342 929 -342~#000000~1~0~transparent~gge3513~0^^PL~938 -344 932 -344~#000000~1~0~transparent~gge3516~0^^PL~936 -346 934 -346~#000000~1~0~transparent~gge3519~0",
          "F~part_netLabel_gnD~845~-400~180~gge3522~~0^^845~-400^^GND~#000000~832.22~-419.46~0~start~1~Times New Roman~9pt~flag_gge793^^PL~845 -410 845 -400~#000000~1~0~transparent~gge3534~0^^PL~854 -410 836 -410~#000000~1~0~transparent~gge3537~0^^PL~851 -412 839 -412~#000000~1~0~transparent~gge3540~0^^PL~848 -414 842 -414~#000000~1~0~transparent~gge3543~0^^PL~846 -416 844 -416~#000000~1~0~transparent~gge3546~0",
          "F~part_netLabel_gnD~825~-360~180~gge3579~~0^^825~-360^^GND~#000000~812.22~-379.46~0~start~1~Times New Roman~9pt~flag_gge796^^PL~825 -370 825 -360~#000000~1~0~transparent~gge3591~0^^PL~834 -370 816 -370~#000000~1~0~transparent~gge3594~0^^PL~831 -372 819 -372~#000000~1~0~transparent~gge3597~0^^PL~828 -374 822 -374~#000000~1~0~transparent~gge3600~0^^PL~826 -376 824 -376~#000000~1~0~transparent~gge3603~0",
          "W~800 -300 825 -300 825 -360~#008800~1~0~none~gge3634~0",
          "F~part_netLabel_gnD~810~-260~90~gge3637~~0^^810~-260^^GND~#000000~826.5~-256.3~0~start~1~Times New Roman~9pt~flag_gge799^^PL~820 -260 810 -260~#000000~1~0~transparent~gge3649~0^^PL~820 -251 820 -269~#000000~1~0~transparent~gge3652~0^^PL~822 -254 822 -266~#000000~1~0~transparent~gge3655~0^^PL~824 -257 824 -263~#000000~1~0~transparent~gge3658~0^^PL~826 -259 826 -261~#000000~1~0~transparent~gge3661~0",
          "F~part_netLabel_+5V~840~-250~270~gge3691~~0^^840~-250^^+5V~#000000~849.27~-245.92~0~start~1~Times New Roman~9pt~flag_gge802^^PL~850 -250 840 -250~#000000~1~0~transparent~gge3703~0^^PL~850 -255 850 -245~#000000~1~0~transparent~gge3706~0",
          "W~810 -260 800 -260~#008800~1~0~none~gge3732~0",
          "W~840 -250 800 -250~#008800~1~0~none~gge3735~0",
          "W~1005 -245 1005 -220 920 -220~#008800~1~0~none~gge3768~0",
          "W~1005 -265 880 -265 880 -240 800 -240~#008800~1~0~none~gge3773~0",
          "W~800 -230 890 -230 890 -255 1005 -255~#008800~1~0~none~gge3776~0",
          "W~465 -250 465 -240~#008800~1~0~none~gge3782~0",
          "W~470 -310 470 -280 465 -280~#008800~1~0~none~gge3786~0",
          "W~680 -260 555 -260 555 -270 465 -270~#008800~1~0~none~gge3791~0",
          "W~585 -320 585 -275 600 -275 600 -270 680 -270~#008800~1~0~none~gge3794~0",
          "W~680 -280 605 -280 605 -290 595 -290 595 -320~#008800~1~0~none~gge3797~0",
          "J~470~-350~2.5~#CC0000~gge2258~0",
          "J~880~-220~2.5~#CC0000~gge2699~0",
          "J~485~-180~2.5~#CC0000~gge3077~0",
          "J~575~-230~2.5~#CC0000~gge3107~0",
          "J~645~-350~2.5~#CC0000~gge3287~0",
          "J~970~-200~2.5~#CC0000~gge2700~0",
          "J~470~-280~2.5~#CC0000~gge3787~0",
          "J~620~-320~2.5~#CC0000~gge3788~0",
          "J~435~-180~2.5~#CC0000~gge3798~0",
          "LIB~1030~-260~package`USB-A-TH_U-G-04WD-W-01`Supplier`LCSC`Manufacturer`韩国韩荣`Manufacturer Part`U-G-O4DD-W-1`Supplier Part`C98125`JLCPCB Part Class`Extended Part`spicePre`U`spiceSymbolName`U-G-04DD-W-01`~180~0~ggeb8def7803722cbe9~9b2811d4e7cc4ff1a23eacd12575aecc~81d0ceff918243679765910720a50de4~0~baa45dd192908719~yes~yes~935cdb80488f459b80ecd3777320ae2b~1706198472~81523c8f17f74a78ac87262235d57a3a#@$T~N~1067~-247~0~#000080~Arial~~~~~comment~U-G-04DD-W-01~1~start~gge226~0~pinpart#@$T~P~1067~-257~0~#000080~Arial~~~~~comment~USB1~1~start~gge235~0~pinpart#@$P~show~0~6~1055~-215~270~gge241~0^^1055~-215^^M 1055 -215 v -20~#880000^^1~1058~-237~270~6~start~~~#0000FF^^1~1054~-230~270~6~end~~~#0000FF^^0~1055~-232^^0~M 1058 -235 L 1055 -238 L 1052 -235#@$P~show~0~5~1055~-305~90~gge262~0^^1055~-305^^M 1055 -305 v 20~#880000^^1~1058~-283~270~5~end~~~#0000FF^^1~1054~-290~270~5~start~~~#0000FF^^0~1055~-288^^0~M 1052 -285 L 1055 -282 L 1058 -285#@$P~show~0~4~1005~-275~180~gge283~0^^1005~-275^^M 1005 -275 h 20~#880000^^1~1027~-272~0~GND~start~~~#0000FF^^1~1020~-276~0~4~end~~~#0000FF^^0~1022~-275^^0~M 1025 -272 L 1028 -275 L 1025 -278#@$P~show~0~3~1005~-265~180~gge304~0^^1005~-265^^M 1005 -265 h 20~#880000^^1~1027~-262~0~D+~start~~~#0000FF^^1~1020~-266~0~3~end~~~#0000FF^^0~1022~-265^^0~M 1025 -262 L 1028 -265 L 1025 -268#@$P~show~0~2~1005~-255~180~gge325~0^^1005~-255^^M 1005 -255 h 20~#880000^^1~1027~-252~0~D-~start~~~#0000FF^^1~1020~-256~0~2~end~~~#0000FF^^0~1022~-255^^0~M 1025 -252 L 1028 -255 L 1025 -258#@$P~show~0~1~1005~-245~180~gge346~0^^1005~-245^^M 1005 -245 h 20~#880000^^1~1027~-242~0~VCC~start~~~#0000FF^^1~1020~-246~0~1~end~~~#0000FF^^0~1022~-245^^0~M 1025 -242 L 1028 -245 L 1025 -248#@$R~1025~-285~2~2~40~50~#000000~1~0~none~gge367~0~",
          "LIB~585~-340~package`USB-A-TH_C46407`Contributor`LCSC`Supplier`LCSC`Supplier Part`C46407`Manufacturer`精拓金`Manufacturer Part`903-131A1011D10100`JLCPCB Part Class`Extended Part`spicePre`U`spiceSymbolName`USB-AF-90-14.4X13.6-H7.0-DIP`~~0~gge24944ca371fa7701~cd38c4a1c1a3407ba9c8fbbc77ac30b4~8da16a7f1e1c4a06952acc412b337b14~0~582ef1c0991fa539~yes~yes~bb170b9e5fc9453e805d6f1ef4c09aa3~1700042127~1af668199dc24e72abd01f3a90513022#@$T~N~577.86~-373~0~#000080~Arial~~~~~comment~USB-AF-90-14.4X13.6-H7.0-DIP~1~start~gge517~0~pinpart#@$T~P~577.86~-382.14~0~#000080~Arial~~~~~comment~USB2~1~start~gge523~0~pinpart#@$P~show~0~1~605~-320~270~gge529~0^^605~-320^^M 605 -320 v -20~#880000^^1~608~-342~270~VCC~start~~~#0000FF^^1~604~-335~270~1~end~~~#0000FF^^0~605~-337^^0~M 608 -340 L 605 -343 L 602 -340#@$P~show~0~2~595~-320~270~gge550~0^^595~-320^^M 595 -320 v -20~#880000^^1~598~-342~270~D-~start~~~#0000FF^^1~594~-335~270~2~end~~~#0000FF^^0~595~-337^^0~M 598 -340 L 595 -343 L 592 -340#@$P~show~0~3~585~-320~270~gge571~0^^585~-320^^M 585 -320 v -20~#880000^^1~588~-342~270~D+~start~~~#0000FF^^1~584~-335~270~3~end~~~#0000FF^^0~585~-337^^0~M 588 -340 L 585 -343 L 582 -340#@$P~show~0~4~575~-320~270~gge592~0^^575~-320^^M 575 -320 v -20~#880000^^1~578~-342~270~GND~start~~~#0000FF^^1~574~-335~270~4~end~~~#0000FF^^0~575~-337^^0~M 578 -340 L 575 -343 L 572 -340#@$R~555~-370~~~70~30~#000000~1~0~none~gge613~0~#@$P~show~0~5~535~-350~180~gge616~0^^535~-350^^M 535 -350 h 20~#880000^^1~557~-347~0~5~start~~~#0000FF^^1~550~-351~0~5~end~~~#0000FF^^0~552~-350^^0~M 555 -347 L 558 -350 L 555 -353#@$P~show~0~6~645~-350~0~gge637~0^^645~-350^^M 645 -350 h -20~#880000^^1~623~-347~0~6~end~~~#0000FF^^1~630~-351~0~6~start~~~#0000FF^^0~628~-350^^0~M 625 -353 L 622 -350 L 625 -347",
          "LIB~595~-200~package`USB-A-TH_C46407`Contributor`LCSC`Supplier`LCSC`Supplier Part`C46407`Manufacturer`精拓金`Manufacturer Part`903-131A1011D10100`JLCPCB Part Class`Extended Part`spicePre`U`spiceSymbolName`USB-AF-90-14.4X13.6-H7.0-DIP`~180~0~gged8502bc40f46705d~cd38c4a1c1a3407ba9c8fbbc77ac30b4~8da16a7f1e1c4a06952acc412b337b14~0~5067b0c0994c3318~yes~yes~bb170b9e5fc9453e805d6f1ef4c09aa3~1700042127~1af668199dc24e72abd01f3a90513022#@$T~N~578~-151~0~#000080~Arial~~~~~comment~USB-AF-90-14.4X13.6-H7.0-DIP~1~start~gge664~0~pinpart#@$T~P~578~-161~0~#000080~Arial~~~~~comment~USB3~1~start~gge670~0~pinpart#@$P~show~0~1~575~-220~90~gge676~0^^575~-220^^M 575 -220 v 20~#880000^^1~578~-198~270~VCC~end~~~#0000FF^^1~574~-205~270~1~start~~~#0000FF^^0~575~-203^^0~M 572 -200 L 575 -197 L 578 -200#@$P~show~0~2~585~-220~90~gge697~0^^585~-220^^M 585 -220 v 20~#880000^^1~588~-198~270~D-~end~~~#0000FF^^1~584~-205~270~2~start~~~#0000FF^^0~585~-203^^0~M 582 -200 L 585 -197 L 588 -200#@$P~show~0~3~595~-220~90~gge718~0^^595~-220^^M 595 -220 v 20~#880000^^1~598~-198~270~D+~end~~~#0000FF^^1~594~-205~270~3~start~~~#0000FF^^0~595~-203^^0~M 592 -200 L 595 -197 L 598 -200#@$P~show~0~4~605~-220~90~gge739~0^^605~-220^^M 605 -220 v 20~#880000^^1~608~-198~270~GND~end~~~#0000FF^^1~604~-205~270~4~start~~~#0000FF^^0~605~-203^^0~M 602 -200 L 605 -197 L 608 -200#@$R~555~-200~~~70~30~#000000~1~0~none~gge760~0~#@$P~show~0~5~645~-190~0~gge763~0^^645~-190^^M 645 -190 h -20~#880000^^1~623~-187~0~5~end~~~#0000FF^^1~630~-191~0~5~start~~~#0000FF^^0~628~-190^^0~M 625 -193 L 622 -190 L 625 -187#@$P~show~0~6~535~-190~180~gge784~0^^535~-190^^M 535 -190 h 20~#880000^^1~557~-187~0~6~start~~~#0000FF^^1~550~-191~0~6~end~~~#0000FF^^0~552~-190^^0~M 555 -187 L 558 -190 L 555 -193",
          "LIB~445~-260~package`USB-A-TH_C46407`Contributor`LCSC`Supplier`LCSC`Supplier Part`C46407`Manufacturer`精拓金`Manufacturer Part`903-131A1011D10100`JLCPCB Part Class`Extended Part`spicePre`U`spiceSymbolName`USB-AF-90-14.4X13.6-H7.0-DIP`~90~0~ggeec0742b055b2b0cb~cd38c4a1c1a3407ba9c8fbbc77ac30b4~8da16a7f1e1c4a06952acc412b337b14~0~6d7b94f9e6531c3b~yes~yes~bb170b9e5fc9453e805d6f1ef4c09aa3~1700042127~1af668199dc24e72abd01f3a90513022#@$T~N~284.29~-252.29~0~#000080~Arial~~~~~comment~USB-AF-90-14.4X13.6-H7.0-DIP~1~start~gge811~0~pinpart#@$T~P~284.29~-261.43~0~#000080~Arial~~~~~comment~USB4~1~start~gge817~0~pinpart#@$P~show~0~1~465~-280~0~gge823~0^^465~-280^^M 465 -280 h -20~#880000^^1~443~-277~0~VCC~end~~~#0000FF^^1~450~-281~0~1~start~~~#0000FF^^0~448~-280^^0~M 445 -283 L 442 -280 L 445 -277#@$P~show~0~2~465~-270~0~gge844~0^^465~-270^^M 465 -270 h -20~#880000^^1~443~-267~0~D-~end~~~#0000FF^^1~450~-271~0~2~start~~~#0000FF^^0~448~-270^^0~M 445 -273 L 442 -270 L 445 -267#@$P~show~0~3~465~-260~0~gge865~0^^465~-260^^M 465 -260 h -20~#880000^^1~443~-257~0~D+~end~~~#0000FF^^1~450~-261~0~3~start~~~#0000FF^^0~448~-260^^0~M 445 -263 L 442 -260 L 445 -257#@$P~show~0~4~465~-250~0~gge886~0^^465~-250^^M 465 -250 h -20~#880000^^1~443~-247~0~GND~end~~~#0000FF^^1~450~-251~0~4~start~~~#0000FF^^0~448~-250^^0~M 445 -253 L 442 -250 L 445 -247#@$R~415~-300~~~30~70~#000000~1~0~none~gge907~0~#@$P~show~0~5~435~-210~270~gge910~0^^435~-210^^M 435 -210 v -20~#880000^^1~438~-232~270~5~start~~~#0000FF^^1~434~-225~270~5~end~~~#0000FF^^0~435~-227^^0~M 438 -230 L 435 -233 L 432 -230#@$P~show~0~6~435~-320~90~gge931~0^^435~-320^^M 435 -320 v 20~#880000^^1~438~-298~270~6~end~~~#0000FF^^1~434~-305~270~6~start~~~#0000FF^^0~435~-303^^0~M 432 -300 L 435 -297 L 438 -300",
          "LIB~740~-265~package`SOP-16_L10.0-W3.9-P1.27-LS6.0-BL`Contributor`LCSC`Supplier`LCSC`Supplier Part`C192893`Manufacturer`CoreChips(和芯润德)`Manufacturer Part`SL2.1A`JLCPCB Part Class`Extended Part`spicePre`U`spiceSymbolName`SL2.1A`~~0~ggefbe9eeb11db40392~bf1b7b0953d842979fbb5acfa9df7d18~0b584390dd864e73b6888beac22117c2~0~8b3570b1276bcb2f~yes~yes~91955668191446b98993827c5d085d0f~1733478093~d280e92c2496411593ce9c303c40743f#@$T~N~735.25~-314~0~#000080~Arial~~~~~comment~SL2.1A~1~start~gge1099~0~pinpart#@$T~P~735.25~-324~0~#000080~Arial~~~~~comment~U1~1~start~gge1105~0~pinpart#@$R~690~-310~2~2~100~90~#880000~1~0~none~gge1111~0~#@$E~695~-305~1.5~1.5~#880000~1~0~#880000~gge1114~0#@$P~show~0~1~680~-300~180~gge1117~0^^680~-300^^M 680 -300 h 10~#880000^^1~693.7~-296~0~DM4~start~~~#0000FF^^1~689.5~-301~0~1~end~~~#0000FF^^0~687~-300^^0~M 690 -297 L 693 -300 L 690 -303#@$P~show~0~2~680~-290~180~gge1138~0^^680~-290^^M 680 -290 h 10~#880000^^1~693.7~-286~0~DP4~start~~~#0000FF^^1~689.5~-291~0~2~end~~~#0000FF^^0~687~-290^^0~M 690 -287 L 693 -290 L 690 -293#@$P~show~0~3~680~-280~180~gge1159~0^^680~-280^^M 680 -280 h 10~#880000^^1~693.7~-276~0~DM3~start~~~#0000FF^^1~689.5~-281~0~3~end~~~#0000FF^^0~687~-280^^0~M 690 -277 L 693 -280 L 690 -283#@$P~show~0~4~680~-270~180~gge1180~0^^680~-270^^M 680 -270 h 10~#880000^^1~693.7~-266~0~DP3~start~~~#0000FF^^1~689.5~-271~0~4~end~~~#0000FF^^0~687~-270^^0~M 690 -267 L 693 -270 L 690 -273#@$P~show~0~5~680~-260~180~gge1201~0^^680~-260^^M 680 -260 h 10~#880000^^1~693.7~-256~0~DM2~start~~~#0000FF^^1~689.5~-261~0~5~end~~~#0000FF^^0~687~-260^^0~M 690 -257 L 693 -260 L 690 -263#@$P~show~0~6~680~-250~180~gge1222~0^^680~-250^^M 680 -250 h 10~#880000^^1~693.7~-246~0~DP2~start~~~#0000FF^^1~689.5~-251~0~6~end~~~#0000FF^^0~687~-250^^0~M 690 -247 L 693 -250 L 690 -253#@$P~show~0~7~680~-240~180~gge1243~0^^680~-240^^M 680 -240 h 10~#880000^^1~693.7~-236~0~DM1~start~~~#0000FF^^1~689.5~-241~0~7~end~~~#0000FF^^0~687~-240^^0~M 690 -237 L 693 -240 L 690 -243#@$P~show~0~8~680~-230~180~gge1264~0^^680~-230^^M 680 -230 h 10~#880000^^1~693.7~-226~0~DP1~start~~~#0000FF^^1~689.5~-231~0~8~end~~~#0000FF^^0~687~-230^^0~M 690 -227 L 693 -230 L 690 -233#@$P~show~0~9~800~-230~0~gge1285~0^^800~-230^^M 800 -230 h -10~#880000^^1~786.3~-226~0~DM~end~~~#0000FF^^1~790.5~-231~0~9~start~~~#0000FF^^0~793~-230^^0~M 790 -233 L 787 -230 L 790 -227#@$P~show~0~10~800~-240~0~gge1306~0^^800~-240^^M 800 -240 h -10~#880000^^1~786.3~-236~0~DP~end~~~#0000FF^^1~790.5~-241~0~10~start~~~#0000FF^^0~793~-240^^0~M 790 -243 L 787 -240 L 790 -237#@$P~show~0~11~800~-250~0~gge1327~0^^800~-250^^M 800 -250 h -10~#FF0000^^1~786.3~-246~0~VDD5~end~~~#FF0000^^1~790.5~-251~0~11~start~~~#FF0000^^0~793~-250^^0~M 790 -253 L 787 -250 L 790 -247#@$P~show~0~12~800~-260~0~gge1348~0^^800~-260^^M 800 -260 h -10~#000000^^1~786.3~-256~0~GND~end~~~#000000^^1~790.5~-261~0~12~start~~~#000000^^0~793~-260^^0~M 790 -263 L 787 -260 L 790 -257#@$P~show~0~13~800~-270~0~gge1369~0^^800~-270^^M 800 -270 h -10~#FF0000^^1~786.3~-266~0~VDD33~end~~~#FF0000^^1~790.5~-271~0~13~start~~~#FF0000^^0~793~-270^^0~M 790 -273 L 787 -270 L 790 -267#@$P~show~0~14~800~-280~0~gge1390~0^^800~-280^^M 800 -280 h -10~#FF0000^^1~786.3~-276~0~VDD18~end~~~#FF0000^^1~790.5~-281~0~14~start~~~#FF0000^^0~793~-280^^0~M 790 -283 L 787 -280 L 790 -277#@$P~show~0~15~800~-290~0~gge1411~0^^800~-290^^M 800 -290 h -10~#880000^^1~786.3~-286~0~XOUT~end~~~#0000FF^^1~790.5~-291~0~15~start~~~#0000FF^^0~793~-290^^0~M 790 -293 L 787 -290 L 790 -287#@$P~show~0~16~800~-300~0~gge1432~0^^800~-300^^M 800 -300 h -10~#880000^^1~786.3~-296~0~XIN~end~~~#0000FF^^1~790.5~-301~0~16~start~~~#0000FF^^0~793~-300^^0~M 790 -303 L 787 -300 L 790 -297",
          "LIB~900~-220~package`SOD-323_L1.8-W1.3-LS2.5-RD`Supplier`LCSC`Manufacturer`onsemi(安森美)`Manufacturer Part`NSR0320MW2T1G`Supplier Part`C48192`JLCPCB Part Class`Extended Part`spicePre`D`spiceSymbolName`NSR0320MW2T1G`~~0~ggec9c05e455687dc9f~dd3cfd4941c4479cb7f2c598e6fde06c~d9ffc0d3433410e083ddbbbfe2049903~0~a8b048dcba9b1307~yes~yes~0ccf0261e80d480995f9a8d4c07bdd82~1713116982~40c1df6f7d114c449e5870e3a80a7169#@$T~N~894.29~-229~0~#000080~Arial~~~~~comment~NSR0320MW2T1G~1~start~gge2495~0~pinpart#@$T~P~894.29~-238.14~0~#000080~Arial~~~~~comment~D1~1~start~gge2501~0~pinpart#@$P~show~0~2~920~-220~0~gge2507~0^^920~-220^^M 920 -220 h -15~#880000^^0~902~-217~0~A~end~~~#0000FF^^0~911~-221~0~2~start~~~#0000FF^^0~908~-220^^0~M 905 -223 L 902 -220 L 905 -217#@$P~show~0~1~880~-220~180~gge2528~0^^880~-220^^M 880 -220 h 15~#880000^^0~898~-217~0~C~start~~~#0000FF^^0~889~-221~0~1~end~~~#0000FF^^0~892~-220^^0~M 895 -217 L 898 -220 L 895 -223#@$PT~M 905 -226 L 895 -220 L 905 -213 Z ~#880000~1~0~#880000~gge2549~0~#@$PL~895 -225 895 -215~#880000~1~0~none~gge2552~0",
          "LIB~915~-190~package`C0603`nameAlias`Value`Supplier`LCSC`Manufacturer`SAMSUNG(三星)`Manufacturer Part`CL10A106KP8NNNC`Supplier Part`C19702`JLCPCB Part Class`Basic Part`spicePre`C`spiceSymbolName`CL10A106KP8NNNC`~~0~gge55a3ba0efa03a2a9~f8151fdc728a41ebbc304e11d39e5437~3d033fcb6d334c25b65a754834cf5aaf~0~cdb5bbedc225dac5~yes~yes~5e7040bc6fb34d22aae81c375793b2e5~1701239860~1449526df05643fb96b2ab466dc2cd52#@$T~N~908.75~-201~0~#000080~Arial~~~~~comment~10uF~1~start~gge2703~0~pinpart#@$T~P~908.75~-210~0~#000080~Arial~~~~~comment~C1~1~start~gge2709~0~pinpart#@$PL~913 -182 913 -198~#A00000~1~0~none~gge2715~0#@$P~show~0~1~895~-190~180~gge2718~0^^895~-190^^M 905 -190 h -10~#800^^0~909~-190~0~1~start~~~#800^^0~901~-194~0~1~end~~~#800^^0~882~-190^^0~M 885 -187 L 888 -190 L 885 -193#@$PL~925 -190 917 -190~#A00000~1~0~none~gge2739~0#@$PL~917 -198 917 -182~#A00000~1~0~none~gge2742~0#@$P~show~0~2~935~-190~0~gge2745~0^^935~-190^^M 925 -190 h 10~#800^^0~921~-190~0~2~end~~~#800^^0~929~-194~0~2~start~~~#800^^0~948~-190^^0~M 945 -193 L 942 -190 L 945 -187#@$PL~913 -190 905 -190~#A00000~1~0~none~gge2766~0",
          "LIB~505~-205~package`C0603`nameAlias`Value`Supplier`LCSC`Manufacturer`SAMSUNG(三星)`Manufacturer Part`CL10A106KP8NNNC`Supplier Part`C19702`JLCPCB Part Class`Basic Part`spicePre`C`spiceSymbolName`CL10A106KP8NNNC`~~0~gge736b5d3a40d934ff~f8151fdc728a41ebbc304e11d39e5437~3d033fcb6d334c25b65a754834cf5aaf~0~8b1a6d27019ee4fa~yes~yes~5e7040bc6fb34d22aae81c375793b2e5~1701239860~1449526df05643fb96b2ab466dc2cd52#@$T~N~498.75~-216~0~#000080~Arial~~~~~comment~10uF~1~start~gge2988~0~pinpart#@$T~P~498.75~-225~0~#000080~Arial~~~~~comment~C2~1~start~gge2994~0~pinpart#@$PL~503 -197 503 -213~#A00000~1~0~none~gge3000~0#@$P~show~0~1~485~-205~180~gge3003~0^^485~-205^^M 495 -205 h -10~#800^^0~499~-205~0~1~start~~~#800^^0~491~-209~0~1~end~~~#800^^0~472~-205^^0~M 475 -202 L 478 -205 L 475 -208#@$PL~515 -205 507 -205~#A00000~1~0~none~gge3024~0#@$PL~507 -213 507 -197~#A00000~1~0~none~gge3027~0#@$P~show~0~2~525~-205~0~gge3030~0^^525~-205^^M 515 -205 h 10~#800^^0~511~-205~0~2~end~~~#800^^0~519~-209~0~2~start~~~#800^^0~538~-205^^0~M 535 -208 L 532 -205 L 535 -202#@$PL~503 -205 495 -205~#A00000~1~0~none~gge3051~0",
          "LIB~470~-330~package`C0603`nameAlias`Value`Supplier`LCSC`Manufacturer`SAMSUNG(三星)`Manufacturer Part`CL10A106KP8NNNC`Supplier Part`C19702`JLCPCB Part Class`Basic Part`spicePre`C`spiceSymbolName`CL10A106KP8NNNC`~90~0~ggeeef5e1babeda83a9~f8151fdc728a41ebbc304e11d39e5437~3d033fcb6d334c25b65a754834cf5aaf~0~b133d9a996f7b6b4~yes~yes~5e7040bc6fb34d22aae81c375793b2e5~1701239860~1449526df05643fb96b2ab466dc2cd52#@$T~N~480~-317.64~0~#000080~Arial~~~~~comment~10uF~1~start~gge3122~0~pinpart#@$T~P~480~-326.79~0~#000080~Arial~~~~~comment~C3~1~start~gge3128~0~pinpart#@$PL~478 -328 462 -328~#A00000~1~0~none~gge3134~0#@$P~show~0~1~470~-310~270~gge3137~0^^470~-310^^M 470 -320 v 10~#800^^0~470~-324~270~1~start~~~#800^^0~466~-316~270~1~end~~~#800^^0~470~-297^^0~M 473 -300 L 470 -303 L 467 -300#@$PL~470 -340 470 -332~#A00000~1~0~none~gge3158~0#@$PL~462 -332 478 -332~#A00000~1~0~none~gge3161~0#@$P~show~0~2~470~-350~90~gge3164~0^^470~-350^^M 470 -340 v -10~#800^^0~470~-336~270~2~end~~~#800^^0~466~-344~270~2~start~~~#800^^0~470~-363^^0~M 467 -360 L 470 -357 L 473 -360#@$PL~470 -328 470 -320~#A00000~1~0~none~gge3185~0",
          "LIB~645~-330~package`C0603`nameAlias`Value`Supplier`LCSC`Manufacturer`SAMSUNG(三星)`Manufacturer Part`CL10A106KP8NNNC`Supplier Part`C19702`JLCPCB Part Class`Basic Part`spicePre`C`spiceSymbolName`CL10A106KP8NNNC`~90~0~gge0a6c790c6577b292~f8151fdc728a41ebbc304e11d39e5437~3d033fcb6d334c25b65a754834cf5aaf~0~5cce2b8ab956f21a~yes~yes~5e7040bc6fb34d22aae81c375793b2e5~1701239860~1449526df05643fb96b2ab466dc2cd52#@$T~N~655~-317.81~0~#000080~Arial~~~~~comment~10uF~1~start~gge3214~0~pinpart#@$T~P~655~-326.67~0~#000080~Arial~~~~~comment~C4~1~start~gge3220~0~pinpart#@$PL~653 -328 637 -328~#A00000~1~0~none~gge3226~0#@$P~show~0~1~645~-310~270~gge3229~0^^645~-310^^M 645 -320 v 10~#800^^0~645~-324~270~1~start~~~#800^^0~641~-316~270~1~end~~~#800^^0~645~-297^^0~M 648 -300 L 645 -303 L 642 -300#@$PL~645 -340 645 -332~#A00000~1~0~none~gge3250~0#@$PL~637 -332 653 -332~#A00000~1~0~none~gge3253~0#@$P~show~0~2~645~-350~90~gge3256~0^^645~-350^^M 645 -340 v -10~#800^^0~645~-336~270~2~end~~~#800^^0~641~-344~270~2~start~~~#800^^0~645~-363^^0~M 642 -360 L 645 -357 L 648 -360#@$PL~645 -328 645 -320~#A00000~1~0~none~gge3277~0",
          "LIB~915~-330~package`C0603`nameAlias`Value`Supplier`LCSC`Manufacturer`SAMSUNG(三星)`Manufacturer Part`CL10A106KP8NNNC`Supplier Part`C19702`JLCPCB Part Class`Basic Part`spicePre`C`spiceSymbolName`CL10A106KP8NNNC`~~0~gge70822e6d85817519~f8151fdc728a41ebbc304e11d39e5437~3d033fcb6d334c25b65a754834cf5aaf~0~465b6e97aa0934a3~yes~yes~5e7040bc6fb34d22aae81c375793b2e5~1701239860~1449526df05643fb96b2ab466dc2cd52#@$T~N~909.03~-341~0~#000080~Arial~~~~~comment~10uF~1~start~gge3330~0~pinpart#@$T~P~909.03~-349.85~0~#000080~Arial~~~~~comment~C5~1~start~gge3336~0~pinpart#@$PL~913 -322 913 -338~#A00000~1~0~none~gge3342~0#@$P~show~0~1~895~-330~180~gge3345~0^^895~-330^^M 905 -330 h -10~#800^^0~909~-330~0~1~start~~~#800^^0~901~-334~0~1~end~~~#800^^0~882~-330^^0~M 885 -327 L 888 -330 L 885 -333#@$PL~925 -330 917 -330~#A00000~1~0~none~gge3366~0#@$PL~917 -338 917 -322~#A00000~1~0~none~gge3369~0#@$P~show~0~2~935~-330~0~gge3372~0^^935~-330^^M 925 -330 h 10~#800^^0~921~-330~0~2~end~~~#800^^0~929~-334~0~2~start~~~#800^^0~948~-330^^0~M 945 -333 L 942 -330 L 945 -327#@$PL~913 -330 905 -330~#A00000~1~0~none~gge3393~0",
          "LIB~845~-380~package`C0603`nameAlias`Value`Supplier`LCSC`Manufacturer`SAMSUNG(三星)`Manufacturer Part`CL10A106KP8NNNC`Supplier Part`C19702`JLCPCB Part Class`Basic Part`spicePre`C`spiceSymbolName`CL10A106KP8NNNC`~90~0~ggee6cdab9379fdee08~f8151fdc728a41ebbc304e11d39e5437~3d033fcb6d334c25b65a754834cf5aaf~0~c54ba028b1ce0d6a~yes~yes~5e7040bc6fb34d22aae81c375793b2e5~1701239860~1449526df05643fb96b2ab466dc2cd52#@$T~N~855~-367.81~0~#000080~Arial~~~~~comment~10uF~1~start~gge3414~0~pinpart#@$T~P~855~-376.67~0~#000080~Arial~~~~~comment~C6~1~start~gge3420~0~pinpart#@$PL~853 -378 837 -378~#A00000~1~0~none~gge3426~0#@$P~show~0~1~845~-360~270~gge3429~0^^845~-360^^M 845 -370 v 10~#800^^0~845~-374~270~1~start~~~#800^^0~841~-366~270~1~end~~~#800^^0~845~-347^^0~M 848 -350 L 845 -353 L 842 -350#@$PL~845 -390 845 -382~#A00000~1~0~none~gge3450~0#@$PL~837 -382 853 -382~#A00000~1~0~none~gge3453~0#@$P~show~0~2~845~-400~90~gge3456~0^^845~-400^^M 845 -390 v -10~#800^^0~845~-386~270~2~end~~~#800^^0~841~-394~270~2~start~~~#800^^0~845~-413^^0~M 842 -410 L 845 -407 L 848 -410#@$PL~845 -378 845 -370~#A00000~1~0~none~gge3477~0"
        ],
        "BBox": {
          "x": 0,
          "y": -806.5,
          "width": 1149,
          "height": 807.2
        },
        "colors": {}
      }
    }
  ]
}