{
"lengthUnit": "mil",
"components": {
	"fields": ["COMPONENT_NO", "COMPONENT_NAME", "LAYER", "X_COORDINATE", "Y_COORDINATE", "ANGLE"],
	"rows": [
		[1, "C1", "T", 4305, -2015, 90],
		[2, "LED1", "T", 2825.79, -1251.44, 0],
		[3, "R1", "T", 4325.23, -1876.44, 0],
		[4, "U1", "T", 4690, -1935, 270],
		[5, "U2", "T", 5395, -1935, 90]
	]
},
"pins": {
	"fields": ["PIN_NO", "PIN_NAME", "PIN_X", "PIN_Y", "LAYER", "PIN_TYPE", "NET_NAME", "NET_TYPE", "PAD_SHAPE", "PAD_SIZEX", "PAD_SIZEY", "HOLE_SIZE", "PAD_ANGLE"],
	"rows": [
		[1, "C1_1", 4305, -2042.56, "T", "SMD", "$1N457", "", "R", 31.5, 35.43, 0, 90],
		[2, "C1_2", 4305, -1987.44, "T", "SMD", "$1N448", "", "R", 31.5, 35.43, 0, 90],
		[3, "LED1_1", 2867.14, -1251.44, "T", "SMD", "$1N481", "", "R", 39.37, 55.1, 0, 180],
		[4, "LED1_2", 2784.44, -1251.44, "T", "SMD", "$1N457", "", "R", 39.37, 55.1, 0, 180],
		[5, "R1_1", 4295.57, -1876.44, "T", "SMD", "$1N481", "", "R", 31.75, 34.02, 0, 0],
		[6, "R1_2", 4354.89, -1876.44, "T", "SMD", "$1N448", "", "R", 31.75, 34.02, 0, 0],
		[7, "U1_1", 4664.41, -1915.32, "T", "SMD", "$1N516", "", "R", 19.68, 11.02, 0, 0],
		[8, "U1_2", 4664.41, -1935, "T", "SMD", "$1N457", "", "R", 19.68, 11.02, 0, 0],
		[9, "U1_3", 4664.41, -1954.68, "T", "SMD", "U1_3", "", "R", 19.68, 11.02, 0, 0],
		[10, "U1_4", 4690, -1958.62, "T", "SMD", "U1_4", "", "R", 17.72, 11.81, 0, 90],
		[11, "U1_5", 4715.59, -1954.69, "T", "SMD", "U1_5", "", "R", 19.68, 11.02, 0, 0],
		[12, "U1_6", 4715.59, -1935, "T", "SMD", "U1_6", "", "R", 19.68, 11.02, 0, 0],
		[13, "U1_7", 4715.59, -1915.32, "T", "SMD", "$1N448", "", "R", 19.68, 11.02, 0, 0],
		[14, "U1_8", 4690, -1911.38, "T", "SMD", "$1N501", "", "R", 17.72, 11.81, 0, 90],
		[15, "U2_P$1", 4870, -1960, "T", "SMD", "$1N501", "", "R", 29.53, 11.81, 0, 180],
		[16, "U2_P$2", 5020, -1910, "T", "DIP", "$1N516", "", "C", 31.81, 31.81, 11.81, 90],
		[17, "U2_P$2", 5020, -1910, "B", "DIP", "$1N516", "", "C", 31.81, 31.81, 11.81, 90]
	]
}
}