﻿pos_x,pos_y,rotation,side,designator,mpn,pack,footprint,value,mount_type
132.95,-122.4533,0.0,bottom,AE1,,,pcb_antenna,PCB_Antenna,smt
167.23,-122.4433,180.0,top,AE2,,,pcb_antenna,PCB_Antenna,smt
128.64,-109.26499,0.0,bottom,C1,,,C_0402_1005Metric,4.7uF,smt
120.67,-117.3133,90.0,bottom,C10,,,C_0402_1005Metric,4.7uF,smt
144.29,-118.815,0.0,bottom,C11,,,C_0402_1005Metric,12pF,smt
141.24,-121.465,-90.0,bottom,C12,,,C_0402_1005Metric,12pF,smt
137.26,-121.0933,0.0,bottom,C13,,,C_0402_1005Metric,1pF,smt
135.345,-121.1133,0.0,bottom,C14,,,C_0402_1005Metric,1.2pF,smt
144.31,-95.765,180.0,bottom,C15,,,C_0402_1005Metric,1uF,smt
138.01,-95.715,0.0,bottom,C16,,,C_0402_1005Metric,1uF,smt
156.69,-115.265,0.0,bottom,C17,,,C_0402_1005Metric,4.7uF,smt
437.82,-136.4417,0.0,top,C18,,,C_0402_1005Metric,100nF,smt
437.82,-138.4117,0.0,top,C19,,,C_0402_1005Metric,4.7uF,smt
75.35,-116.1833,90.0,bottom,C2,,,C_0402_1005Metric,100nF,smt
174.61,-120.565,0.0,bottom,C20,,,C_0402_1005Metric,100nF,smt
172.49,-110.765,90.0,bottom,C21,,,C_0402_1005Metric,100pF,smt
156.69,-113.665,180.0,bottom,C22,,,C_0402_1005Metric,820pF,smt
174.81,-117.765,0.0,bottom,C23,,,C_0402_1005Metric,1uF,smt
174.81,-116.465,0.0,bottom,C24,,,C_0402_1005Metric,47nF,smt
156.67,-117.665,180.0,bottom,C25,,,C_0402_1005Metric,4.7uF,smt
440.69,-142.3517,0.0,top,C26,,,C_0402_1005Metric,4.7uF,smt
177.29,-107.965,90.0,bottom,C27,,,C_0402_1005Metric,12pF,smt
172.69,-108.285,-90.0,bottom,C28,,,C_0402_1005Metric,12pF,smt
443.56,-138.4117,0.0,top,C29,,,C_0402_1005Metric,1pF,smt
129.69,-113.565,0.0,bottom,C3,,,C_0402_1005Metric,4.7uF,smt
443.56,-140.3817,0.0,top,C30,,,C_0402_1005Metric,1.2pF,smt
471.94,-64.2117,0.0,top,C31,,,C_0402_1005Metric,1uF,smt
471.94,-66.1817,0.0,top,C32,,,C_0402_1005Metric,1uF,smt
129.82,-114.6033,180.0,bottom,C4,,,C_0402_1005Metric,100nF,smt
143.29,-107.935,90.0,bottom,C5,,,C_0402_1005Metric,100pF,smt
144.84,-112.09499,90.0,bottom,C6,,,C_0402_1005Metric,820pF,smt
129.175,-119.1033,180.0,bottom,C7,,,C_0402_1005Metric,1uF,smt
129.175,-118.2033,180.0,bottom,C8,,,C_0402_1005Metric,47nF,smt
142.04,-107.965,90.0,bottom,C9,,,C_0402_1005Metric,4.7uF,smt
129.64,-95.415,180.0,bottom,D1,,,D_SOD-123,1N5819,smt
90.29,-73.2316,90.0,bottom,D10,,,D_SOD-123,1N5819,smt
108.29,-78.8983,90.0,bottom,D11,,,D_SOD-123,1N5819,smt
36.29,-95.8983,90.0,bottom,D12,,,D_SOD-123,1N5819,smt
54.29,-90.2316,90.0,bottom,D13,,,D_SOD-123,1N5819,smt
72.29,-84.565,90.0,bottom,D14,,,D_SOD-123,1N5819,smt
90.29,-90.2316,90.0,bottom,D15,,,D_SOD-123,1N5819,smt
108.29,-95.8983,90.0,bottom,D16,,,D_SOD-123,1N5819,smt
36.29,-112.8983,90.0,bottom,D17,,,D_SOD-123,1N5819,smt
54.29,-107.2316,90.0,bottom,D18,,,D_SOD-123,1N5819,smt
72.29,-101.565,90.0,bottom,D19,,,D_SOD-123,1N5819,smt
36.29,-61.8983,90.0,bottom,D2,,,D_SOD-123,1N5819,smt
90.29,-107.2316,90.0,bottom,D20,,,D_SOD-123,1N5819,smt
108.29,-112.8983,90.0,bottom,D21,,,D_SOD-123,1N5819,smt
129.79,-97.915,0.0,bottom,D22,,,D_SOD-123,1N5819,smt
119.74,-121.865,0.0,bottom,D23,,,SK6812-MINI-E,SK6812MINI,tht
101.64,-116.0983,180.0,bottom,D24,,,SK6812-MINI-E,SK6812MINI,tht
83.64,-110.4317,0.0,bottom,D25,,,SK6812-MINI-E,SK6812MINI,tht
65.64,-116.0983,0.0,bottom,D26,,,SK6812-MINI-E,SK6812MINI,tht
47.64,-121.765,0.0,bottom,D27,,,SK6812-MINI-E,SK6812MINI,tht
119.74,-104.865,180.0,bottom,D28,,,SK6812-MINI-E,SK6812MINI,tht
101.64,-99.0983,180.0,bottom,D29,,,SK6812-MINI-E,SK6812MINI,tht
54.29,-56.2316,90.0,bottom,D3,,,D_SOD-123,1N5819,smt
83.54,-93.331702,180.0,bottom,D30,,,SK6812-MINI-E,SK6812MINI,tht
65.64,-99.0983,180.0,bottom,D31,,,SK6812-MINI-E,SK6812MINI,tht
47.64,-104.765,180.0,bottom,D32,,,SK6812-MINI-E,SK6812MINI,tht
119.74,-87.865,0.0,bottom,D33,,,SK6812-MINI-E,SK6812MINI,tht
101.74,-82.1983,0.0,bottom,D34,,,SK6812-MINI-E,SK6812MINI,tht
83.64,-76.4317,0.0,bottom,D35,,,SK6812-MINI-E,SK6812MINI,tht
65.74,-82.1983,0.0,bottom,D36,,,SK6812-MINI-E,SK6812MINI,tht
47.74,-87.865,0.0,bottom,D37,,,SK6812-MINI-E,SK6812MINI,tht
119.74,-70.865,180.0,bottom,D38,,,SK6812-MINI-E,SK6812MINI,tht
101.64,-65.0983,180.0,bottom,D39,,,SK6812-MINI-E,SK6812MINI,tht
72.29,-50.565,90.0,bottom,D4,,,D_SOD-123,1N5819,smt
83.64,-59.4317,180.0,bottom,D40,,,SK6812-MINI-E,SK6812MINI,tht
65.64,-65.0983,180.0,bottom,D41,,,SK6812-MINI-E,SK6812MINI,tht
47.64,-70.765,180.0,bottom,D42,,,SK6812-MINI-E,SK6812MINI,tht
172.99,-84.465,90.0,bottom,D43,,,D_SOD-123,1N5819,smt
246.99,-61.8983,90.0,bottom,D44,,,D_SOD-123,1N5819,smt
228.99,-56.231634,90.0,bottom,D45,,,D_SOD-123,1N5819,smt
210.99,-50.564968,90.0,bottom,D46,,,D_SOD-123,1N5819,smt
192.99,-56.231634,90.0,bottom,D47,,,D_SOD-123,1N5819,smt
174.99,-61.8983,90.0,bottom,D48,,,D_SOD-123,1N5819,smt
246.99,-78.898298,90.0,bottom,D49,,,D_SOD-123,1N5819,smt
90.29,-56.2316,90.0,bottom,D5,,,D_SOD-123,1N5819,smt
228.99,-73.231632,90.0,bottom,D50,,,D_SOD-123,1N5819,smt
210.99,-67.564966,90.0,bottom,D51,,,D_SOD-123,1N5819,smt
192.99,-73.231632,90.0,bottom,D52,,,D_SOD-123,1N5819,smt
174.99,-78.898298,90.0,bottom,D53,,,D_SOD-123,1N5819,smt
246.99,-95.898296,90.0,bottom,D54,,,D_SOD-123,1N5819,smt
228.99,-90.23163,90.0,bottom,D55,,,D_SOD-123,1N5819,smt
210.99,-84.564964,90.0,bottom,D56,,,D_SOD-123,1N5819,smt
192.99,-90.23163,90.0,bottom,D57,,,D_SOD-123,1N5819,smt
174.99,-95.898296,90.0,bottom,D58,,,D_SOD-123,1N5819,smt
246.99,-112.898294,90.0,bottom,D59,,,D_SOD-123,1N5819,smt
108.29,-61.8983,90.0,bottom,D6,,,D_SOD-123,1N5819,smt
228.99,-107.231628,90.0,bottom,D60,,,D_SOD-123,1N5819,smt
210.99,-101.564962,90.0,bottom,D61,,,D_SOD-123,1N5819,smt
192.99,-107.231628,90.0,bottom,D62,,,D_SOD-123,1N5819,smt
174.99,-112.898294,90.0,bottom,D63,,,D_SOD-123,1N5819,smt
159.09,-103.3983,90.0,bottom,D64,,,D_SOD-123,1N5819,smt
185.24,-121.764994,180.0,bottom,D65,,,SK6812-MINI-E,SK6812MINI,tht
203.24,-116.098328,180.0,bottom,D66,,,SK6812-MINI-E,SK6812MINI,tht
221.34,-110.331662,180.0,bottom,D67,,,SK6812-MINI-E,SK6812MINI,tht
239.24,-116.098328,180.0,bottom,D68,,,SK6812-MINI-E,SK6812MINI,tht
257.24,-121.764994,180.0,bottom,D69,,,SK6812-MINI-E,SK6812MINI,tht
36.29,-78.8983,90.0,bottom,D7,,,D_SOD-123,1N5819,smt
185.24,-104.764996,0.0,bottom,D70,,,SK6812-MINI-E,SK6812MINI,tht
203.24,-99.09833,0.0,bottom,D71,,,SK6812-MINI-E,SK6812MINI,tht
221.24,-93.431664,0.0,bottom,D72,,,SK6812-MINI-E,SK6812MINI,tht
239.24,-99.09833,0.0,bottom,D73,,,SK6812-MINI-E,SK6812MINI,tht
257.34,-104.664996,0.0,bottom,D74,,,SK6812-MINI-E,SK6812MINI,tht
185.24,-87.764998,180.0,bottom,D75,,,SK6812-MINI-E,SK6812MINI,tht
203.24,-82.098332,180.0,bottom,D76,,,SK6812-MINI-E,SK6812MINI,tht
221.24,-76.431666,180.0,bottom,D77,,,SK6812-MINI-E,SK6812MINI,tht
239.34,-81.998332,180.0,bottom,D78,,,SK6812-MINI-E,SK6812MINI,tht
257.34,-87.664998,180.0,bottom,D79,,,SK6812-MINI-E,SK6812MINI,tht
54.29,-73.2316,90.0,bottom,D8,,,D_SOD-123,1N5819,smt
185.24,-70.765,0.0,bottom,D80,,,SK6812-MINI-E,SK6812MINI,tht
203.24,-65.098334,0.0,bottom,D81,,,SK6812-MINI-E,SK6812MINI,tht
221.24,-59.431668,0.0,bottom,D82,,,SK6812-MINI-E,SK6812MINI,tht
239.24,-65.098334,0.0,bottom,D83,,,SK6812-MINI-E,SK6812MINI,tht
257.24,-70.765,0.0,bottom,D84,,,SK6812-MINI-E,SK6812MINI,tht
72.29,-67.565,90.0,bottom,D9,,,D_SOD-123,1N5819,smt
123.04,-55.76499,180.0,bottom,F1,,,Fuse_0603_1608Metric,500mA,smt
447.29,-60.6017,0.0,top,F2,,,Fuse_0603_1608Metric,500mA,smt
126.44,-91.065,180.0,top,J1,,,PinHeader_1x02_P1.00mm_Vertical,Conn_01x02,tht
86.85,-115.1833,0.0,top,J2,,,PinHeader_1x04_P1.00mm_Vertical,SWD_Connector,tht
115.14,-51.78,0.0,bottom,J3,,,USB_C_Receptacle_XKB_U262-16XN-4BVC11,USB_C_Receptacle_USB2.0_14P,smt
173.99,-89.465,0.0,top,J4,,,PinHeader_1x02_P1.00mm_Vertical,Conn_01x02,tht
214.39,-114.965,0.0,top,J5,,,PinHeader_1x04_P1.00mm_Vertical,SWD_Connector,tht
184.07,-51.74,0.0,bottom,J6,,,USB_C_Receptacle_XKB_U262-16XN-4BVC11,USB_C_Receptacle_USB2.0_14P,smt
126.85,-115.5933,180.0,bottom,L1,,,L_1008_2520Metric,10uH,smt
437.61,-105.8017,0.0,top,L10,,,L_0201_0603Metric,2.2nH,smt
129.375,-117.3033,0.0,bottom,L2,,,L_0201_0603Metric,15nH,smt
127.34,-102.315,90.0,bottom,L3,,,L_1008_2520Metric,10uH,smt
136.845,-122.0533,180.0,bottom,L4,,,L_0201_0603Metric,4.7nH,smt
135.345,-122.0533,180.0,bottom,L5,,,L_0201_0603Metric,2.2nH,smt
178.815,-119.465,180.0,bottom,L6,,,L_1008_2520Metric,10uH,smt
174.535,-119.065,180.0,bottom,L7,,,L_0201_0603Metric,15nH,smt
444.41,-52.8517,0.0,top,L8,,,L_1008_2520Metric,10uH,smt
437.61,-104.0517,0.0,top,L9,,,L_0201_0603Metric,4.7nH,smt
111.3625,-113.655,180.0,bottom,Q1,,,SOT-23,BSS138,smt
178.0525,-125.365,0.0,bottom,Q2,,,SOT-23,BSS138,smt
85.09,-116.365,-90.0,bottom,R1,,,R_0201_0603Metric,100K,smt
437.61,-111.0517,0.0,top,R10,,,R_0201_0603Metric,10K,smt
190.49,-50.92,-90.0,bottom,R11,,,R_0201_0603Metric,5.1k,smt
190.49,-52.81,90.0,bottom,R12,,,R_0201_0603Metric,5.1k,smt
175.69,-126.41,90.0,bottom,R13,,,R_0201_0603Metric,10K,smt
180.59,-124.42,-90.0,bottom,R14,,,R_0201_0603Metric,10K,smt
141.345,-98.515,180.0,bottom,R2,,,R_0201_0603Metric,10K,smt
138.745,-98.515,180.0,bottom,R3,,,R_0201_0603Metric,10K,smt
105.54,-50.265,0.0,bottom,R4,,,R_0201_0603Metric,5.1k,smt
107.14,-50.265,180.0,bottom,R5,,,R_0201_0603Metric,5.1k,smt
114.0,-113.8283,-90.0,bottom,R6,,,R_0201_0603Metric,10K,smt
110.44,-110.715,-90.0,bottom,R7,,,R_0201_0603Metric,10K,smt
437.61,-107.5517,0.0,top,R8,,,R_0201_0603Metric,100K,smt
437.61,-109.3017,0.0,top,R9,,,R_0201_0603Metric,10K,smt
80.1,-116.1833,180.0,bottom,SW1,,,SW_SPST_TL3342,Reset Button,smt
81.1,-71.35,0.0,top,SW10,,,SW_Hotswap_Kailh_Choc_V1V2_1.00u,SW_Push,smt
99.1,-77.0167,0.0,top,SW11,,,SW_Hotswap_Kailh_Choc_V1V2_1.00u,SW_Push,smt
117.1,-82.6833,0.0,top,SW12,,,SW_Hotswap_Kailh_Choc_V1V2_1.00u,SW_Push,smt
45.1,-99.6833,0.0,top,SW13,,,SW_Hotswap_Kailh_Choc_V1V2_1.00u,SW_Push,smt
63.1,-94.0167,0.0,top,SW14,,,SW_Hotswap_Kailh_Choc_V1V2_1.00u,SW_Push,smt
81.1,-88.35,0.0,top,SW15,,,SW_Hotswap_Kailh_Choc_V1V2_1.00u,SW_Push,smt
99.1,-94.0167,0.0,top,SW16,,,SW_Hotswap_Kailh_Choc_V1V2_1.00u,SW_Push,smt
117.1,-99.6833,0.0,top,SW17,,,SW_Hotswap_Kailh_Choc_V1V2_1.00u,SW_Push,smt
45.1,-116.6833,0.0,top,SW18,,,SW_Hotswap_Kailh_Choc_V1V2_1.00u,SW_Push,smt
63.1,-111.0167,0.0,top,SW19,,,SW_Hotswap_Kailh_Choc_V1V2_1.00u,SW_Push,smt
129.54,-92.015,0.0,bottom,SW2,,,SW_CK_JS202011AQN_DPDT_Angled,SW_On_Off,tht
81.1,-105.35,0.0,top,SW20,,,SW_Hotswap_Kailh_Choc_V1V2_1.00u,SW_Push,smt
99.1,-111.0167,0.0,top,SW21,,,SW_Hotswap_Kailh_Choc_V1V2_1.00u,SW_Push,smt
117.1,-116.6833,0.0,top,SW22,,,SW_Hotswap_Kailh_Choc_V1V2_1.00u,SW_Push,smt
134.6,-106.9333,0.0,top,SW23,,,SW_Hotswap_Kailh_Choc_V1V2_1.75u_90deg,SW_Push,smt
221.6,-116.1833,180.0,bottom,SW24,,,SW_SPST_TL3342,Reset Button,smt
165.49,-92.015,0.0,bottom,SW25,,,SW_CK_JS202011AQN_DPDT_Angled,SW_On_Off,tht
255.1,-65.6833,0.0,top,SW26,,,SW_Hotswap_Kailh_Choc_V1V2_1.00u,SW_Push,smt
237.1,-60.016634,0.0,top,SW27,,,SW_Hotswap_Kailh_Choc_V1V2_1.00u,SW_Push,smt
219.1,-54.349968,0.0,top,SW28,,,SW_Hotswap_Kailh_Choc_V1V2_1.00u,SW_Push,smt
201.1,-60.016634,0.0,top,SW29,,,SW_Hotswap_Kailh_Choc_V1V2_1.00u,SW_Push,smt
45.1,-65.6833,0.0,top,SW3,,,SW_Hotswap_Kailh_Choc_V1V2_1.00u,SW_Push,smt
183.1,-65.6833,0.0,top,SW30,,,SW_Hotswap_Kailh_Choc_V1V2_1.00u,SW_Push,smt
255.1,-82.683298,0.0,top,SW31,,,SW_Hotswap_Kailh_Choc_V1V2_1.00u,SW_Push,smt
237.1,-77.016632,0.0,top,SW32,,,SW_Hotswap_Kailh_Choc_V1V2_1.00u,SW_Push,smt
219.1,-71.349966,0.0,top,SW33,,,SW_Hotswap_Kailh_Choc_V1V2_1.00u,SW_Push,smt
201.1,-77.016632,0.0,top,SW34,,,SW_Hotswap_Kailh_Choc_V1V2_1.00u,SW_Push,smt
183.1,-82.683298,0.0,top,SW35,,,SW_Hotswap_Kailh_Choc_V1V2_1.00u,SW_Push,smt
255.1,-99.683296,0.0,top,SW36,,,SW_Hotswap_Kailh_Choc_V1V2_1.00u,SW_Push,smt
237.1,-94.01663,0.0,top,SW37,,,SW_Hotswap_Kailh_Choc_V1V2_1.00u,SW_Push,smt
219.1,-88.349964,0.0,top,SW38,,,SW_Hotswap_Kailh_Choc_V1V2_1.00u,SW_Push,smt
201.1,-94.01663,0.0,top,SW39,,,SW_Hotswap_Kailh_Choc_V1V2_1.00u,SW_Push,smt
63.1,-60.0167,0.0,top,SW4,,,SW_Hotswap_Kailh_Choc_V1V2_1.00u,SW_Push,smt
183.1,-99.683296,0.0,top,SW40,,,SW_Hotswap_Kailh_Choc_V1V2_1.00u,SW_Push,smt
255.1,-116.683294,0.0,top,SW41,,,SW_Hotswap_Kailh_Choc_V1V2_1.00u,SW_Push,smt
237.1,-111.016628,0.0,top,SW42,,,SW_Hotswap_Kailh_Choc_V1V2_1.00u,SW_Push,smt
219.1,-105.349962,0.0,top,SW43,,,SW_Hotswap_Kailh_Choc_V1V2_1.00u,SW_Push,smt
201.1,-111.016628,0.0,top,SW44,,,SW_Hotswap_Kailh_Choc_V1V2_1.00u,SW_Push,smt
183.1,-116.683294,0.0,top,SW45,,,SW_Hotswap_Kailh_Choc_V1V2_1.00u,SW_Push,smt
165.6,-108.183294,0.0,top,SW46,,,SW_Hotswap_Kailh_Choc_V1V2_1.75u_90deg,SW_Push,smt
81.1,-54.35,0.0,top,SW5,,,SW_Hotswap_Kailh_Choc_V1V2_1.00u,SW_Push,smt
99.1,-60.0167,0.0,top,SW6,,,SW_Hotswap_Kailh_Choc_V1V2_1.00u,SW_Push,smt
117.1,-65.6833,0.0,top,SW7,,,SW_Hotswap_Kailh_Choc_V1V2_1.00u,SW_Push,smt
45.1,-82.6833,0.0,top,SW8,,,SW_Hotswap_Kailh_Choc_V1V2_1.00u,SW_Push,smt
63.1,-77.0167,0.0,top,SW9,,,SW_Hotswap_Kailh_Choc_V1V2_1.00u,SW_Push,smt
138.65,-114.4333,0.0,bottom,U1,,,Nordic_AQFN-73-1EP_7x7mm_P0.5mm,nRF52840,smt
112.09,-96.765,0.0,bottom,U2,,,SOT-23-6,USBLC6-2SC6,smt
141.29,-91.465,180.0,bottom,U3,,,SOT-223-3_TabPin2,AMS1117-5.0,smt
167.24,-116.615,90.0,bottom,U4,,,Nordic_AQFN-73-1EP_7x7mm_P0.5mm,nRF52840,smt
193.29,-67.265,180.0,bottom,U5,,,SOT-23-6,USBLC6-2SC6,smt
158.64,-91.465,0.0,bottom,U6,,,SOT-223-3_TabPin2,AMS1117-5.0,smt
143.49,-120.905,180.0,bottom,Y1,,,Crystal_SMD_2520-4Pin_2.5x2.0mm,JYJE 2TJ432000NYFBC,smt
175.09,-108.065,180.0,bottom,Y2,,,Crystal_SMD_2520-4Pin_2.5x2.0mm,JYJE 2TJ432000NYFBC,smt
