﻿Designator,Footprint,Quantity,Value,LCSC Part #
01x10,PinHeader_1x10_P2.54mm_Vertical,1,ADS1115,
02x01,TerminalBlock_4Ucon_1x02_P3.50mm_Vertical,1,FAN,
02x13,PinHeader_2x13_P2.54mm_Vertical,1,External Con,
"100nF_3, 100nF_2, 100nF",CP_Radial_D5.0mm_P2.00mm,3,100n,
"10K_6, 10K_5, 10K_4, 10K_3, 10K_2, 10K, 10k_3, 10k_2, 10k",R_Axial_DIN0207_L6.3mm_D2.5mm_P10.16mm_Horizontal,9,10k,
10uF,CP_Radial_D5.0mm_P2.00mm,1,10u,
12V TP,TestPoint_Pad_1.0x1.0mm,1,12v,
"1N4007_2, 1N4007",D_DO-41_SOD81_P10.16mm_Horizontal,2,1N4007,
"1uF_4, 1uF_3, 1uF_2, 1uF",CP_Radial_D10.0mm_P2.50mm,4,1u,
2.2mF,CP_Radial_D18.0mm_P7.50mm,1,2.2m,
"2N7000_4, 2N7000_3, 2N7000_2, 2N7000",TO-92_Inline,4,2N7000,
3V3 I2C,JST_XH_B4B-XH-A_1x04_P2.50mm_Vertical,1,3V3 I2C,
"4.7K_4, 4.7K_3, 4.7K_2, 4.7K",R_Axial_DIN0207_L6.3mm_D2.5mm_P10.16mm_Horizontal,4,4.7k,
"470uF_2, 470uF",CP_Radial_D13.0mm_P2.50mm,2,470u,
47K,R_Axial_DIN0207_L6.3mm_D2.5mm_P10.16mm_Horizontal,1,47k,
"47R_5, 47R_4, 47R_3, 47R_2, 47R",R_Axial_DIN0207_L6.3mm_D2.5mm_P10.16mm_Horizontal,5,47R,
510R,R_Axial_DIN0207_L6.3mm_D2.5mm_P10.16mm_Horizontal,1,510R,
"5A_2, 5A",XF-506P,2,5A,
5V I2C,JST_XH_B4B-XH-A_1x04_P2.50mm_Vertical,1,5V I2c,
"680R_2, 680R",R_Axial_DIN0207_L6.3mm_D2.5mm_P10.16mm_Horizontal,2,680R,
"80.6k_2, 80.6k",R_Axial_DIN0516_L15.5mm_D5.0mm_P20.32mm_Horizontal,2,80.6k,
ACS758,Allegro_CB_PFF,1,ACS758,
Bat +,7461001_REDCUBE,1,Bat 24,
Bat GND,7461001_REDCUBE,1,BAT GND,
C TP,TestPoint_Pad_1.0x1.0mm,1,TestPoint,
IR2111,DIP-8_W7.62mm_Socket_LongPads,1,IR2111,
"IRLZ34N_5, IRLZ34N_4, IRLZ34N_3, IRLZ34N_2, IRLZ34N",TO-220-3_Vertical,5,IRLZ34N,
L7812,TO-220-3_Vertical,1,L7812,
LED,LED_D5.0mm,1,LED,
Mode,JST_XH_B3B-XH-A_1x03_P2.50mm_Vertical,1,Mode,
Motor +,7461001_REDCUBE,1,MOTOR +VE,
Motor -,7461001_REDCUBE,1,MOTOR -VE,
PWM_2,TestPoint_Pad_1.0x1.0mm,1,PWMTPMF,
PWM,TestPoint_Pad_1.0x1.0mm,1,PWMTP,
RPI PICO W,RaspberryPi_Pico_Common_MountingHoles,1,RaspberryPi_Pico_W,
SD Addon,JST_XH_B6B-XH-A_1x06_P2.50mm_Vertical,1,SD,
TSR,Converter_DCDC_TRACO_TSR-1_THT,1,TSR_1-2450,
TVBVS,TestPoint_Pad_1.0x1.0mm,1,TVBVS,
Throttle,JST_XH_B4B-XH-A_1x04_P2.50mm_Vertical,1,Throttle,
