Designator,Val,Package,Mid X,Mid Y,Rotation,Layer
C1,1uF,C_0402_1005Metric,169.825,-120.35,-90,top
C2,1uF,C_0402_1005Metric,174.825,-117.1,-90,top
C3,10uF,C_0402_1005Metric,170.325,-109.1,0,top
C4,22uF,C_1210_3225Metric,189.5,-81.5,0,top
C5,0.1uF,C_0402_1005Metric,189.325,-85.1,0,top
C6,1uF,C_0402_1005Metric,192.075,-84.6,180,top
C7,0.1uF,C_0402_1005Metric,196.075,-81.1,180,top
C8,10uF,C_0402_1005Metric,173.325,-107.35,-90,top
C9,0.1uF,C_0402_1005Metric,175.825,-105.85,0,top
C10,0.1uF,C_0402_1005Metric,169.9,-100.35,90,top
C11,10uF,C_0402_1005Metric,162.4,-92.1,180,top
C12,22pF,C_0402_1005Metric,163.68,-109.83,90,top
C13,22pF,C_0402_1005Metric,165.65,-109.83,90,top
C14,0.1uF,C_0402_1005Metric,160.65,-106.88,0,top
C15,10uF,C_0402_1005Metric,160.65,-108.85,0,top
C16,0.1uF,C_0402_1005Metric,158.42,-83.1,0,top
C17,0.1uF,C_0402_1005Metric,158.4,-88.1,0,top
C18,10uF,C_0402_1005Metric,158.4,-86.6,0,top
C19,0.1uF,C_0402_1005Metric,175.825,-104.6,180,top
C20,NC,C_0402_1005Metric,149.15,-93.08,90,top
C21,22pF,C_0402_1005Metric,147.4,-93.08,90,top
C22,220PF,C_0402_1005Metric,150.9,-95.6,90,top
C23,100pF,C_0402_1005Metric,145.65,-93.1,90,top
C24,220pF,C_0402_1005Metric,150.9,-99.87,90,top
C25,100pF,C_0402_1005Metric,145.65,-102.12,90,top
C26,NC,C_0402_1005Metric,149.15,-102.12,90,top
C27,22pF,C_0402_1005Metric,147.4,-102.1,90,top
C28,NC,C_0402_1005Metric,143.9,-102.1,90,top
C29,NC,C_0402_1005Metric,143.9,-93.12,90,top
C30,1000pF,C_0402_1005Metric,156.9,-91.85,180,top
C31,0.1uF,C_0402_1005Metric,159.9,-101.62,-90,top
J1,USB_C_Receptacle_USB2.0_16P,USB_C_Receptacle_HRO_TYPE-C-31-M-12,163.825,-125.6,0,top
J5,Micro_SD_Card_Det1,microSD_HC_Hirose_DM3AT-SF-PEJM5,149.325,-119.635,0,top
L1,L_Ferrite,D_0603_1608Metric,159.15,-104.35,180,top
L2,L_Ferrite,D_0603_1608Metric,158.15,-84.6,0,top
L3,560nH,C_0805_2012Metric,154.9,-99.35,180,top
L4,560 nH,C_0805_2012Metric,154.9,-95.85,180,top
R1,5k1,R_0805_2012Metric,160.075,-116.6,180,top
R2,5k1,R_0805_2012Metric,160.075,-114.35,0,top
R3,10k,R_0805_2012Metric,192.075,-78.75,0,top
R4,1k,R_0805_2012Metric,159.65,-93.1,-90,top
R5,1.69k,R_0805_2012Metric,153.65,-91.85,180,top
R6,1.5,R_0805_2012Metric,140.4,-90.6,90,top
R7,1.5,R_0805_2012Metric,140.4,-103.6,-90,top
R10,10k,R_0805_2012Metric,162.625,-83.6,90,top
R11,10k,R_0805_2012Metric,165.575,-83.6,90,top
R12,10k,R_0805_2012Metric,168.525,-83.6,90,top
R13,220,R_0805_2012Metric,93.575,-37.35,180,top
RV1,R_Potentiometer,Potentiometer_ACP_CA6-VSMD_Vertical,93.575,-43.1,0,top
SW1,EN,SW_Push_1P1T_XKB_TS-1187A,196.325,-87.1,-90,top
SW2,BOOT,SW_Push_1P1T_XKB_TS-1187A,196.325,-95.6,90,top
SW3,LEFT,SW_Push_1P1T_XKB_TS-1187A,160.05,-74.85,90,top
SW4,SELECT,SW_Push_1P1T_XKB_TS-1187A,168.825,-74.85,90,top
SW5,RIGHT,SW_Push_1P1T_XKB_TS-1187A,177.575,-74.85,90,top
U1,XC6206PxxxMR,SOT-23-3,171.325,-117.35,180,top
U2,ESP32-S3-WROOM-1,ESP32-S3-WROOM-1,193.825,-121.7,180,top
U4,MIC5225-3.3YM5-TR,SOT-23-5,170.4,-106.1,0,top
U5,PN5321A3HN_C1xx,HVQFN-40-1EP_6x6mm_P0.5mm_EP4.1x4.1mm,165.15,-97.73,0,top
Y1,27.12 MHz,Crystal_SMD_3225-4Pin_3.2x2.5mm,164.65,-106.0175,180,top
