"Id";"Designator";"Footprint";"Quantity";"Designation";"Supplier and ref";
1;",";"";2;"";;;
2;"SW5";"SW_Push_1P1T_XKB_TS-1187A";1;"RIGHT";;;
3;"C24";"C_0402_1005Metric";1;"220pF";;;
4;"C23,C25";"C_0402_1005Metric";2;"100pF";;;
5;"R3,R10,R12,R11";"R_0805_2012Metric";4;"10k";;;
6;"C11,C8,C15,C18,C3";"C_0402_1005Metric";5;"10uF";;;
7;"C6,C1,C2";"C_0402_1005Metric";3;"1uF";;;
8;"L4";"C_0805_2012Metric";1;"560 nH";;;
9;"Y1";"Crystal_SMD_3225-4Pin_3.2x2.5mm";1;"27.12 MHz";;;
10;"J3";"PinHeader_1x04_P2.54mm_Vertical";1;"UART";;;
11;"SW2";"SW_Push_1P1T_XKB_TS-1187A";1;"BOOT";;;
12;"SW4";"SW_Push_1P1T_XKB_TS-1187A";1;"SELECT";;;
13;"SW3";"SW_Push_1P1T_XKB_TS-1187A";1;"LEFT";;;
14;"R4";"R_0805_2012Metric";1;"1k";;;
15;"C9,C19,C5,C31,C7,C10,C14,C17,C16";"C_0402_1005Metric";9;"0.1uF";;;
16;"R13";"R_0805_2012Metric";1;"220";;;
17;"J5";"microSD_HC_Hirose_DM3AT-SF-PEJM5";1;"Micro_SD_Card_Det1";;;
18;"RV1";"Potentiometer_ACP_CA6-VSMD_Vertical";1;"R_Potentiometer";;;
19;"L1,L2";"D_0603_1608Metric";2;"L_Ferrite";;;
20;"R1,R2";"R_0805_2012Metric";2;"5k1";;;
21;"J6";"PinHeader_1x16_P2.54mm_Vertical";1;"LCD Connector";;;
22;"R7,R6";"R_0805_2012Metric";2;"1.5";;;
23;"U5";"HVQFN-40-1EP_6x6mm_P0.5mm_EP4.1x4.1mm";1;"PN5321A3HN_C1xx";;;
24;"R8,R9";"R0201";2;"NC";;;
25;"U2";"ESP32-S3-WROOM-1";1;"ESP32-S3-WROOM-1";;;
26;"J1";"USB_C_Receptacle_HRO_TYPE-C-31-M-12";1;"USB_C_Receptacle_USB2.0_16P";;;
27;"R5";"R_0805_2012Metric";1;"1.69k";;;
28;"C30";"C_0402_1005Metric";1;"1000pF";;;
29;"C28,C26,C20,C29";"C_0402_1005Metric";4;"NC";;;
30;"C13,C27,C12,C21";"C_0402_1005Metric";4;"22pF";;;
31;"C22";"C_0402_1005Metric";1;"220PF";;;
32;"U1";"SOT-23-3";1;"XC6206PxxxMR";;;
33;"SW1";"SW_Push_1P1T_XKB_TS-1187A";1;"EN";;;
34;"L3";"C_0805_2012Metric";1;"560nH";;;
35;"U4";"SOT-23-5";1;"MIC5225-3.3YM5-TR";;;
36;"SEL1";"PinHeader_1x03_P2.54mm_Vertical";1;"SEL1";;;
37;"SEL0";"PinHeader_1x03_P2.54mm_Vertical";1;"SEL0";;;
38;"C4";"C_1210_3225Metric";1;"22uF";;;
