﻿Designator,Quantity,Value,Footprint,Package,MPN,DNP,Mount_Type,Description
"C1, C2",2,0.1uF,CP_Radial_D4.0mm_P1.50mm,,,,tht,Polarized capacitor
H1,1,12V (external in),MountingHole_2.2mm_M2_DIN965_Pad,,,,tht,Mounting Hole with connection
H2,1,GND (external in),MountingHole_2.2mm_M2_DIN965_Pad,,,,tht,Mounting Hole with connection
H3,1,5V (external in),MountingHole_2.2mm_M2_DIN965_Pad,,,,tht,Mounting Hole with connection
H4,1,3.3V (external in),MountingHole_2.2mm_M2_DIN965_Pad,,,,tht,Mounting Hole with connection
J1,1,Brush Motor 2 (right),JST_PH_B2B-PH-K_1x02_P2.00mm_Vertical,,,,tht,"Generic connector, single row, 01x02, script generated"
J2,1,Brush Motor 1 (left),JST_PH_B2B-PH-K_1x02_P2.00mm_Vertical,,,,tht,"Generic connector, single row, 01x02, script generated"
J3,1,Brush Header (control),JST_PH_B3B-PH-K_1x03_P2.00mm_Vertical,,,,tht,"Generic connector, single row, 01x03, script generated"
J4,1,Brush Motor Main,JST_PH_B2B-PH-K_1x02_P2.00mm_Vertical,,,,tht,"Generic connector, single row, 01x02, script generated"
J5,1,Vacuum,JST_PH_B4B-PH-K_1x04_P2.00mm_Vertical,,,,tht,"Generic connector, single row, 01x04, script generated"
J6,1,Vacuum Header (control),JST_PH_B2B-PH-K_1x02_P2.00mm_Vertical,,,,tht,"Generic connector, single row, 01x02, script generated"
J7,1,Motor (left),JST_PH_B6B-PH-K_1x06_P2.00mm_Vertical,,,,tht,"Generic connector, single row, 01x06, script generated"
J8,1,Motor (right),JST_PH_B6B-PH-K_1x06_P2.00mm_Vertical,,,,tht,"Generic connector, single row, 01x06, script generated"
J9,1,Motor Header (control),JST_PH_B6B-PH-K_1x06_P2.00mm_Vertical,,,,tht,"Generic connector, single row, 01x06, script generated"
"Q1, Q10, Q12, Q13, Q15, Q2, Q3, Q4, Q6, Q7, Q9",11,IRF540N,TO-220-3_Vertical,,,,tht,"33A Id, 100V Vds, HEXFET N-Channel MOSFET, TO-220"
"Q11, Q14, Q5, Q8",4,IRF9540N,TO-220-3_Vertical,,,,tht,"-23A Id, -100V Vds, 117mOhm Rds, P-Channel HEXFET Power MOSFET, TO-220"
"R1, R14, R17, R2, R3, R7, R8",7,10k,R_Axial_DIN0207_L6.3mm_D2.5mm_P10.16mm_Horizontal,,,,tht,Resistor
"R10, R12, R13, R18, R19, R5, R6, R9",8,10K,R_Axial_DIN0207_L6.3mm_D2.5mm_P10.16mm_Horizontal,,,,tht,Resistor
"R11, R15",2,10,R_Axial_DIN0207_L6.3mm_D2.5mm_P10.16mm_Horizontal,,,,tht,Resistor
"R16, R4",2,5.1k,R_Axial_DIN0207_L6.3mm_D2.5mm_P10.16mm_Horizontal,,,,tht,Resistor
