﻿pos_x,pos_y,rotation,side,designator,mpn,pack,footprint,value,mount_type,place
112.3274,-135.5,0.0,top,C1,,,CP_Radial_D4.0mm_P1.50mm,0.1uF,tht,True
179.2726,-135.5,180.0,top,C2,,,CP_Radial_D4.0mm_P1.50mm,0.1uF,tht,True
176.55,-61.0,-90.0,top,H1,,,MountingHole_2.2mm_M2_DIN965_Pad,12V (external in),tht,False
176.55,-68.5,-90.0,top,H2,,,MountingHole_2.2mm_M2_DIN965_Pad,GND (external in),tht,False
168.55,-61.0,-90.0,top,H3,,,MountingHole_2.2mm_M2_DIN965_Pad,5V (external in),tht,False
160.55,-61.0,-90.0,top,H4,,,MountingHole_2.2mm_M2_DIN965_Pad,3.3V (external in),tht,False
190.6,-100.42,-90.0,top,J1,,,JST_PH_B2B-PH-K_1x02_P2.00mm_Vertical,Brush Motor 2 (right),tht,True
101.55,-103.5,90.0,top,J2,,,JST_PH_B2B-PH-K_1x02_P2.00mm_Vertical,Brush Motor 1 (left),tht,True
132.05,-61.5,180.0,top,J3,,,JST_PH_B3B-PH-K_1x03_P2.00mm_Vertical,Brush Header (control),tht,True
162.05,-149.5,180.0,top,J4,,,JST_PH_B2B-PH-K_1x02_P2.00mm_Vertical,Brush Motor Main,tht,True
175.05,-148.5,0.0,top,J5,,,JST_PH_B4B-PH-K_1x04_P2.00mm_Vertical,Vacuum,tht,True
118.05,-61.5,180.0,top,J6,,,JST_PH_B2B-PH-K_1x02_P2.00mm_Vertical,Vacuum Header (control),tht,True
102.55,-125.0,-90.0,top,J7,,,JST_PH_B6B-PH-K_1x06_P2.00mm_Vertical,Motor (left),tht,True
190.05,-125.0,-90.0,top,J8,,,JST_PH_B6B-PH-K_1x06_P2.00mm_Vertical,Motor (right),tht,True
152.05,-61.5,180.0,top,J9,,,JST_PH_B6B-PH-K_1x06_P2.00mm_Vertical,Motor Header (control),tht,True
184.045,-103.96,90.0,top,Q1,,,TO-220-3_Vertical,IRF540N,tht,True
134.67,-82.055,180.0,top,Q10,,,TO-220-3_Vertical,IRF540N,tht,True
134.67,-104.92,180.0,top,Q11,,,TO-220-3_Vertical,IRF9540N,tht,True
134.67,-94.055,180.0,top,Q12,,,TO-220-3_Vertical,IRF540N,tht,True
145.09,-83.945,0.0,top,Q13,,,TO-220-3_Vertical,IRF540N,tht,True
145.09,-106.81,0.0,top,Q14,,,TO-220-3_Vertical,IRF9540N,tht,True
145.09,-95.945,0.0,top,Q15,,,TO-220-3_Vertical,IRF540N,tht,True
108.05,-98.88,-90.0,top,Q2,,,TO-220-3_Vertical,IRF540N,tht,True
134.67,-124.635,180.0,top,Q3,,,TO-220-3_Vertical,IRF540N,tht,True
159.47,-142.4,0.0,top,Q4,,,TO-220-3_Vertical,IRF540N,tht,True
129.55,-149.39,0.0,top,Q5,,,TO-220-3_Vertical,IRF9540N,tht,True
134.63,-136.635,180.0,top,Q6,,,TO-220-3_Vertical,IRF540N,tht,True
144.01,-126.525,0.0,top,Q7,,,TO-220-3_Vertical,IRF540N,tht,True
149.09,-147.5,180.0,top,Q8,,,TO-220-3_Vertical,IRF9540N,tht,True
144.01,-138.525,0.0,top,Q9,,,TO-220-3_Vertical,IRF540N,tht,True
115.05,-96.34,-90.0,top,R1,,,R_Axial_DIN0207_L6.3mm_D2.5mm_P10.16mm_Horizontal,10k,tht,True
151.63,-131.635,180.0,top,R10,,,R_Axial_DIN0207_L6.3mm_D2.5mm_P10.16mm_Horizontal,10K,tht,True
107.97,-125.0,0.0,top,R11,,,R_Axial_DIN0207_L6.3mm_D2.5mm_P10.16mm_Horizontal,10,tht,True
127.05,-77.555,0.0,top,R12,,,R_Axial_DIN0207_L6.3mm_D2.5mm_P10.16mm_Horizontal,10K,tht,True
137.21,-89.055,180.0,top,R13,,,R_Axial_DIN0207_L6.3mm_D2.5mm_P10.16mm_Horizontal,10K,tht,True
137.21,-100.92,180.0,top,R14,,,R_Axial_DIN0207_L6.3mm_D2.5mm_P10.16mm_Horizontal,10k,tht,True
183.63,-125.0,180.0,top,R15,,,R_Axial_DIN0207_L6.3mm_D2.5mm_P10.16mm_Horizontal,10,tht,True
183.63,-131.0,180.0,top,R16,,,R_Axial_DIN0207_L6.3mm_D2.5mm_P10.16mm_Horizontal,5.1k,tht,True
142.55,-77.555,0.0,top,R17,,,R_Axial_DIN0207_L6.3mm_D2.5mm_P10.16mm_Horizontal,10k,tht,True
142.55,-100.92,0.0,top,R18,,,R_Axial_DIN0207_L6.3mm_D2.5mm_P10.16mm_Horizontal,10K,tht,True
152.71,-89.055,180.0,top,R19,,,R_Axial_DIN0207_L6.3mm_D2.5mm_P10.16mm_Horizontal,10K,tht,True
177.1,-106.5,90.0,top,R2,,,R_Axial_DIN0207_L6.3mm_D2.5mm_P10.16mm_Horizontal,10k,tht,True
156.93,-135.4,0.0,top,R3,,,R_Axial_DIN0207_L6.3mm_D2.5mm_P10.16mm_Horizontal,10k,tht,True
107.97,-131.0,0.0,top,R4,,,R_Axial_DIN0207_L6.3mm_D2.5mm_P10.16mm_Horizontal,5.1k,tht,True
127.05,-120.135,0.0,top,R5,,,R_Axial_DIN0207_L6.3mm_D2.5mm_P10.16mm_Horizontal,10K,tht,True
137.21,-131.635,180.0,top,R6,,,R_Axial_DIN0207_L6.3mm_D2.5mm_P10.16mm_Horizontal,10K,tht,True
137.17,-143.5,180.0,top,R7,,,R_Axial_DIN0207_L6.3mm_D2.5mm_P10.16mm_Horizontal,10k,tht,True
141.47,-120.135,0.0,top,R8,,,R_Axial_DIN0207_L6.3mm_D2.5mm_P10.16mm_Horizontal,10k,tht,True
141.47,-143.5,0.0,top,R9,,,R_Axial_DIN0207_L6.3mm_D2.5mm_P10.16mm_Horizontal,10K,tht,True
