Qty,Value,Device,Package,Parts,Description,CASE,DATASHEET,DISTRIBUTOR-LINK,DISTRIBUTOR-PN,MANUFACTURER,MANUFACTURER-PN,MONTHLY_USAGE,PART_NUMBER,POPULARITY,PRICE,SPICEPREFIX,SUPPLIER,TYPE,VALUE
1,-,PINHD-1X14-CUSTOM(PINHD-1X14),1X14-CUSTOM,J1,,,,,,,,,,,,,,,
1,0.1uF,C-EUC0603,C0603,C2,"CAPACITOR, European symbol",,,,,,,,,73,,C,,,
2,100k,RESISTOR_DUAL_0603,0603-THM,"R1, R4","Flip Flop resistor",,,,,,,,,,,,,,
2,100n,C-EU0603-RND,C0603-ROUND,"C4, C6","CAPACITOR, European symbol",,,,,,,,,,,,,,
1,100nF,0015_100NF_0603,C0603-ROUND,C10,"100nF 0603",0603,,,,,,_____,100nF_0603,,_____,,_____,Condensatori,100nF
1,10K,4R-NCAY16,CAY16,RN1,"Array Chip Resistor",,,,,,,,,,,,,,
1,10k,RESISTOR_DUAL_0603,0603-THM,R5,"Flip Flop resistor",,,,,,,,,,,,,,
1,10uH,0715_CV201210-100K,0805,L2,"10uH 0805",0805,,,,,,_____,CV201210-100K,,_____,,_____,Induttanze,10uH
1,1K,4R-NCAY16,CAY16,RN4,"Array Chip Resistor",,,,,,,,,,,,,,
1,1M,R-EU_R0603,R0603-ROUND,R2,"RESISTOR, European symbol",,,,,,,,,,,,,,
1,1k,RESISTOR_DUAL_0603,0603-THM,R6,"Flip Flop resistor",,,,,,,,,,,,,,
1,1nF,C-EUC0603,C0603,C1,"CAPACITOR, European symbol",,,,,,,,,73,,C,,,
2,1uF,C-EUC0603,C0603,"C3, C5","CAPACITOR, European symbol",,,,,,,,,73,,C,,,
2,24.247,24.247,24.247,"U$3, U$4","Banana Plug",,,,,,,,,,,,,,
1,24.247.2,24.247,24.247,U$2,"Banana Plug",,,,,,,,,,,,,,
1,"3x2 M",PINHD-2X3,2X03,ICSP,"PIN HEADER",,,,,,,,,,,,,,
1,50k,RESISTOR_DUAL_0603,0603-THM,R3,"Flip Flop resistor",,,,,,,,,,,,,,
1,ACS712,ACS712,SOIC-8,U$1,,,,,,,,,,,,,,,
1,ATMEGA328P-AU,ATMEGAXX8-AU,TQFP32-08,U4,MICROCONTROLLER,,,,,,,,,,,,,,
1,CD1206-S01575,DIODE-MINIMELF,MINIMELF,D2,DIODE,,,,,,,,,,,,,,
1,CSTNE16M0VH3C000R0,RESONATORMU,RESONATOR,Y2,,,,,,,,,,,,,,,
3,DNP,FIDUCIAL-1.5MM,FD-1-1.5,"FD1, FD2, FD3","Fiducial mount",,DNP,DNP,DNP,DNP,DNP,,,,,,,,DNP
1,GREEN,LEDCHIP-LED0805,CHIP-LED0805,ON,LED,,,,,,,,,,,,,,
1,HC005-1A1H1A103-0HR,HC005-1A1H1A103-0HR,HC005-1A1H1A103-0HR,U$6,,,,,,,,,,,,,,,
1,"HX TS4550TP 250gf 009",HXTS4550TP250GF009,HXTS4550TP250GF009,RESET,,,,,,,,,,,,,,,
1,ME6212C33M5G,ME6212,SOT23-5,U$7,ME6212,,,,,,,,,,,,,,
3,MMBT2369A,TRANSISTOR_NPNWIDE,SOT23-WIDE,"Q2, Q3, Q4","NPN Transistor",,,,,,,,,,,,,,
1,PINHD-1X18-CUSTOM(PINHD-1X18),PINHD-1X18-CUSTOM(PINHD-1X18),1X18-CUSTOM,J2,,,,,,,,,,,,,,,
1,TP_SP,TP_SP,TP-SP,TP_ONL,,,,,,,,,,,,,,,
1,WIRE_NC,WIRE_NC,WIRE_NC,U$5,,,,,,,,,,,,,,,
1,ZL-YDW1207-4005PA-5,ZL-YDW1207-4005PA-5,"PLUGIN,D=12.5MM",BUZZER,"Piezoelectric passive buzzer",,,,,,,,,,,,,,
1,properties,TRANSISTOR_NPNWIDE,SOT23-WIDE,Q1,"NPN Transistor",,,,,,,,,,,,,,
