Ref,Val,Package,PosX,PosY,Rot,Side
"J8","Conn_01x06_Pin","PinHeader_1x06_P2.54mm_Vertical",106.000000,-88.210000,180.000000,bottom
"J9","Conn_01x06_Pin","PinHeader_1x06_P2.54mm_Vertical",106.000000,-71.460000,180.000000,bottom
"J10","Conn_01x03_Pin","PinHeader_1x03_P2.54mm_Vertical",57.750000,-83.225000,180.000000,bottom
"A1","ARDUINO_MEGA_2560_REV3_A000067","ARDUINO_ARDUINO_MEGA_2560_REV3_A000067",81.880000,-93.330000,0.000000,top
"B1","Motor_Servo","PinHeader_1x03_P2.54mm_Vertical",79.275000,-112.000000,-90.000000,top
"B2","Motor_Servo","PinHeader_1x03_P2.54mm_Vertical",79.330000,-102.500000,-90.000000,top
"B3","Motor_Servo","PinHeader_1x03_P2.54mm_Vertical",79.275000,-93.250000,-90.000000,top
"B4","Motor_Servo","PinHeader_1x03_P2.54mm_Vertical",79.250000,-83.750000,-90.000000,top
"B5","Motor_Servo","PinHeader_1x03_P2.54mm_Vertical",79.250000,-74.750000,-90.000000,top
"B6","Motor_Servo","PinHeader_1x03_P2.54mm_Vertical",79.250000,-65.250000,-90.000000,top
"J1","Motor_Servo","PinHeader_1x03_P2.54mm_Vertical",79.275000,-107.250000,-90.000000,top
"J2","Motor_Servo","PinHeader_1x03_P2.54mm_Vertical",79.250000,-98.000000,-90.000000,top
"J3","Motor_Servo","PinHeader_1x03_P2.54mm_Vertical",79.330000,-88.500000,-90.000000,top
"J4","Motor_Servo","PinHeader_1x03_P2.54mm_Vertical",79.250000,-79.250000,-90.000000,top
"J5","Motor_Servo","PinHeader_1x03_P2.54mm_Vertical",79.250000,-70.000000,-90.000000,top
"J6","Motor_Servo","PinHeader_1x03_P2.54mm_Vertical",79.250000,-60.750000,-90.000000,top
"J7","Conn_01x02_Pin","JST_EH_B2B-EH-A_1x02_P2.50mm_Vertical",73.500000,-123.500000,0.000000,top
