﻿Designator,Footprint,Quantity,Value,LCSC Part #
"BT1, BT2",BH-18650-B6AA002,2,3.7V,
"C1, C4",CAPC2012X135N,2,10 uF,
"C2, C3",CAPC2012X140N,2,4.7 uF,
"D1, D2, D3, D4, D5, D6",0201,6,D,
"L1, L2",IND_LQH2HPN2R2MJRL,2,2.2 uH,
MICRO_SD1,TF-01A,1,TF-01A,
R1,RESC1607X60N,1,10k,
"SW1, SW2, SW3, SW4, SW5, SW6",SW_TS-1088-AR02016,6,SW_Push,
U1,ESP32-S3-DevKitC,1,ESP32-S3-DevKitC,
U2,ILI9341 320x240 Symbol,1,TFT_320x240,
"U3, U5",DC-DC_Converter,2,DC-DC_Converter,
U4,MODULE_ESP32-DEVKITC-32E,1,ESP32-DEVKITC-32E,
