{
"lengthUnit": "mil",
"components": {
	"fields": ["COMPONENT_NO", "COMPONENT_NAME", "LAYER", "X_COORDINATE", "Y_COORDINATE", "ANGLE"],
	"rows": [
		[1, "C1", "T", 120, -475, 0],
		[2, "C2", "T", 120, -435, 0],
		[3, "C3", "T", 20, -350, 180],
		[4, "C5", "T", 85, -250, 180],
		[5, "C6", "T", 295, -264.65, 90],
		[6, "HDR1", "T", -275, -260, 270],
		[7, "Q5", "T", 60, -55, 0],
		[8, "Q6", "T", -106.85, -181.85, 90],
		[9, "Q7", "T", 55, -130, 0],
		[10, "Q8", "T", -181.85, -376.85, 90],
		[11, "R1", "T", 135, -40, 0],
		[12, "R2", "T", -15, -55, 180],
		[13, "R3", "T", -121.85, -106.85, 90],
		[14, "R4", "T", -106.85, -256.85, 270],
		[15, "R5", "T", 130, -125, 0],
		[16, "R6", "T", -20, -130, 180],
		[17, "R7", "T", -196.85, -301.85, 90],
		[18, "R8", "T", -191.85, -461.85, 270],
		[19, "R9", "T", 10, -190, 0],
		[20, "U1", "T", 1.02, -443.09, 0],
		[21, "U3", "T", -35, -260, 90],
		[22, "U5", "T", 208, -265, 270]
	]
},
"pins": {
	"fields": ["PIN_NO", "PIN_NAME", "PIN_X", "PIN_Y", "LAYER", "PIN_TYPE", "NET_NAME", "NET_TYPE", "PAD_SHAPE", "PAD_SIZEX", "PAD_SIZEY", "HOLE_SIZE", "PAD_ANGLE"],
	"rows": [
		[1, "C1_1", 98.54, -475, "T", "SMD", "1V8", "", "R", 31.11, 21.26, 0, 0],
		[2, "C1_2", 141.46, -475, "T", "SMD", "GND", "GND", "R", 31.11, 21.26, 0, 0],
		[3, "C2_1", 98.54, -435, "T", "SMD", "$1N620", "", "R", 31.11, 21.26, 0, 0],
		[4, "C2_2", 141.46, -435, "T", "SMD", "GND", "GND", "R", 31.11, 21.26, 0, 0],
		[5, "C3_1", 41.46, -350, "T", "SMD", "1V8", "", "R", 31.11, 21.26, 0, 180],
		[6, "C3_2", -1.46, -350, "T", "SMD", "GND", "GND", "R", 31.11, 21.26, 0, 180],
		[7, "C5_1", 106.46, -250, "T", "SMD", "GND", "GND", "R", 31.11, 21.26, 0, 180],
		[8, "C5_2", 63.54, -250, "T", "SMD", "+5V", "", "R", 31.11, 21.26, 0, 180],
		[9, "C6_1", 295, -286.11, "T", "SMD", "GND", "GND", "R", 31.11, 21.26, 0, 90],
		[10, "C6_2", 295, -243.19, "T", "SMD", "1V8", "", "R", 31.11, 21.26, 0, 90],
		[11, "HDR1_1", -275, -63.15, "T", "DIP", "+5V", "", "R", 55.12, 55.12, 31.5, 270],
		[12, "HDR1_1", -275, -63.15, "B", "DIP", "+5V", "", "R", 55.12, 55.12, 31.5, 270],
		[13, "HDR1_2", -275, -141.89, "T", "DIP", "SCL_HV", "", "C", 55.12, 55.12, 31.5, 270],
		[14, "HDR1_2", -275, -141.89, "B", "DIP", "SCL_HV", "", "C", 55.12, 55.12, 31.5, 270],
		[15, "HDR1_3", -275, -220.63, "T", "DIP", "SDA_HV", "", "C", 55.12, 55.12, 31.5, 270],
		[16, "HDR1_3", -275, -220.63, "B", "DIP", "SDA_HV", "", "C", 55.12, 55.12, 31.5, 270],
		[17, "HDR1_4", -275, -299.37, "T", "DIP", "FSYNC_HV", "", "C", 55.12, 55.12, 31.5, 270],
		[18, "HDR1_4", -275, -299.37, "B", "DIP", "FSYNC_HV", "", "C", 55.12, 55.12, 31.5, 270],
		[19, "HDR1_5", -275, -378.11, "T", "DIP", "INT1_HV", "", "C", 55.12, 55.12, 31.5, 270],
		[20, "HDR1_5", -275, -378.11, "B", "DIP", "INT1_HV", "", "C", 55.12, 55.12, 31.5, 270],
		[21, "HDR1_6", -275, -456.85, "T", "DIP", "GND", "GND", "C", 55.12, 55.12, 31.5, 270],
		[22, "HDR1_6", -275, -456.85, "B", "DIP", "GND", "GND", "C", 55.12, 55.12, 31.5, 270],
		[23, "Q5_1", 79.69, -70.75, "T", "SMD", "1V8", "", "R", 18.5, 20.5, 0, 270],
		[24, "Q5_2", 79.69, -39.25, "T", "SMD", "SCL_LV", "", "R", 18.5, 20.5, 0, 270],
		[25, "Q5_3", 40.32, -55, "T", "SMD", "SCL_HV", "", "R", 20.5, 20.5, 0, 270],
		[26, "Q6_1", -91.1, -162.17, "T", "SMD", "1V8", "", "R", 18.5, 20.5, 0, 0],
		[27, "Q6_2", -122.6, -162.17, "T", "SMD", "SDA_LV", "", "R", 18.5, 20.5, 0, 0],
		[28, "Q6_3", -106.85, -201.54, "T", "SMD", "SDA_HV", "", "R", 20.5, 20.5, 0, 0],
		[29, "Q7_1", 74.69, -145.75, "T", "SMD", "1V8", "", "R", 18.5, 20.5, 0, 270],
		[30, "Q7_2", 74.69, -114.25, "T", "SMD", "FSYNC_LV", "", "R", 18.5, 20.5, 0, 270],
		[31, "Q7_3", 35.32, -130, "T", "SMD", "FSYNC_HV", "", "R", 20.5, 20.5, 0, 270],
		[32, "Q8_1", -166.1, -357.17, "T", "SMD", "1V8", "", "R", 18.5, 20.5, 0, 0],
		[33, "Q8_2", -197.6, -357.17, "T", "SMD", "INT1_LV", "", "R", 18.5, 20.5, 0, 0],
		[34, "Q8_3", -181.85, -396.54, "T", "SMD", "INT1_HV", "", "R", 20.5, 20.5, 0, 0],
		[35, "R1_1", 117.96, -40, "T", "SMD", "SCL_LV", "", "R", 22.27, 21.26, 0, 0],
		[36, "R1_2", 152.04, -40, "T", "SMD", "1V8", "", "R", 22.27, 21.26, 0, 0],
		[37, "R2_1", 2.04, -55, "T", "SMD", "SCL_HV", "", "R", 22.27, 21.26, 0, 180],
		[38, "R2_2", -32.04, -55, "T", "SMD", "+5V", "", "R", 22.27, 21.26, 0, 180],
		[39, "R3_1", -121.85, -123.89, "T", "SMD", "SDA_LV", "", "R", 22.27, 21.26, 0, 90],
		[40, "R3_2", -121.85, -89.81, "T", "SMD", "1V8", "", "R", 22.27, 21.26, 0, 90],
		[41, "R4_1", -106.85, -239.81, "T", "SMD", "SDA_HV", "", "R", 22.27, 21.26, 0, 270],
		[42, "R4_2", -106.85, -273.89, "T", "SMD", "+5V", "", "R", 22.27, 21.26, 0, 270],
		[43, "R5_1", 112.96, -125, "T", "SMD", "FSYNC_LV", "", "R", 22.27, 21.26, 0, 0],
		[44, "R5_2", 147.04, -125, "T", "SMD", "1V8", "", "R", 22.27, 21.26, 0, 0],
		[45, "R6_1", -2.96, -130, "T", "SMD", "FSYNC_HV", "", "R", 22.27, 21.26, 0, 180],
		[46, "R6_2", -37.04, -130, "T", "SMD", "+5V", "", "R", 22.27, 21.26, 0, 180],
		[47, "R7_1", -196.85, -318.89, "T", "SMD", "INT1_LV", "", "R", 22.27, 21.26, 0, 90],
		[48, "R7_2", -196.85, -284.81, "T", "SMD", "1V8", "", "R", 22.27, 21.26, 0, 90],
		[49, "R8_1", -191.85, -444.81, "T", "SMD", "INT1_HV", "", "R", 22.27, 21.26, 0, 270],
		[50, "R8_2", -191.85, -478.89, "T", "SMD", "+5V", "", "R", 22.27, 21.26, 0, 270],
		[51, "R9_1", -7.04, -190, "T", "SMD", "$1N4298", "", "R", 22.27, 21.26, 0, 0],
		[52, "R9_2", 27.04, -190, "T", "SMD", "+5V", "", "R", 22.27, 21.26, 0, 0],
		[53, "U1_1", -38.34, -499.29, "T", "SMD", "U1_1", "", "P", 7.87, 19.91, 0, 0],
		[54, "U1_2", -22.6, -499.29, "T", "SMD", "U1_2", "", "R", 7.87, 19.88, 0, 0],
		[55, "U1_3", -6.85, -499.29, "T", "SMD", "U1_3", "", "R", 7.87, 19.88, 0, 0],
		[56, "U1_4", 8.89, -499.29, "T", "SMD", "U1_4", "", "R", 7.87, 19.88, 0, 0],
		[57, "U1_5", 24.64, -499.29, "T", "SMD", "U1_5", "", "R", 7.87, 19.88, 0, 0],
		[58, "U1_6", 40.39, -499.29, "T", "SMD", "U1_6", "", "P", 7.87, 19.9, 0, 0],
		[59, "U1_7", 57.22, -482.46, "T", "SMD", "U1_7", "", "P", 19.9, 7.87, 0, 0],
		[60, "U1_8", 57.22, -466.71, "T", "SMD", "1V8", "", "R", 19.88, 7.87, 0, 0],
		[61, "U1_9", 57.22, -450.96, "T", "SMD", "GND", "GND", "R", 19.88, 7.87, 0, 0],
		[62, "U1_10", 57.22, -435.22, "T", "SMD", "$1N620", "", "R", 19.88, 7.87, 0, 0],
		[63, "U1_11", 57.22, -419.47, "T", "SMD", "FSYNC_LV", "", "R", 19.88, 7.87, 0, 0],
		[64, "U1_12", 57.22, -403.72, "T", "SMD", "INT1_LV", "", "P", 19.9, 7.87, 0, 0],
		[65, "U1_13", 40.39, -386.89, "T", "SMD", "1V8", "", "P", 7.87, 19.9, 0, 0],
		[66, "U1_14", 24.64, -386.89, "T", "SMD", "U1_14", "", "R", 7.87, 19.88, 0, 0],
		[67, "U1_15", 8.89, -386.89, "T", "SMD", "U1_15", "", "R", 7.87, 19.88, 0, 0],
		[68, "U1_16", -6.85, -386.89, "T", "SMD", "U1_16", "", "R", 7.87, 19.88, 0, 0],
		[69, "U1_17", -22.6, -386.89, "T", "SMD", "U1_17", "", "R", 7.87, 19.88, 0, 0],
		[70, "U1_18", -38.35, -386.89, "T", "SMD", "GND", "GND", "P", 7.87, 19.9, 0, 0],
		[71, "U1_19", -55.18, -403.72, "T", "SMD", "U1_19", "", "P", 19.9, 7.87, 0, 0],
		[72, "U1_20", -55.18, -419.47, "T", "SMD", "GND", "GND", "R", 19.88, 7.87, 0, 0],
		[73, "U1_21", -55.18, -435.22, "T", "SMD", "U1_21", "", "R", 19.88, 7.87, 0, 0],
		[74, "U1_22", -55.18, -450.96, "T", "SMD", "1V8", "", "R", 19.88, 7.87, 0, 0],
		[75, "U1_23", -55.18, -466.71, "T", "SMD", "SCL_LV", "", "R", 19.88, 7.87, 0, 0],
		[76, "U1_24", -55.18, -482.46, "T", "SMD", "SDA_LV", "", "P", 19.9, 7.87, 0, 0],
		[77, "U1_25", 1.02, -443.09, "T", "SMD", "U1_25", "", "R", 66.93, 66.93, 0, 0],
		[78, "U3_1", -35, -235.47, "T", "SMD", "$1N4298", "", "R", 29.53, 23.62, 0, 90],
		[79, "U3_2", -35, -284.53, "T", "SMD", "GND", "GND", "R", 29.53, 23.62, 0, 90],
		[80, "U5_1", 164.69, -227.6, "T", "SMD", "+5V", "", "R", 23.62, 39.37, 0, 270],
		[81, "U5_2", 164.69, -265, "T", "SMD", "GND", "GND", "R", 23.62, 39.37, 0, 270],
		[82, "U5_3", 164.69, -302.4, "T", "SMD", "+5V", "", "R", 23.62, 39.37, 0, 270],
		[83, "U5_4", 251.31, -302.4, "T", "SMD", "U5_4", "", "R", 23.62, 39.37, 0, 270],
		[84, "U5_5", 251.31, -227.6, "T", "SMD", "1V8", "", "R", 23.62, 39.37, 0, 270]
	]
}
}