{
"lengthUnit": "mil",
"components": {
	"fields": ["COMPONENT_NO", "COMPONENT_NAME", "LAYER", "X_COORDINATE", "Y_COORDINATE", "ANGLE"],
	"rows": [
		[1, "C2", "T", 2420, -800, 0],
		[2, "C3", "T", 2610, -800, 0],
		[3, "LED1", "T", 2675, -290, 0],
		[4, "LED3", "T", 765, -805, 0],
		[5, "LED4", "T", 1510, -805, 0],
		[6, "LED5", "T", 2160, -575, 0],
		[7, "R1", "T", 3000, -665, 180],
		[8, "R2", "T", 2870, -665, 0],
		[9, "R3", "T", 2505, -290, 0],
		[10, "R4", "T", 1730, -320, 0],
		[11, "R5", "T", 1737.53, -435.94, 0],
		[12, "R6", "T", 610, -925, 270],
		[13, "R7", "T", 1355, -925, 270],
		[14, "R8", "T", 2065, -730, 270],
		[15, "U1", "T", 470, -925, 0],
		[16, "U2", "T", 1215, -925, 0],
		[17, "U3", "T", 1925, -730, 0],
		[18, "USB1", "T", 1290, -640, 180],
		[19, "USB2", "T", 550, -640, 180],
		[20, "USB_C_1", "T", 2900, -415, 90],
		[21, "USB_C_2", "T", 2015, -410, 180],
		[22, "USB_Hub_Controller", "T", 2505, -560, 0]
	]
},
"pins": {
	"fields": ["PIN_NO", "PIN_NAME", "PIN_X", "PIN_Y", "LAYER", "PIN_TYPE", "NET_NAME", "NET_TYPE", "PAD_SHAPE", "PAD_SIZEX", "PAD_SIZEY", "HOLE_SIZE", "PAD_ANGLE"],
	"rows": [
		[1, "C2_1", 2357.3, -800, "T", "SMD", "GND", "GND", "R", 58.47, 68.03, 0, 0],
		[2, "C2_2", 2482.7, -800, "T", "SMD", "+5V", "", "R", 58.47, 68.03, 0, 0],
		[3, "C3_1", 2582.44, -800, "T", "SMD", "GND", "GND", "R", 31.5, 35.43, 0, 0],
		[4, "C3_2", 2637.56, -800, "T", "SMD", "+5V", "", "R", 31.5, 35.43, 0, 0],
		[5, "LED1_1", 2643.53, -290.13, "T", "SMD", "$1N3624", "", "R", 31.5, 31.5, 0, 90],
		[6, "LED1_2", 2706.48, -289.87, "T", "SMD", "$1N3533", "", "R", 31.5, 31.5, 0, 90],
		[7, "LED3_1", 733.52, -805.14, "T", "SMD", "$1N5671", "", "R", 31.5, 31.5, 0, 90],
		[8, "LED3_2", 796.47, -804.87, "T", "SMD", "$1N5667", "", "R", 31.5, 31.5, 0, 90],
		[9, "LED4_1", 1478.52, -805.14, "T", "SMD", "$1N5762", "", "R", 31.5, 31.5, 0, 90],
		[10, "LED4_2", 1541.47, -804.87, "T", "SMD", "$1N5766", "", "R", 31.5, 31.5, 0, 90],
		[11, "LED5_1", 2128.53, -575.13, "T", "SMD", "$1N5855", "", "R", 31.5, 31.5, 0, 90],
		[12, "LED5_2", 2191.47, -574.87, "T", "SMD", "$1N5859", "", "R", 31.5, 31.5, 0, 90],
		[13, "R1_1", 3029.66, -665, "T", "SMD", "$1N1536", "", "R", 31.75, 34.02, 0, 180],
		[14, "R1_2", 2970.34, -665, "T", "SMD", "GND", "GND", "R", 31.75, 34.02, 0, 180],
		[15, "R2_1", 2840.34, -665, "T", "SMD", "GND", "GND", "R", 31.75, 34.02, 0, 0],
		[16, "R2_2", 2899.66, -665, "T", "SMD", "$1N1366", "", "R", 31.75, 34.02, 0, 0],
		[17, "R3_1", 2475.34, -290, "T", "SMD", "GND", "GND", "R", 31.75, 34.02, 0, 360],
		[18, "R3_2", 2534.66, -290, "T", "SMD", "$1N3624", "", "R", 31.75, 34.02, 0, 360],
		[19, "R4_1", 1700.34, -320, "T", "SMD", "$1N4312", "", "R", 31.75, 34.02, 0, 0],
		[20, "R4_2", 1759.66, -320, "T", "SMD", "+5V", "", "R", 31.75, 34.02, 0, 0],
		[21, "R5_1", 1707.87, -435.94, "T", "SMD", "+5V", "", "R", 31.75, 34.02, 0, 0],
		[22, "R5_2", 1767.19, -435.94, "T", "SMD", "$1N4362", "", "R", 31.75, 34.02, 0, 0],
		[23, "R6_1", 610, -895.34, "T", "SMD", "$1N5671", "", "R", 31.75, 34.02, 0, 270],
		[24, "R6_2", 610, -954.66, "T", "SMD", "GND", "GND", "R", 31.75, 34.02, 0, 270],
		[25, "R7_1", 1355, -895.34, "T", "SMD", "$1N5762", "", "R", 31.75, 34.02, 0, 270],
		[26, "R7_2", 1355, -954.66, "T", "SMD", "GND", "GND", "R", 31.75, 34.02, 0, 270],
		[27, "R8_1", 2065, -700.34, "T", "SMD", "$1N5855", "", "R", 31.75, 34.02, 0, 270],
		[28, "R8_2", 2065, -759.66, "T", "SMD", "GND", "GND", "R", 31.75, 34.02, 0, 270],
		[29, "U1_1", 395, -1034.15, "T", "SMD", "$1N5667", "", "O", 23.15, 80.51, 0, 0],
		[30, "U1_2", 445, -1034.15, "T", "SMD", "$1N4464", "", "O", 23.15, 80.51, 0, 0],
		[31, "U1_3", 495, -1034.15, "T", "SMD", "$1N3998", "", "O", 23.15, 80.51, 0, 0],
		[32, "U1_4", 545, -1034.15, "T", "SMD", "+5V", "", "O", 23.15, 80.51, 0, 0],
		[33, "U1_5", 545, -815.85, "T", "SMD", "U1_5", "", "O", 23.15, 80.51, 0, 0],
		[34, "U1_6", 495, -815.85, "T", "SMD", "U1_6", "", "O", 23.15, 80.51, 0, 0],
		[35, "U1_7", 445, -815.85, "T", "SMD", "U1_7", "", "O", 23.15, 80.51, 0, 0],
		[36, "U1_8", 395, -815.85, "T", "SMD", "GND", "GND", "O", 23.15, 80.51, 0, 0],
		[37, "U2_1", 1140, -1034.15, "T", "SMD", "$1N5766", "", "O", 23.15, 80.51, 0, 0],
		[38, "U2_2", 1190, -1034.15, "T", "SMD", "$1N4464", "", "O", 23.15, 80.51, 0, 0],
		[39, "U2_3", 1240, -1034.15, "T", "SMD", "$1N3991", "", "O", 23.15, 80.51, 0, 0],
		[40, "U2_4", 1290, -1034.15, "T", "SMD", "+5V", "", "O", 23.15, 80.51, 0, 0],
		[41, "U2_5", 1290, -815.85, "T", "SMD", "U2_5", "", "O", 23.15, 80.51, 0, 0],
		[42, "U2_6", 1240, -815.85, "T", "SMD", "U2_6", "", "O", 23.15, 80.51, 0, 0],
		[43, "U2_7", 1190, -815.85, "T", "SMD", "U2_7", "", "O", 23.15, 80.51, 0, 0],
		[44, "U2_8", 1140, -815.85, "T", "SMD", "GND", "GND", "O", 23.15, 80.51, 0, 0],
		[45, "U3_1", 1850, -839.15, "T", "SMD", "$1N5859", "", "O", 23.15, 80.51, 0, 0],
		[46, "U3_2", 1900, -839.15, "T", "SMD", "$1N4464", "", "O", 23.15, 80.51, 0, 0],
		[47, "U3_3", 1950, -839.15, "T", "SMD", "$1N4094", "", "O", 23.15, 80.51, 0, 0],
		[48, "U3_4", 2000, -839.15, "T", "SMD", "+5V", "", "O", 23.15, 80.51, 0, 0],
		[49, "U3_5", 2000, -620.85, "T", "SMD", "U3_5", "", "O", 23.15, 80.51, 0, 0],
		[50, "U3_6", 1950, -620.85, "T", "SMD", "U3_6", "", "O", 23.15, 80.51, 0, 0],
		[51, "U3_7", 1900, -620.85, "T", "SMD", "U3_7", "", "O", 23.15, 80.51, 0, 0],
		[52, "U3_8", 1850, -620.85, "T", "SMD", "GND", "GND", "O", 23.15, 80.51, 0, 0],
		[53, "USB1_1", 1427.8, -693.34, "T", "DIP", "+5V", "", "R", 60, 60, 36.22, 180],
		[54, "USB1_1", 1427.8, -693.34, "B", "DIP", "+5V", "", "R", 60, 60, 36.22, 180],
		[55, "USB1_2", 1329.37, -693.34, "T", "DIP", "$1N3984", "", "C", 60, 60, 36.22, 180],
		[56, "USB1_2", 1329.37, -693.34, "B", "DIP", "$1N3984", "", "C", 60, 60, 36.22, 180],
		[57, "USB1_3", 1250.63, -693.34, "T", "DIP", "$1N3991", "", "C", 60, 60, 36.22, 180],
		[58, "USB1_3", 1250.63, -693.34, "B", "DIP", "$1N3991", "", "C", 60, 60, 36.22, 180],
		[59, "USB1_4", 1152.21, -693.34, "T", "DIP", "GND", "GND", "C", 60, 60, 36.22, 180],
		[60, "USB1_4", 1152.21, -693.34, "B", "DIP", "GND", "GND", "C", 60, 60, 36.22, 180],
		[61, "USB1_5", 1014.41, -586.65, "T", "DIP", "GND", "GND", "C", 102.36, 102.36, 82.68, 180],
		[62, "USB1_5", 1014.41, -586.65, "B", "DIP", "GND", "GND", "C", 102.36, 102.36, 82.68, 180],
		[63, "USB1_6", 1565.59, -586.65, "T", "DIP", "GND", "GND", "C", 102.36, 102.36, 82.68, 180],
		[64, "USB1_6", 1565.59, -586.65, "B", "DIP", "GND", "GND", "C", 102.36, 102.36, 82.68, 180],
		[65, "USB2_1", 687.8, -693.34, "T", "DIP", "+5V", "", "R", 60, 60, 36.22, 180],
		[66, "USB2_1", 687.8, -693.34, "B", "DIP", "+5V", "", "R", 60, 60, 36.22, 180],
		[67, "USB2_2", 589.37, -693.34, "T", "DIP", "$1N4004", "", "C", 60, 60, 36.22, 180],
		[68, "USB2_2", 589.37, -693.34, "B", "DIP", "$1N4004", "", "C", 60, 60, 36.22, 180],
		[69, "USB2_3", 510.63, -693.34, "T", "DIP", "$1N3998", "", "C", 60, 60, 36.22, 180],
		[70, "USB2_3", 510.63, -693.34, "B", "DIP", "$1N3998", "", "C", 60, 60, 36.22, 180],
		[71, "USB2_4", 412.21, -693.34, "T", "DIP", "GND", "GND", "C", 60, 60, 36.22, 180],
		[72, "USB2_4", 412.21, -693.34, "B", "DIP", "GND", "GND", "C", 60, 60, 36.22, 180],
		[73, "USB2_5", 274.41, -586.65, "T", "DIP", "GND", "GND", "C", 102.36, 102.36, 82.68, 180],
		[74, "USB2_5", 274.41, -586.65, "B", "DIP", "GND", "GND", "C", 102.36, 102.36, 82.68, 180],
		[75, "USB2_6", 825.59, -586.65, "T", "DIP", "GND", "GND", "C", 102.36, 102.36, 82.68, 180],
		[76, "USB2_6", 825.59, -586.65, "B", "DIP", "GND", "GND", "C", 102.36, 102.36, 82.68, 180],
		[77, "USB_C_1_13", 2875.39, -607.92, "T", "DIP", "GND", "GND", "O", 33.47, 56.69, 42.52, 90],
		[78, "USB_C_1_13", 2875.39, -607.92, "B", "DIP", "GND", "GND", "O", 33.47, 56.69, 42.52, 90],
		[79, "USB_C_1_14", 2875.39, -222.09, "T", "DIP", "GND", "GND", "O", 33.47, 56.69, 42.52, 90],
		[80, "USB_C_1_14", 2875.39, -222.09, "B", "DIP", "GND", "GND", "O", 33.47, 56.69, 42.52, 90],
		[81, "USB_C_1_15", 2993.5, -607.92, "T", "DIP", "GND", "GND", "O", 33.47, 56.69, 42.52, 90],
		[82, "USB_C_1_15", 2993.5, -607.92, "B", "DIP", "GND", "GND", "O", 33.47, 56.69, 42.52, 90],
		[83, "USB_C_1_16", 2993.5, -222.09, "T", "DIP", "GND", "GND", "O", 33.47, 56.69, 42.52, 90],
		[84, "USB_C_1_16", 2993.5, -222.09, "B", "DIP", "GND", "GND", "O", 33.47, 56.69, 42.52, 90],
		[85, "USB_C_1_A1B12", 2806.5, -540.99, "T", "SMD", "GND", "GND", "R", 24.02, 51.18, 0, 90],
		[86, "USB_C_1_A4B9", 2806.5, -509.49, "T", "SMD", "+5V", "", "R", 24.02, 51.18, 0, 90],
		[87, "USB_C_1_A5", 2806.5, -464.22, "T", "SMD", "$1N1536", "", "R", 12.6, 51.18, 0, 90],
		[88, "USB_C_1_A6", 2806.5, -424.85, "T", "SMD", "$1N2819", "", "R", 12.6, 51.18, 0, 90],
		[89, "USB_C_1_A7", 2806.5, -405.16, "T", "SMD", "$1N2869", "", "R", 12.6, 51.18, 0, 90],
		[90, "USB_C_1_A8", 2806.5, -365.79, "T", "SMD", "USB_C_1_A8", "", "R", 12.6, 51.18, 0, 90],
		[91, "USB_C_1_B1A12", 2806.5, -289.01, "T", "SMD", "GND", "GND", "R", 24.02, 51.18, 0, 90],
		[92, "USB_C_1_B4A9", 2806.5, -320.52, "T", "SMD", "+5V", "", "R", 24.02, 51.18, 0, 90],
		[93, "USB_C_1_B5", 2806.5, -346.11, "T", "SMD", "$1N1366", "", "R", 12.6, 51.18, 0, 90],
		[94, "USB_C_1_B6", 2806.5, -385.48, "T", "SMD", "$1N2819", "", "R", 12.6, 51.18, 0, 90],
		[95, "USB_C_1_B7", 2806.5, -444.52, "T", "SMD", "$1N2869", "", "R", 12.6, 51.18, 0, 90],
		[96, "USB_C_1_B8", 2806.5, -483.89, "T", "SMD", "USB_C_1_B8", "", "R", 12.6, 51.18, 0, 90],
		[97, "USB_C_2_13", 2207.92, -434.61, "T", "DIP", "GND", "GND", "O", 33.47, 56.69, 42.52, 180],
		[98, "USB_C_2_13", 2207.92, -434.61, "B", "DIP", "GND", "GND", "O", 33.47, 56.69, 42.52, 180],
		[99, "USB_C_2_14", 1822.08, -434.61, "T", "DIP", "GND", "GND", "O", 33.47, 56.69, 42.52, 180],
		[100, "USB_C_2_14", 1822.08, -434.61, "B", "DIP", "GND", "GND", "O", 33.47, 56.69, 42.52, 180],
		[101, "USB_C_2_15", 2207.92, -316.5, "T", "DIP", "GND", "GND", "O", 33.47, 56.69, 42.52, 180],
		[102, "USB_C_2_15", 2207.92, -316.5, "B", "DIP", "GND", "GND", "O", 33.47, 56.69, 42.52, 180],
		[103, "USB_C_2_16", 1822.08, -316.5, "T", "DIP", "GND", "GND", "O", 33.47, 56.69, 42.52, 180],
		[104, "USB_C_2_16", 1822.08, -316.5, "B", "DIP", "GND", "GND", "O", 33.47, 56.69, 42.52, 180],
		[105, "USB_C_2_A1B12", 2140.99, -503.5, "T", "SMD", "GND", "GND", "R", 24.02, 51.18, 0, 180],
		[106, "USB_C_2_A4B9", 2109.49, -503.5, "T", "SMD", "+5V", "", "R", 24.02, 51.18, 0, 180],
		[107, "USB_C_2_A5", 2064.22, -503.5, "T", "SMD", "$1N4312", "", "R", 12.6, 51.18, 0, 180],
		[108, "USB_C_2_A6", 2024.85, -503.5, "T", "SMD", "$1N4089", "", "R", 12.6, 51.18, 0, 180],
		[109, "USB_C_2_A7", 2005.16, -503.5, "T", "SMD", "$1N4094", "", "R", 12.6, 51.18, 0, 180],
		[110, "USB_C_2_A8", 1965.78, -503.5, "T", "SMD", "USB_C_2_A8", "", "R", 12.6, 51.18, 0, 180],
		[111, "USB_C_2_B1A12", 1889.01, -503.5, "T", "SMD", "GND", "GND", "R", 24.02, 51.18, 0, 180],
		[112, "USB_C_2_B4A9", 1920.52, -503.5, "T", "SMD", "+5V", "", "R", 24.02, 51.18, 0, 180],
		[113, "USB_C_2_B5", 1946.11, -503.5, "T", "SMD", "$1N4362", "", "R", 12.6, 51.18, 0, 180],
		[114, "USB_C_2_B6", 1985.48, -503.5, "T", "SMD", "$1N4089", "", "R", 12.6, 51.18, 0, 180],
		[115, "USB_C_2_B7", 2044.52, -503.5, "T", "SMD", "$1N4094", "", "R", 12.6, 51.18, 0, 180],
		[116, "USB_C_2_B8", 2083.89, -503.5, "T", "SMD", "USB_C_2_B8", "", "R", 12.6, 51.18, 0, 180],
		[117, "USB_Hub_Controller_1", 2330, -673.09, "T", "SMD", "USB_Hub_Controller_1", "", "O", 22.05, 68.7, 0, 0],
		[118, "USB_Hub_Controller_2", 2380, -673.09, "T", "SMD", "USB_Hub_Controller_2", "", "O", 22.05, 68.7, 0, 0],
		[119, "USB_Hub_Controller_3", 2430, -673.09, "T", "SMD", "$1N4094", "", "O", 22.05, 68.7, 0, 0],
		[120, "USB_Hub_Controller_4", 2480, -673.09, "T", "SMD", "$1N4089", "", "O", 22.05, 68.7, 0, 0],
		[121, "USB_Hub_Controller_5", 2530, -673.09, "T", "SMD", "$1N3984", "", "O", 22.05, 68.7, 0, 0],
		[122, "USB_Hub_Controller_6", 2580, -673.09, "T", "SMD", "$1N3991", "", "O", 22.05, 68.7, 0, 0],
		[123, "USB_Hub_Controller_7", 2630, -673.09, "T", "SMD", "$1N4004", "", "O", 22.05, 68.7, 0, 0],
		[124, "USB_Hub_Controller_8", 2680, -673.09, "T", "SMD", "$1N3998", "", "O", 22.05, 68.7, 0, 0],
		[125, "USB_Hub_Controller_9", 2680, -446.91, "T", "SMD", "$1N2869", "", "O", 22.05, 68.7, 0, 0],
		[126, "USB_Hub_Controller_10", 2630, -446.91, "T", "SMD", "$1N2819", "", "O", 22.05, 68.7, 0, 0],
		[127, "USB_Hub_Controller_11", 2580, -446.91, "T", "SMD", "+5V", "", "O", 22.05, 68.7, 0, 0],
		[128, "USB_Hub_Controller_12", 2530, -446.91, "T", "SMD", "GND", "GND", "O", 22.05, 68.7, 0, 0],
		[129, "USB_Hub_Controller_13", 2480, -446.91, "T", "SMD", "$1N3533", "", "O", 22.05, 68.7, 0, 0],
		[130, "USB_Hub_Controller_14", 2430, -446.91, "T", "SMD", "$1N4464", "", "O", 22.05, 68.7, 0, 0],
		[131, "USB_Hub_Controller_15", 2380, -446.91, "T", "SMD", "USB_Hub_Controller_15", "", "O", 22.05, 68.7, 0, 0],
		[132, "USB_Hub_Controller_16", 2330, -446.91, "T", "SMD", "GND", "GND", "O", 22.05, 68.7, 0, 0]
	]
}
}