Designator,Footprint,Quantity,Value,LCSC Part #
"C1, C2, C3, C4, C9",0603,5,100n,
"C10, C11",0603,2,10p,
"C12, C13",0805,2,22u,
C5,0603,1,10u,
C6,0603,1,10n,
"C7, C8",0603,2,1u,
D1,0603,1,RED,
FB1,0603,1,120R,
J1,USB_C_Receptacle_HRO_TYPE-C-31-M-12,1,USB_C_Receptacle_USB2.0,
"J2, J3, J4, J5",PinHeader_1x04_P2.54mm_Vertical,4,Conn_01x04_Pin,
J6,PinHeader_1x02_P2.00mm_Vertical,1,Conn_01x02_Pin,
J8,JST_SH_SM04B-SRSS-TB_1x04-1MP_P1.00mm_Horizontal,1,Conn_01x04_MountingPin,
"R1, R11",0603,2,10K,
"R10, R9",0603,2,20R,
R12,0603,1,4.7K,
"R2, R4",0603,2,5k1,
"R3, R5, R6, R7, R8",0603,5,1K5,
SW1,SW_SPDT_PCM12,1,SW_SPDT,
U1,LQFP-48_7x7mm_P0.5mm,1,STM32F103C8T6,
U2,SOT-223-3_TabPin2,1,AMS1117-3.3,
Y1,Crystal_SMD_3225-4Pin_3.2x2.5mm,1,16MHz,
