"Id";"Designator";"Footprint";"Quantity";"Designation";"Supplier and ref";
1;"C1";"C_0805_2012Metric_Pad1.18x1.45mm_HandSolder";1;"470p";;;
2;"U1";"Nordic_AQFN-73-1EP_7x7mm_P0.5mm";1;"nRF52840";;;
3;"R7";"R_0805_2012Metric_Pad1.20x1.40mm_HandSolder";1;"47k";;;
4;"L1";"L_1008_2520Metric_Pad1.43x2.20mm_HandSolder";1;"4.7u";;;
5;"C3,C2";"C_0805_2012Metric_Pad1.18x1.45mm_HandSolder";2;"10u";;;
6;"D1";"TO-39-2";1;"D_Schottky";;;
7;"R6";"R_0805_2012Metric_Pad1.20x1.40mm_HandSolder";1;"10k";;;
8;"R2,R1";"R_0805_2012Metric_Pad1.20x1.40mm_HandSolder";2;"4.7k";;;
9;"R4";"R_0805_2012Metric_Pad1.20x1.40mm_HandSolder";1;"330k";;;
10;"R3";"R_0805_2012Metric_Pad1.20x1.40mm_HandSolder";1;"1M";;;
11;"BT1";"BatteryHolder_Keystone_1058_1x2032";1;"Battery_Cell";;;
12;"U4";"Texas_RWU0007A_VQFN-7_2x2mm_P0.5mm";1;"TPS61022";;;
13;"U2";"Maxim_OLGA-14_3.3x5.6mm_P0.8mm";1;"MAX30102";;;
14;"R5";"R_0805_2012Metric_Pad1.20x1.40mm_HandSolder";1;"100k";;;
15;"J1";"USB_A_Molex_67643_Horizontal";1;"USB_B";;;
16;"M1";"TO254P912H435-4";1;"~";;;
17;"R8";"R_0805_2012Metric_Pad1.20x1.40mm_HandSolder";1;"220k";;;
18;"U3";"InvenSense_QFN-24_4x4mm_P0.5mm";1;"MPU-6050";;;
